2026-03-25 15:00:23 0 [Note] Starting MariaDB 10.4.32-MariaDB source revision c4143f909528e3fab0677a28631d10389354c491 as process 2916
2026-03-25 15:00:23 0 [Note] InnoDB: Mutexes and rw_locks use Windows interlocked functions
2026-03-25 15:00:23 0 [Note] InnoDB: Uses event mutexes
2026-03-25 15:00:23 0 [Note] InnoDB: Compressed tables use zlib 1.3
2026-03-25 15:00:23 0 [Note] InnoDB: Number of pools: 1
2026-03-25 15:00:23 0 [Note] InnoDB: Using SSE2 crc32 instructions
2026-03-25 15:00:23 0 [Note] InnoDB: Initializing buffer pool, total size = 16M, instances = 1, chunk size = 16M
2026-03-25 15:00:23 0 [Note] InnoDB: Completed initialization of buffer pool
2026-03-25 15:00:23 0 [Note] InnoDB: Starting crash recovery from checkpoint LSN=300288
2026-03-25 15:00:23 0 [Warning] InnoDB: Are you sure you are using the right ib_logfiles to start up the database? Log sequence number in the ib_logfiles is 300288, less than the log sequence number in the first system tablespace file header, 1651414.
2026-03-25 15:00:23 0 [Warning] InnoDB: Ignoring a doublewrite copy of page [page id: space=0, page number=292] with future log sequence number 1117093
2026-03-25 15:00:23 0 [Warning] InnoDB: Ignoring a doublewrite copy of page [page id: space=0, page number=427] with future log sequence number 1117093
2026-03-25 15:00:23 0 [Warning] InnoDB: Ignoring a doublewrite copy of page [page id: space=0, page number=291] with future log sequence number 1117049
2026-03-25 15:00:23 0 [Warning] InnoDB: Ignoring a doublewrite copy of page [page id: space=0, page number=426] with future log sequence number 1117049
2026-03-25 15:00:23 0 [Warning] InnoDB: Ignoring a doublewrite copy of page [page id: space=0, page number=408] with future log sequence number 1117049
2026-03-25 15:00:23 0 [Warning] InnoDB: Ignoring a doublewrite copy of page [page id: space=0, page number=290] with future log sequence number 1116942
2026-03-25 15:00:23 0 [Warning] InnoDB: Ignoring a doublewrite copy of page [page id: space=0, page number=425] with future log sequence number 1116942
2026-03-25 15:00:23 0 [Warning] InnoDB: Ignoring a doublewrite copy of page [page id: space=0, page number=289] with future log sequence number 1116898
2026-03-25 15:00:23 0 [Warning] InnoDB: Ignoring a doublewrite copy of page [page id: space=0, page number=424] with future log sequence number 1116898
2026-03-25 15:00:23 0 [Warning] InnoDB: Ignoring a doublewrite copy of page [page id: space=0, page number=288] with future log sequence number 1116854
2026-03-25 15:00:23 0 [Warning] InnoDB: Ignoring a doublewrite copy of page [page id: space=0, page number=423] with future log sequence number 1116854
2026-03-25 15:00:23 0 [Warning] InnoDB: Ignoring a doublewrite copy of page [page id: space=0, page number=287] with future log sequence number 1116810
2026-03-25 15:00:23 0 [Warning] InnoDB: Ignoring a doublewrite copy of page [page id: space=0, page number=422] with future log sequence number 1116810
2026-03-25 15:00:23 0 [Warning] InnoDB: Ignoring a doublewrite copy of page [page id: space=0, page number=286] with future log sequence number 1116766
2026-03-25 15:00:23 0 [Warning] InnoDB: Ignoring a doublewrite copy of page [page id: space=0, page number=421] with future log sequence number 1116766
2026-03-25 15:00:23 0 [Warning] InnoDB: Ignoring a doublewrite copy of page [page id: space=0, page number=285] with future log sequence number 1116722
2026-03-25 15:00:23 0 [Warning] InnoDB: Ignoring a doublewrite copy of page [page id: space=0, page number=420] with future log sequence number 1116722
2026-03-25 15:00:23 0 [Warning] InnoDB: Ignoring a doublewrite copy of page [page id: space=0, page number=284] with future log sequence number 1116662
2026-03-25 15:00:23 0 [Warning] InnoDB: Ignoring a doublewrite copy of page [page id: space=0, page number=419] with future log sequence number 1116662
2026-03-25 15:00:23 0 [Warning] InnoDB: Ignoring a doublewrite copy of page [page id: space=0, page number=300] with future log sequence number 674742
2026-03-25 15:00:23 0 [Warning] InnoDB: Ignoring a doublewrite copy of page [page id: space=0, page number=435] with future log sequence number 674742
2026-03-25 15:00:23 0 [Warning] InnoDB: Ignoring a doublewrite copy of page [page id: space=0, page number=299] with future log sequence number 674698
2026-03-25 15:00:23 0 [Warning] InnoDB: Ignoring a doublewrite copy of page [page id: space=0, page number=434] with future log sequence number 674698
2026-03-25 15:00:23 0 [Warning] InnoDB: Ignoring a doublewrite copy of page [page id: space=0, page number=298] with future log sequence number 674654
2026-03-25 15:00:23 0 [Warning] InnoDB: Ignoring a doublewrite copy of page [page id: space=0, page number=433] with future log sequence number 674654
2026-03-25 15:00:23 0 [Warning] InnoDB: Ignoring a doublewrite copy of page [page id: space=0, page number=297] with future log sequence number 674610
2026-03-25 15:00:23 0 [Warning] InnoDB: Ignoring a doublewrite copy of page [page id: space=0, page number=432] with future log sequence number 674610
2026-03-25 15:00:23 0 [Warning] InnoDB: Ignoring a doublewrite copy of page [page id: space=0, page number=296] with future log sequence number 674503
2026-03-25 15:00:23 0 [Warning] InnoDB: Ignoring a doublewrite copy of page [page id: space=0, page number=431] with future log sequence number 674503
2026-03-25 15:00:23 0 [Warning] InnoDB: Ignoring a doublewrite copy of page [page id: space=0, page number=295] with future log sequence number 674459
2026-03-25 15:00:23 0 [Warning] InnoDB: Ignoring a doublewrite copy of page [page id: space=0, page number=430] with future log sequence number 674459
2026-03-25 15:00:23 0 [Warning] InnoDB: Ignoring a doublewrite copy of page [page id: space=0, page number=294] with future log sequence number 674415
2026-03-25 15:00:23 0 [Warning] InnoDB: Ignoring a doublewrite copy of page [page id: space=0, page number=429] with future log sequence number 674415
2026-03-25 15:00:23 0 [Warning] InnoDB: Ignoring a doublewrite copy of page [page id: space=0, page number=293] with future log sequence number 674371
2026-03-25 15:00:23 0 [Warning] InnoDB: Ignoring a doublewrite copy of page [page id: space=0, page number=222] with future log sequence number 1305314
2026-03-25 15:00:23 0 [Warning] InnoDB: Ignoring a doublewrite copy of page [page id: space=0, page number=359] with future log sequence number 1305314
2026-03-25 15:00:23 0 [Warning] InnoDB: Ignoring a doublewrite copy of page [page id: space=0, page number=221] with future log sequence number 1305043
2026-03-25 15:00:23 0 [Warning] InnoDB: Ignoring a doublewrite copy of page [page id: space=0, page number=358] with future log sequence number 1305043
2026-03-25 15:00:23 0 [Warning] InnoDB: Ignoring a doublewrite copy of page [page id: space=0, page number=220] with future log sequence number 1304788
2026-03-25 15:00:23 0 [Warning] InnoDB: Ignoring a doublewrite copy of page [page id: space=0, page number=402] with future log sequence number 1304788
2026-03-25 15:00:23 0 [Warning] InnoDB: Ignoring a doublewrite copy of page [page id: space=0, page number=215] with future log sequence number 1304383
2026-03-25 15:00:23 0 [Warning] InnoDB: Ignoring a doublewrite copy of page [page id: space=0, page number=315] with future log sequence number 1304383
2026-03-25 15:00:23 0 [Warning] InnoDB: Ignoring a doublewrite copy of page [page id: space=0, page number=214] with future log sequence number 1304339
2026-03-25 15:00:23 0 [Warning] InnoDB: Ignoring a doublewrite copy of page [page id: space=0, page number=326] with future log sequence number 1304339
2026-03-25 15:00:23 0 [Warning] InnoDB: Ignoring a doublewrite copy of page [page id: space=0, page number=213] with future log sequence number 1304295
2026-03-25 15:00:23 0 [Warning] InnoDB: Ignoring a doublewrite copy of page [page id: space=0, page number=350] with future log sequence number 1304295
2026-03-25 15:00:23 0 [Warning] InnoDB: Ignoring a doublewrite copy of page [page id: space=0, page number=212] with future log sequence number 1304251
2026-03-25 15:00:23 0 [Warning] InnoDB: Ignoring a doublewrite copy of page [page id: space=0, page number=349] with future log sequence number 1304251
2026-03-25 15:00:23 0 [Warning] InnoDB: Ignoring a doublewrite copy of page [page id: space=0, page number=211] with future log sequence number 1304207
2026-03-25 15:00:23 0 [Warning] InnoDB: Ignoring a doublewrite copy of page [page id: space=0, page number=325] with future log sequence number 1304207
2026-03-25 15:00:23 0 [Warning] InnoDB: Ignoring a doublewrite copy of page [page id: space=0, page number=210] with future log sequence number 1304163
2026-03-25 15:00:23 0 [Warning] InnoDB: Ignoring a doublewrite copy of page [page id: space=0, page number=353] with future log sequence number 1304163
2026-03-25 15:00:23 0 [Warning] InnoDB: Ignoring a doublewrite copy of page [page id: space=0, page number=209] with future log sequence number 1304119
2026-03-25 15:00:23 0 [Warning] InnoDB: Ignoring a doublewrite copy of page [page id: space=0, page number=336] with future log sequence number 1304119
2026-03-25 15:00:23 0 [Warning] InnoDB: Ignoring a doublewrite copy of page [page id: space=0, page number=208] with future log sequence number 1304059
2026-03-25 15:00:23 0 [Warning] InnoDB: Ignoring a doublewrite copy of page [page id: space=0, page number=345] with future log sequence number 1304059
2026-03-25 15:00:23 0 [Warning] InnoDB: Ignoring a doublewrite copy of page [page id: space=0, page number=207] with future log sequence number 1304015
2026-03-25 15:00:23 0 [Warning] InnoDB: Ignoring a doublewrite copy of page [page id: space=0, page number=347] with future log sequence number 1304015
2026-03-25 15:00:23 0 [Warning] InnoDB: Ignoring a doublewrite copy of page [page id: space=0, page number=206] with future log sequence number 1303971
2026-03-25 15:00:23 0 [Warning] InnoDB: Ignoring a doublewrite copy of page [page id: space=0, page number=343] with future log sequence number 1303971
2026-03-25 15:00:23 0 [Warning] InnoDB: Ignoring a doublewrite copy of page [page id: space=0, page number=205] with future log sequence number 1303927
2026-03-25 15:00:23 0 [Warning] InnoDB: Ignoring a doublewrite copy of page [page id: space=0, page number=342] with future log sequence number 1303927
2026-03-25 15:00:23 0 [Warning] InnoDB: Ignoring a doublewrite copy of page [page id: space=0, page number=204] with future log sequence number 1303883
2026-03-25 15:00:23 0 [Warning] InnoDB: Ignoring a doublewrite copy of page [page id: space=0, page number=341] with future log sequence number 1303883
2026-03-25 15:00:23 0 [Warning] InnoDB: Ignoring a doublewrite copy of page [page id: space=0, page number=203] with future log sequence number 1303839
2026-03-25 15:00:23 0 [Warning] InnoDB: Ignoring a doublewrite copy of page [page id: space=0, page number=438] with future log sequence number 1303839
2026-03-25 15:00:23 0 [Warning] InnoDB: Ignoring a doublewrite copy of page [page id: space=0, page number=202] with future log sequence number 1303795
2026-03-25 15:00:23 0 [Warning] InnoDB: Ignoring a doublewrite copy of page [page id: space=0, page number=372] with future log sequence number 1303795
2026-03-25 15:00:23 0 [Warning] InnoDB: Ignoring a doublewrite copy of page [page id: space=0, page number=201] with future log sequence number 1303751
2026-03-25 15:00:23 0 [Warning] InnoDB: Ignoring a doublewrite copy of page [page id: space=0, page number=309] with future log sequence number 1303751
2026-03-25 15:00:23 0 [Warning] InnoDB: Ignoring a doublewrite copy of page [page id: space=0, page number=200] with future log sequence number 1303707
2026-03-25 15:00:23 0 [Warning] InnoDB: Ignoring a doublewrite copy of page [page id: space=0, page number=321] with future log sequence number 1303707
2026-03-25 15:00:23 0 [Warning] InnoDB: Ignoring a doublewrite copy of page [page id: space=0, page number=199] with future log sequence number 1303663
2026-03-25 15:00:23 0 [Warning] InnoDB: Ignoring a doublewrite copy of page [page id: space=0, page number=375] with future log sequence number 1303663
2026-03-25 15:00:23 0 [Warning] InnoDB: Ignoring a doublewrite copy of page [page id: space=0, page number=198] with future log sequence number 1303619
2026-03-25 15:00:23 0 [Warning] InnoDB: Ignoring a doublewrite copy of page [page id: space=0, page number=335] with future log sequence number 1303619
2026-03-25 15:00:23 0 [Warning] InnoDB: Ignoring a doublewrite copy of page [page id: space=0, page number=197] with future log sequence number 1303575
2026-03-25 15:00:23 0 [Warning] InnoDB: Ignoring a doublewrite copy of page [page id: space=0, page number=394] with future log sequence number 1303575
2026-03-25 15:00:23 0 [Warning] InnoDB: Ignoring a doublewrite copy of page [page id: space=0, page number=244] with future log sequence number 1315034
2026-03-25 15:00:23 0 [Warning] InnoDB: Ignoring a doublewrite copy of page [page id: space=0, page number=378] with future log sequence number 1315034
2026-03-25 15:00:23 0 [Warning] InnoDB: Ignoring a doublewrite copy of page [page id: space=0, page number=242] with future log sequence number 1314990
2026-03-25 15:00:23 0 [Warning] InnoDB: Ignoring a doublewrite copy of page [page id: space=0, page number=392] with future log sequence number 1314990
2026-03-25 15:00:23 0 [Warning] InnoDB: Ignoring a doublewrite copy of page [page id: space=0, page number=237] with future log sequence number 1314946
2026-03-25 15:00:23 0 [Warning] InnoDB: Ignoring a doublewrite copy of page [page id: space=0, page number=376] with future log sequence number 1314946
2026-03-25 15:00:23 0 [Warning] InnoDB: Ignoring a doublewrite copy of page [page id: space=0, page number=322] with future log sequence number 1314946
2026-03-25 15:00:23 0 [Warning] InnoDB: Ignoring a doublewrite copy of page [page id: space=0, page number=236] with future log sequence number 1314840
2026-03-25 15:00:23 0 [Warning] InnoDB: Ignoring a doublewrite copy of page [page id: space=0, page number=389] with future log sequence number 1314840
2026-03-25 15:00:23 0 [Warning] InnoDB: Ignoring a doublewrite copy of page [page id: space=0, page number=274] with future log sequence number 1649281
2026-03-25 15:00:23 0 [Warning] InnoDB: Ignoring a doublewrite copy of page [page id: space=0, page number=409] with future log sequence number 1649281
2026-03-25 15:00:23 0 [Warning] InnoDB: Ignoring a doublewrite copy of page [page id: space=0, page number=273] with future log sequence number 1649237
2026-03-25 15:00:23 0 [Warning] InnoDB: Ignoring a doublewrite copy of page [page id: space=0, page number=334] with future log sequence number 1649237
2026-03-25 15:00:23 0 [Warning] InnoDB: Ignoring a doublewrite copy of page [page id: space=0, page number=272] with future log sequence number 1649193
2026-03-25 15:00:23 0 [Warning] InnoDB: Ignoring a doublewrite copy of page [page id: space=0, page number=406] with future log sequence number 1649193
2026-03-25 15:00:23 0 [Warning] InnoDB: Ignoring a doublewrite copy of page [page id: space=0, page number=271] with future log sequence number 1649133
2026-03-25 15:00:23 0 [Warning] InnoDB: Ignoring a doublewrite copy of page [page id: space=0, page number=317] with future log sequence number 1649133
2026-03-25 15:00:23 0 [Warning] InnoDB: Ignoring a doublewrite copy of page [page id: space=53, page number=212] with future log sequence number 1651263
2026-03-25 15:00:23 0 [Warning] InnoDB: Ignoring a doublewrite copy of page [page id: space=53, page number=211] with future log sequence number 1651231
2026-03-25 15:00:23 0 [Warning] InnoDB: Ignoring a doublewrite copy of page [page id: space=53, page number=210] with future log sequence number 1651186
2026-03-25 15:00:23 0 [Warning] InnoDB: Ignoring a doublewrite copy of page [page id: space=53, page number=209] with future log sequence number 1651157
2026-03-25 15:00:23 0 [Warning] InnoDB: Ignoring a doublewrite copy of page [page id: space=53, page number=208] with future log sequence number 1651128
2026-03-25 15:00:23 0 [Warning] InnoDB: Ignoring a doublewrite copy of page [page id: space=53, page number=207] with future log sequence number 1651099
2026-03-25 15:00:23 0 [Warning] InnoDB: Ignoring a doublewrite copy of page [page id: space=53, page number=206] with future log sequence number 1651070
2026-03-25 15:00:23 0 [Warning] InnoDB: Ignoring a doublewrite copy of page [page id: space=53, page number=205] with future log sequence number 1651041
2026-03-25 15:00:23 0 [Warning] InnoDB: Ignoring a doublewrite copy of page [page id: space=53, page number=204] with future log sequence number 1651012
2026-03-25 15:00:23 0 [Warning] InnoDB: Ignoring a doublewrite copy of page [page id: space=53, page number=203] with future log sequence number 1650983
2026-03-25 15:00:23 0 [Warning] InnoDB: Ignoring a doublewrite copy of page [page id: space=53, page number=202] with future log sequence number 1650954
2026-03-25 15:00:23 0 [Warning] InnoDB: Ignoring a doublewrite copy of page [page id: space=53, page number=201] with future log sequence number 1650925
2026-03-25 15:00:23 0 [Warning] InnoDB: Ignoring a doublewrite copy of page [page id: space=53, page number=200] with future log sequence number 1650896
2026-03-25 15:00:23 0 [Warning] InnoDB: Ignoring a doublewrite copy of page [page id: space=53, page number=199] with future log sequence number 1650867
2026-03-25 15:00:23 0 [Warning] InnoDB: Ignoring a doublewrite copy of page [page id: space=53, page number=198] with future log sequence number 1650838
2026-03-25 15:00:23 0 [Warning] InnoDB: Ignoring a doublewrite copy of page [page id: space=53, page number=197] with future log sequence number 1650809
2026-03-25 15:00:23 0 [Warning] InnoDB: Ignoring a doublewrite copy of page [page id: space=53, page number=196] with future log sequence number 1650780
2026-03-25 15:00:23 0 [Warning] InnoDB: Ignoring a doublewrite copy of page [page id: space=53, page number=195] with future log sequence number 1650751
2026-03-25 15:00:23 0 [Warning] InnoDB: Ignoring a doublewrite copy of page [page id: space=53, page number=194] with future log sequence number 1650722
2026-03-25 15:00:23 0 [Warning] InnoDB: Ignoring a doublewrite copy of page [page id: space=53, page number=2] with future log sequence number 1651263
2026-03-25 15:00:23 0 [Warning] InnoDB: Ignoring a doublewrite copy of page [page id: space=0, page number=61] with future log sequence number 1650677
2026-03-25 15:00:23 0 [Warning] InnoDB: Ignoring a doublewrite copy of page [page id: space=53, page number=3] with future log sequence number 1651283
2026-03-25 15:00:23 0 [Warning] InnoDB: Ignoring a doublewrite copy of page [page id: space=0, page number=346] with future log sequence number 1651263
2026-03-25 15:00:23 0 [ERROR] InnoDB: Page [page id: space=0, page number=7] log sequence number 1078060 is in the future! Current system log sequence number 300306.
2026-03-25 15:00:23 0 [ERROR] InnoDB: Your database may be corrupt or you may have copied the InnoDB tablespace but not the InnoDB log files. Please refer to https://mariadb.com/kb/en/library/innodb-recovery-modes/ for information about forcing recovery.
2026-03-25 15:00:23 0 [ERROR] InnoDB: Page [page id: space=0, page number=2] log sequence number 862100 is in the future! Current system log sequence number 300306.
2026-03-25 15:00:23 0 [ERROR] InnoDB: Your database may be corrupt or you may have copied the InnoDB tablespace but not the InnoDB log files. Please refer to https://mariadb.com/kb/en/library/innodb-recovery-modes/ for information about forcing recovery.
2026-03-25 15:00:23 0 [ERROR] InnoDB: Page [page id: space=0, page number=11] log sequence number 1151164 is in the future! Current system log sequence number 300306.
2026-03-25 15:00:23 0 [ERROR] InnoDB: Your database may be corrupt or you may have copied the InnoDB tablespace but not the InnoDB log files. Please refer to https://mariadb.com/kb/en/library/innodb-recovery-modes/ for information about forcing recovery.
2026-03-25 15:00:23 0 [ERROR] InnoDB: Page [page id: space=0, page number=6] log sequence number 1280363 is in the future! Current system log sequence number 300306.
2026-03-25 15:00:23 0 [ERROR] InnoDB: Your database may be corrupt or you may have copied the InnoDB tablespace but not the InnoDB log files. Please refer to https://mariadb.com/kb/en/library/innodb-recovery-modes/ for information about forcing recovery.
2026-03-25 15:00:23 0 [ERROR] InnoDB: Page [page id: space=0, page number=382] log sequence number 1280363 is in the future! Current system log sequence number 300306.
2026-03-25 15:00:23 0 [ERROR] InnoDB: Your database may be corrupt or you may have copied the InnoDB tablespace but not the InnoDB log files. Please refer to https://mariadb.com/kb/en/library/innodb-recovery-modes/ for information about forcing recovery.
2026-03-25 15:00:23 0 [ERROR] InnoDB: Page [page id: space=0, page number=45] log sequence number 1280402 is in the future! Current system log sequence number 300306.
2026-03-25 15:00:23 0 [ERROR] InnoDB: Your database may be corrupt or you may have copied the InnoDB tablespace but not the InnoDB log files. Please refer to https://mariadb.com/kb/en/library/innodb-recovery-modes/ for information about forcing recovery.
2026-03-25 15:00:23 0 [ERROR] InnoDB: Page [page id: space=0, page number=306] log sequence number 1280402 is in the future! Current system log sequence number 300306.
2026-03-25 15:00:23 0 [ERROR] InnoDB: Your database may be corrupt or you may have copied the InnoDB tablespace but not the InnoDB log files. Please refer to https://mariadb.com/kb/en/library/innodb-recovery-modes/ for information about forcing recovery.
2026-03-25 15:00:23 0 [ERROR] InnoDB: Page [page id: space=0, page number=46] log sequence number 1280441 is in the future! Current system log sequence number 300306.
2026-03-25 15:00:23 0 [ERROR] InnoDB: Your database may be corrupt or you may have copied the InnoDB tablespace but not the InnoDB log files. Please refer to https://mariadb.com/kb/en/library/innodb-recovery-modes/ for information about forcing recovery.
2026-03-25 15:00:23 0 [ERROR] InnoDB: Page [page id: space=0, page number=340] log sequence number 1280441 is in the future! Current system log sequence number 300306.
2026-03-25 15:00:23 0 [ERROR] InnoDB: Your database may be corrupt or you may have copied the InnoDB tablespace but not the InnoDB log files. Please refer to https://mariadb.com/kb/en/library/innodb-recovery-modes/ for information about forcing recovery.
2026-03-25 15:00:23 0 [ERROR] InnoDB: Page [page id: space=0, page number=47] log sequence number 1280480 is in the future! Current system log sequence number 300306.
2026-03-25 15:00:23 0 [ERROR] InnoDB: Your database may be corrupt or you may have copied the InnoDB tablespace but not the InnoDB log files. Please refer to https://mariadb.com/kb/en/library/innodb-recovery-modes/ for information about forcing recovery.
2026-03-25 15:00:23 0 [ERROR] InnoDB: Page [page id: space=0, page number=311] log sequence number 1280480 is in the future! Current system log sequence number 300306.
2026-03-25 15:00:23 0 [ERROR] InnoDB: Your database may be corrupt or you may have copied the InnoDB tablespace but not the InnoDB log files. Please refer to https://mariadb.com/kb/en/library/innodb-recovery-modes/ for information about forcing recovery.
2026-03-25 15:00:23 0 [ERROR] InnoDB: Page [page id: space=0, page number=48] log sequence number 1280535 is in the future! Current system log sequence number 300306.
2026-03-25 15:00:23 0 [ERROR] InnoDB: Your database may be corrupt or you may have copied the InnoDB tablespace but not the InnoDB log files. Please refer to https://mariadb.com/kb/en/library/innodb-recovery-modes/ for information about forcing recovery.
2026-03-25 15:00:23 0 [ERROR] InnoDB: Page [page id: space=0, page number=312] log sequence number 1280535 is in the future! Current system log sequence number 300306.
2026-03-25 15:00:23 0 [ERROR] InnoDB: Your database may be corrupt or you may have copied the InnoDB tablespace but not the InnoDB log files. Please refer to https://mariadb.com/kb/en/library/innodb-recovery-modes/ for information about forcing recovery.
2026-03-25 15:00:23 0 [ERROR] InnoDB: Page [page id: space=0, page number=49] log sequence number 1280574 is in the future! Current system log sequence number 300306.
2026-03-25 15:00:23 0 [ERROR] InnoDB: Your database may be corrupt or you may have copied the InnoDB tablespace but not the InnoDB log files. Please refer to https://mariadb.com/kb/en/library/innodb-recovery-modes/ for information about forcing recovery.
2026-03-25 15:00:23 0 [ERROR] InnoDB: Page [page id: space=0, page number=313] log sequence number 1280574 is in the future! Current system log sequence number 300306.
2026-03-25 15:00:23 0 [ERROR] InnoDB: Your database may be corrupt or you may have copied the InnoDB tablespace but not the InnoDB log files. Please refer to https://mariadb.com/kb/en/library/innodb-recovery-modes/ for information about forcing recovery.
2026-03-25 15:00:23 0 [ERROR] InnoDB: Page [page id: space=0, page number=50] log sequence number 1280613 is in the future! Current system log sequence number 300306.
2026-03-25 15:00:23 0 [ERROR] InnoDB: Your database may be corrupt or you may have copied the InnoDB tablespace but not the InnoDB log files. Please refer to https://mariadb.com/kb/en/library/innodb-recovery-modes/ for information about forcing recovery.
2026-03-25 15:00:23 0 [ERROR] InnoDB: Page [page id: space=0, page number=314] log sequence number 1280613 is in the future! Current system log sequence number 300306.
2026-03-25 15:00:23 0 [ERROR] InnoDB: Your database may be corrupt or you may have copied the InnoDB tablespace but not the InnoDB log files. Please refer to https://mariadb.com/kb/en/library/innodb-recovery-modes/ for information about forcing recovery.
2026-03-25 15:00:23 0 [ERROR] InnoDB: Page [page id: space=0, page number=51] log sequence number 1280652 is in the future! Current system log sequence number 300306.
2026-03-25 15:00:23 0 [ERROR] InnoDB: Your database may be corrupt or you may have copied the InnoDB tablespace but not the InnoDB log files. Please refer to https://mariadb.com/kb/en/library/innodb-recovery-modes/ for information about forcing recovery.
2026-03-25 15:00:23 0 [ERROR] InnoDB: Page [page id: space=0, page number=348] log sequence number 1280652 is in the future! Current system log sequence number 300306.
2026-03-25 15:00:23 0 [ERROR] InnoDB: Your database may be corrupt or you may have copied the InnoDB tablespace but not the InnoDB log files. Please refer to https://mariadb.com/kb/en/library/innodb-recovery-modes/ for information about forcing recovery.
2026-03-25 15:00:23 0 [ERROR] InnoDB: Page [page id: space=0, page number=52] log sequence number 1280691 is in the future! Current system log sequence number 300306.
2026-03-25 15:00:23 0 [ERROR] InnoDB: Your database may be corrupt or you may have copied the InnoDB tablespace but not the InnoDB log files. Please refer to https://mariadb.com/kb/en/library/innodb-recovery-modes/ for information about forcing recovery.
2026-03-25 15:00:23 0 [ERROR] InnoDB: Page [page id: space=0, page number=316] log sequence number 1280691 is in the future! Current system log sequence number 300306.
2026-03-25 15:00:23 0 [ERROR] InnoDB: Your database may be corrupt or you may have copied the InnoDB tablespace but not the InnoDB log files. Please refer to https://mariadb.com/kb/en/library/innodb-recovery-modes/ for information about forcing recovery.
2026-03-25 15:00:23 0 [ERROR] InnoDB: Page [page id: space=0, page number=53] log sequence number 1280730 is in the future! Current system log sequence number 300306.
2026-03-25 15:00:23 0 [ERROR] InnoDB: Your database may be corrupt or you may have copied the InnoDB tablespace but not the InnoDB log files. Please refer to https://mariadb.com/kb/en/library/innodb-recovery-modes/ for information about forcing recovery.
2026-03-25 15:00:23 0 [ERROR] InnoDB: Page [page id: space=0, page number=426] log sequence number 1280730 is in the future! Current system log sequence number 300306.
2026-03-25 15:00:23 0 [ERROR] InnoDB: Your database may be corrupt or you may have copied the InnoDB tablespace but not the InnoDB log files. Please refer to https://mariadb.com/kb/en/library/innodb-recovery-modes/ for information about forcing recovery.
2026-03-25 15:00:23 0 [ERROR] InnoDB: Page [page id: space=0, page number=54] log sequence number 1302432 is in the future! Current system log sequence number 300306.
2026-03-25 15:00:23 0 [ERROR] InnoDB: Your database may be corrupt or you may have copied the InnoDB tablespace but not the InnoDB log files. Please refer to https://mariadb.com/kb/en/library/innodb-recovery-modes/ for information about forcing recovery.
2026-03-25 15:00:23 0 [ERROR] InnoDB: Page [page id: space=0, page number=318] log sequence number 1302432 is in the future! Current system log sequence number 300306.
2026-03-25 15:00:23 0 [ERROR] InnoDB: Your database may be corrupt or you may have copied the InnoDB tablespace but not the InnoDB log files. Please refer to https://mariadb.com/kb/en/library/innodb-recovery-modes/ for information about forcing recovery.
2026-03-25 15:00:23 0 [ERROR] InnoDB: Page [page id: space=0, page number=55] log sequence number 1302471 is in the future! Current system log sequence number 300306.
2026-03-25 15:00:23 0 [ERROR] InnoDB: Your database may be corrupt or you may have copied the InnoDB tablespace but not the InnoDB log files. Please refer to https://mariadb.com/kb/en/library/innodb-recovery-modes/ for information about forcing recovery.
2026-03-25 15:00:23 0 [ERROR] InnoDB: Page [page id: space=0, page number=365] log sequence number 1302471 is in the future! Current system log sequence number 300306.
2026-03-25 15:00:23 0 [ERROR] InnoDB: Your database may be corrupt or you may have copied the InnoDB tablespace but not the InnoDB log files. Please refer to https://mariadb.com/kb/en/library/innodb-recovery-modes/ for information about forcing recovery.
2026-03-25 15:00:23 0 [ERROR] InnoDB: Page [page id: space=0, page number=56] log sequence number 1302510 is in the future! Current system log sequence number 300306.
2026-03-25 15:00:23 0 [ERROR] InnoDB: Your database may be corrupt or you may have copied the InnoDB tablespace but not the InnoDB log files. Please refer to https://mariadb.com/kb/en/library/innodb-recovery-modes/ for information about forcing recovery.
2026-03-25 15:00:23 0 [ERROR] InnoDB: Page [page id: space=0, page number=320] log sequence number 1302510 is in the future! Current system log sequence number 300306.
2026-03-25 15:00:23 0 [ERROR] InnoDB: Your database may be corrupt or you may have copied the InnoDB tablespace but not the InnoDB log files. Please refer to https://mariadb.com/kb/en/library/innodb-recovery-modes/ for information about forcing recovery.
2026-03-25 15:00:23 0 [ERROR] InnoDB: Page [page id: space=0, page number=57] log sequence number 1302565 is in the future! Current system log sequence number 300306.
2026-03-25 15:00:23 0 [ERROR] InnoDB: Your database may be corrupt or you may have copied the InnoDB tablespace but not the InnoDB log files. Please refer to https://mariadb.com/kb/en/library/innodb-recovery-modes/ for information about forcing recovery.
2026-03-25 15:00:23 0 [ERROR] InnoDB: Page [page id: space=0, page number=344] log sequence number 1302565 is in the future! Current system log sequence number 300306.
2026-03-25 15:00:23 0 [ERROR] InnoDB: Your database may be corrupt or you may have copied the InnoDB tablespace but not the InnoDB log files. Please refer to https://mariadb.com/kb/en/library/innodb-recovery-modes/ for information about forcing recovery.
2026-03-25 15:00:23 0 [ERROR] InnoDB: Page [page id: space=0, page number=58] log sequence number 1302682 is in the future! Current system log sequence number 300306.
2026-03-25 15:00:23 0 [ERROR] InnoDB: Your database may be corrupt or you may have copied the InnoDB tablespace but not the InnoDB log files. Please refer to https://mariadb.com/kb/en/library/innodb-recovery-modes/ for information about forcing recovery.
2026-03-25 15:00:23 0 [ERROR] InnoDB: Page [page id: space=0, page number=301] log sequence number 1302682 is in the future! Current system log sequence number 300306.
2026-03-25 15:00:23 0 [ERROR] InnoDB: Your database may be corrupt or you may have copied the InnoDB tablespace but not the InnoDB log files. Please refer to https://mariadb.com/kb/en/library/innodb-recovery-modes/ for information about forcing recovery.
2026-03-25 15:00:23 0 [ERROR] InnoDB: Page [page id: space=0, page number=59] log sequence number 1302799 is in the future! Current system log sequence number 300306.
2026-03-25 15:00:23 0 [ERROR] InnoDB: Your database may be corrupt or you may have copied the InnoDB tablespace but not the InnoDB log files. Please refer to https://mariadb.com/kb/en/library/innodb-recovery-modes/ for information about forcing recovery.
2026-03-25 15:00:23 0 [ERROR] InnoDB: Page [page id: space=0, page number=324] log sequence number 1302799 is in the future! Current system log sequence number 300306.
2026-03-25 15:00:23 0 [ERROR] InnoDB: Your database may be corrupt or you may have copied the InnoDB tablespace but not the InnoDB log files. Please refer to https://mariadb.com/kb/en/library/innodb-recovery-modes/ for information about forcing recovery.
2026-03-25 15:00:23 0 [ERROR] InnoDB: Page [page id: space=0, page number=60] log sequence number 1302877 is in the future! Current system log sequence number 300306.
2026-03-25 15:00:23 0 [ERROR] InnoDB: Your database may be corrupt or you may have copied the InnoDB tablespace but not the InnoDB log files. Please refer to https://mariadb.com/kb/en/library/innodb-recovery-modes/ for information about forcing recovery.
2026-03-25 15:00:23 0 [ERROR] InnoDB: Page [page id: space=0, page number=442] log sequence number 1302877 is in the future! Current system log sequence number 300306.
2026-03-25 15:00:23 0 [ERROR] InnoDB: Your database may be corrupt or you may have copied the InnoDB tablespace but not the InnoDB log files. Please refer to https://mariadb.com/kb/en/library/innodb-recovery-modes/ for information about forcing recovery.
2026-03-25 15:00:23 0 [ERROR] InnoDB: Page [page id: space=0, page number=61] log sequence number 1650677 is in the future! Current system log sequence number 300306.
2026-03-25 15:00:23 0 [ERROR] InnoDB: Your database may be corrupt or you may have copied the InnoDB tablespace but not the InnoDB log files. Please refer to https://mariadb.com/kb/en/library/innodb-recovery-modes/ for information about forcing recovery.
2026-03-25 15:00:23 0 [ERROR] InnoDB: Page [page id: space=0, page number=346] log sequence number 1651263 is in the future! Current system log sequence number 300306.
2026-03-25 15:00:23 0 [ERROR] InnoDB: Your database may be corrupt or you may have copied the InnoDB tablespace but not the InnoDB log files. Please refer to https://mariadb.com/kb/en/library/innodb-recovery-modes/ for information about forcing recovery.
2026-03-25 15:00:23 0 [ERROR] InnoDB: Page [page id: space=0, page number=62] log sequence number 1303033 is in the future! Current system log sequence number 300306.
2026-03-25 15:00:23 0 [ERROR] InnoDB: Your database may be corrupt or you may have copied the InnoDB tablespace but not the InnoDB log files. Please refer to https://mariadb.com/kb/en/library/innodb-recovery-modes/ for information about forcing recovery.
2026-03-25 15:00:23 0 [ERROR] InnoDB: Page [page id: space=0, page number=446] log sequence number 1303033 is in the future! Current system log sequence number 300306.
2026-03-25 15:00:23 0 [ERROR] InnoDB: Your database may be corrupt or you may have copied the InnoDB tablespace but not the InnoDB log files. Please refer to https://mariadb.com/kb/en/library/innodb-recovery-modes/ for information about forcing recovery.
2026-03-25 15:00:23 0 [ERROR] InnoDB: Page [page id: space=0, page number=63] log sequence number 1303127 is in the future! Current system log sequence number 300306.
2026-03-25 15:00:23 0 [ERROR] InnoDB: Your database may be corrupt or you may have copied the InnoDB tablespace but not the InnoDB log files. Please refer to https://mariadb.com/kb/en/library/innodb-recovery-modes/ for information about forcing recovery.
2026-03-25 15:00:23 0 [ERROR] InnoDB: Page [page id: space=0, page number=351] log sequence number 1303127 is in the future! Current system log sequence number 300306.
2026-03-25 15:00:23 0 [ERROR] InnoDB: Your database may be corrupt or you may have copied the InnoDB tablespace but not the InnoDB log files. Please refer to https://mariadb.com/kb/en/library/innodb-recovery-modes/ for information about forcing recovery.
2026-03-25 15:00:23 0 [ERROR] InnoDB: Page [page id: space=0, page number=192] log sequence number 1303213 is in the future! Current system log sequence number 300306.
2026-03-25 15:00:23 0 [ERROR] InnoDB: Your database may be corrupt or you may have copied the InnoDB tablespace but not the InnoDB log files. Please refer to https://mariadb.com/kb/en/library/innodb-recovery-modes/ for information about forcing recovery.
2026-03-25 15:00:23 0 [ERROR] InnoDB: Page [page id: space=0, page number=327] log sequence number 1303213 is in the future! Current system log sequence number 300306.
2026-03-25 15:00:23 0 [ERROR] InnoDB: Your database may be corrupt or you may have copied the InnoDB tablespace but not the InnoDB log files. Please refer to https://mariadb.com/kb/en/library/innodb-recovery-modes/ for information about forcing recovery.
2026-03-25 15:00:23 0 [ERROR] InnoDB: Page [page id: space=0, page number=193] log sequence number 1303299 is in the future! Current system log sequence number 300306.
2026-03-25 15:00:23 0 [ERROR] InnoDB: Your database may be corrupt or you may have copied the InnoDB tablespace but not the InnoDB log files. Please refer to https://mariadb.com/kb/en/library/innodb-recovery-modes/ for information about forcing recovery.
2026-03-25 15:00:23 0 [ERROR] InnoDB: Page [page id: space=0, page number=407] log sequence number 1303299 is in the future! Current system log sequence number 300306.
2026-03-25 15:00:23 0 [ERROR] InnoDB: Your database may be corrupt or you may have copied the InnoDB tablespace but not the InnoDB log files. Please refer to https://mariadb.com/kb/en/library/innodb-recovery-modes/ for information about forcing recovery.
2026-03-25 15:00:23 0 [ERROR] InnoDB: Page [page id: space=0, page number=194] log sequence number 1303385 is in the future! Current system log sequence number 300306.
2026-03-25 15:00:23 0 [ERROR] InnoDB: Your database may be corrupt or you may have copied the InnoDB tablespace but not the InnoDB log files. Please refer to https://mariadb.com/kb/en/library/innodb-recovery-modes/ for information about forcing recovery.
2026-03-25 15:00:23 0 [ERROR] InnoDB: Page [page id: space=0, page number=329] log sequence number 1303385 is in the future! Current system log sequence number 300306.
2026-03-25 15:00:23 0 [ERROR] InnoDB: Your database may be corrupt or you may have copied the InnoDB tablespace but not the InnoDB log files. Please refer to https://mariadb.com/kb/en/library/innodb-recovery-modes/ for information about forcing recovery.
2026-03-25 15:00:23 0 [ERROR] InnoDB: Page [page id: space=0, page number=195] log sequence number 1303471 is in the future! Current system log sequence number 300306.
2026-03-25 15:00:23 0 [ERROR] InnoDB: Your database may be corrupt or you may have copied the InnoDB tablespace but not the InnoDB log files. Please refer to https://mariadb.com/kb/en/library/innodb-recovery-modes/ for information about forcing recovery.
2026-03-25 15:00:23 0 [ERROR] InnoDB: Page [page id: space=0, page number=447] log sequence number 1303471 is in the future! Current system log sequence number 300306.
2026-03-25 15:00:23 0 [ERROR] InnoDB: Your database may be corrupt or you may have copied the InnoDB tablespace but not the InnoDB log files. Please refer to https://mariadb.com/kb/en/library/innodb-recovery-modes/ for information about forcing recovery.
2026-03-25 15:00:23 0 [ERROR] InnoDB: Page [page id: space=0, page number=196] log sequence number 1303515 is in the future! Current system log sequence number 300306.
2026-03-25 15:00:23 0 [ERROR] InnoDB: Your database may be corrupt or you may have copied the InnoDB tablespace but not the InnoDB log files. Please refer to https://mariadb.com/kb/en/library/innodb-recovery-modes/ for information about forcing recovery.
2026-03-25 15:00:23 0 [ERROR] InnoDB: Page [page id: space=0, page number=333] log sequence number 1303515 is in the future! Current system log sequence number 300306.
2026-03-25 15:00:23 0 [ERROR] InnoDB: Your database may be corrupt or you may have copied the InnoDB tablespace but not the InnoDB log files. Please refer to https://mariadb.com/kb/en/library/innodb-recovery-modes/ for information about forcing recovery.
2026-03-25 15:00:23 0 [ERROR] InnoDB: Page [page id: space=0, page number=197] log sequence number 1303575 is in the future! Current system log sequence number 300306.
2026-03-25 15:00:23 0 [ERROR] InnoDB: Your database may be corrupt or you may have copied the InnoDB tablespace but not the InnoDB log files. Please refer to https://mariadb.com/kb/en/library/innodb-recovery-modes/ for information about forcing recovery.
2026-03-25 15:00:23 0 [ERROR] InnoDB: Page [page id: space=0, page number=394] log sequence number 1303575 is in the future! Current system log sequence number 300306.
2026-03-25 15:00:23 0 [ERROR] InnoDB: Your database may be corrupt or you may have copied the InnoDB tablespace but not the InnoDB log files. Please refer to https://mariadb.com/kb/en/library/innodb-recovery-modes/ for information about forcing recovery.
2026-03-25 15:00:23 0 [ERROR] InnoDB: Page [page id: space=0, page number=198] log sequence number 1303619 is in the future! Current system log sequence number 300306.
2026-03-25 15:00:23 0 [ERROR] InnoDB: Your database may be corrupt or you may have copied the InnoDB tablespace but not the InnoDB log files. Please refer to https://mariadb.com/kb/en/library/innodb-recovery-modes/ for information about forcing recovery.
2026-03-25 15:00:23 0 [ERROR] InnoDB: Page [page id: space=0, page number=335] log sequence number 1303619 is in the future! Current system log sequence number 300306.
2026-03-25 15:00:23 0 [ERROR] InnoDB: Your database may be corrupt or you may have copied the InnoDB tablespace but not the InnoDB log files. Please refer to https://mariadb.com/kb/en/library/innodb-recovery-modes/ for information about forcing recovery.
2026-03-25 15:00:23 0 [ERROR] InnoDB: Page [page id: space=0, page number=199] log sequence number 1303663 is in the future! Current system log sequence number 300306.
2026-03-25 15:00:23 0 [ERROR] InnoDB: Your database may be corrupt or you may have copied the InnoDB tablespace but not the InnoDB log files. Please refer to https://mariadb.com/kb/en/library/innodb-recovery-modes/ for information about forcing recovery.
2026-03-25 15:00:23 0 [ERROR] InnoDB: Page [page id: space=0, page number=375] log sequence number 1303663 is in the future! Current system log sequence number 300306.
2026-03-25 15:00:23 0 [ERROR] InnoDB: Your database may be corrupt or you may have copied the InnoDB tablespace but not the InnoDB log files. Please refer to https://mariadb.com/kb/en/library/innodb-recovery-modes/ for information about forcing recovery.
2026-03-25 15:00:23 0 [ERROR] InnoDB: Page [page id: space=0, page number=200] log sequence number 1303707 is in the future! Current system log sequence number 300306.
2026-03-25 15:00:23 0 [ERROR] InnoDB: Your database may be corrupt or you may have copied the InnoDB tablespace but not the InnoDB log files. Please refer to https://mariadb.com/kb/en/library/innodb-recovery-modes/ for information about forcing recovery.
2026-03-25 15:00:23 0 [ERROR] InnoDB: Page [page id: space=0, page number=321] log sequence number 1303707 is in the future! Current system log sequence number 300306.
2026-03-25 15:00:23 0 [ERROR] InnoDB: Your database may be corrupt or you may have copied the InnoDB tablespace but not the InnoDB log files. Please refer to https://mariadb.com/kb/en/library/innodb-recovery-modes/ for information about forcing recovery.
2026-03-25 15:00:23 0 [ERROR] InnoDB: Page [page id: space=0, page number=201] log sequence number 1303751 is in the future! Current system log sequence number 300306.
2026-03-25 15:00:23 0 [ERROR] InnoDB: Your database may be corrupt or you may have copied the InnoDB tablespace but not the InnoDB log files. Please refer to https://mariadb.com/kb/en/library/innodb-recovery-modes/ for information about forcing recovery.
2026-03-25 15:00:23 0 [ERROR] InnoDB: Page [page id: space=0, page number=309] log sequence number 1303751 is in the future! Current system log sequence number 300306.
2026-03-25 15:00:23 0 [ERROR] InnoDB: Your database may be corrupt or you may have copied the InnoDB tablespace but not the InnoDB log files. Please refer to https://mariadb.com/kb/en/library/innodb-recovery-modes/ for information about forcing recovery.
2026-03-25 15:00:23 0 [ERROR] InnoDB: Page [page id: space=0, page number=202] log sequence number 1303795 is in the future! Current system log sequence number 300306.
2026-03-25 15:00:23 0 [ERROR] InnoDB: Your database may be corrupt or you may have copied the InnoDB tablespace but not the InnoDB log files. Please refer to https://mariadb.com/kb/en/library/innodb-recovery-modes/ for information about forcing recovery.
2026-03-25 15:00:23 0 [ERROR] InnoDB: Page [page id: space=0, page number=372] log sequence number 1303795 is in the future! Current system log sequence number 300306.
2026-03-25 15:00:23 0 [ERROR] InnoDB: Your database may be corrupt or you may have copied the InnoDB tablespace but not the InnoDB log files. Please refer to https://mariadb.com/kb/en/library/innodb-recovery-modes/ for information about forcing recovery.
2026-03-25 15:00:23 0 [ERROR] InnoDB: Page [page id: space=0, page number=203] log sequence number 1303839 is in the future! Current system log sequence number 300306.
2026-03-25 15:00:23 0 [ERROR] InnoDB: Your database may be corrupt or you may have copied the InnoDB tablespace but not the InnoDB log files. Please refer to https://mariadb.com/kb/en/library/innodb-recovery-modes/ for information about forcing recovery.
2026-03-25 15:00:23 0 [ERROR] InnoDB: Page [page id: space=0, page number=438] log sequence number 1303839 is in the future! Current system log sequence number 300306.
2026-03-25 15:00:23 0 [ERROR] InnoDB: Your database may be corrupt or you may have copied the InnoDB tablespace but not the InnoDB log files. Please refer to https://mariadb.com/kb/en/library/innodb-recovery-modes/ for information about forcing recovery.
2026-03-25 15:00:23 0 [ERROR] InnoDB: Page [page id: space=0, page number=204] log sequence number 1303883 is in the future! Current system log sequence number 300306.
2026-03-25 15:00:23 0 [ERROR] InnoDB: Your database may be corrupt or you may have copied the InnoDB tablespace but not the InnoDB log files. Please refer to https://mariadb.com/kb/en/library/innodb-recovery-modes/ for information about forcing recovery.
2026-03-25 15:00:23 0 [ERROR] InnoDB: Page [page id: space=0, page number=341] log sequence number 1303883 is in the future! Current system log sequence number 300306.
2026-03-25 15:00:23 0 [ERROR] InnoDB: Your database may be corrupt or you may have copied the InnoDB tablespace but not the InnoDB log files. Please refer to https://mariadb.com/kb/en/library/innodb-recovery-modes/ for information about forcing recovery.
2026-03-25 15:00:23 0 [ERROR] InnoDB: Page [page id: space=0, page number=205] log sequence number 1303927 is in the future! Current system log sequence number 300306.
2026-03-25 15:00:23 0 [ERROR] InnoDB: Your database may be corrupt or you may have copied the InnoDB tablespace but not the InnoDB log files. Please refer to https://mariadb.com/kb/en/library/innodb-recovery-modes/ for information about forcing recovery.
2026-03-25 15:00:23 0 [ERROR] InnoDB: Page [page id: space=0, page number=342] log sequence number 1303927 is in the future! Current system log sequence number 300306.
2026-03-25 15:00:23 0 [ERROR] InnoDB: Your database may be corrupt or you may have copied the InnoDB tablespace but not the InnoDB log files. Please refer to https://mariadb.com/kb/en/library/innodb-recovery-modes/ for information about forcing recovery.
2026-03-25 15:00:23 0 [ERROR] InnoDB: Page [page id: space=0, page number=206] log sequence number 1303971 is in the future! Current system log sequence number 300306.
2026-03-25 15:00:23 0 [ERROR] InnoDB: Your database may be corrupt or you may have copied the InnoDB tablespace but not the InnoDB log files. Please refer to https://mariadb.com/kb/en/library/innodb-recovery-modes/ for information about forcing recovery.
2026-03-25 15:00:23 0 [ERROR] InnoDB: Page [page id: space=0, page number=343] log sequence number 1303971 is in the future! Current system log sequence number 300306.
2026-03-25 15:00:23 0 [ERROR] InnoDB: Your database may be corrupt or you may have copied the InnoDB tablespace but not the InnoDB log files. Please refer to https://mariadb.com/kb/en/library/innodb-recovery-modes/ for information about forcing recovery.
2026-03-25 15:00:23 0 [ERROR] InnoDB: Page [page id: space=0, page number=207] log sequence number 1304015 is in the future! Current system log sequence number 300306.
2026-03-25 15:00:23 0 [ERROR] InnoDB: Your database may be corrupt or you may have copied the InnoDB tablespace but not the InnoDB log files. Please refer to https://mariadb.com/kb/en/library/innodb-recovery-modes/ for information about forcing recovery.
2026-03-25 15:00:23 0 [ERROR] InnoDB: Page [page id: space=0, page number=347] log sequence number 1304015 is in the future! Current system log sequence number 300306.
2026-03-25 15:00:23 0 [ERROR] InnoDB: Your database may be corrupt or you may have copied the InnoDB tablespace but not the InnoDB log files. Please refer to https://mariadb.com/kb/en/library/innodb-recovery-modes/ for information about forcing recovery.
2026-03-25 15:00:23 0 [ERROR] InnoDB: Page [page id: space=0, page number=208] log sequence number 1304059 is in the future! Current system log sequence number 300306.
2026-03-25 15:00:23 0 [ERROR] InnoDB: Your database may be corrupt or you may have copied the InnoDB tablespace but not the InnoDB log files. Please refer to https://mariadb.com/kb/en/library/innodb-recovery-modes/ for information about forcing recovery.
2026-03-25 15:00:23 0 [ERROR] InnoDB: Page [page id: space=0, page number=345] log sequence number 1304059 is in the future! Current system log sequence number 300306.
2026-03-25 15:00:23 0 [ERROR] InnoDB: Your database may be corrupt or you may have copied the InnoDB tablespace but not the InnoDB log files. Please refer to https://mariadb.com/kb/en/library/innodb-recovery-modes/ for information about forcing recovery.
2026-03-25 15:00:23 0 [ERROR] InnoDB: Page [page id: space=0, page number=209] log sequence number 1304119 is in the future! Current system log sequence number 300306.
2026-03-25 15:00:23 0 [ERROR] InnoDB: Your database may be corrupt or you may have copied the InnoDB tablespace but not the InnoDB log files. Please refer to https://mariadb.com/kb/en/library/innodb-recovery-modes/ for information about forcing recovery.
2026-03-25 15:00:23 0 [ERROR] InnoDB: Page [page id: space=0, page number=336] log sequence number 1304119 is in the future! Current system log sequence number 300306.
2026-03-25 15:00:23 0 [ERROR] InnoDB: Your database may be corrupt or you may have copied the InnoDB tablespace but not the InnoDB log files. Please refer to https://mariadb.com/kb/en/library/innodb-recovery-modes/ for information about forcing recovery.
2026-03-25 15:00:23 0 [ERROR] InnoDB: Page [page id: space=0, page number=210] log sequence number 1304163 is in the future! Current system log sequence number 300306.
2026-03-25 15:00:23 0 [ERROR] InnoDB: Your database may be corrupt or you may have copied the InnoDB tablespace but not the InnoDB log files. Please refer to https://mariadb.com/kb/en/library/innodb-recovery-modes/ for information about forcing recovery.
2026-03-25 15:00:23 0 [ERROR] InnoDB: Page [page id: space=0, page number=353] log sequence number 1304163 is in the future! Current system log sequence number 300306.
2026-03-25 15:00:23 0 [ERROR] InnoDB: Your database may be corrupt or you may have copied the InnoDB tablespace but not the InnoDB log files. Please refer to https://mariadb.com/kb/en/library/innodb-recovery-modes/ for information about forcing recovery.
2026-03-25 15:00:23 0 [ERROR] InnoDB: Page [page id: space=0, page number=211] log sequence number 1304207 is in the future! Current system log sequence number 300306.
2026-03-25 15:00:23 0 [ERROR] InnoDB: Your database may be corrupt or you may have copied the InnoDB tablespace but not the InnoDB log files. Please refer to https://mariadb.com/kb/en/library/innodb-recovery-modes/ for information about forcing recovery.
2026-03-25 15:00:23 0 [ERROR] InnoDB: Page [page id: space=0, page number=325] log sequence number 1304207 is in the future! Current system log sequence number 300306.
2026-03-25 15:00:23 0 [ERROR] InnoDB: Your database may be corrupt or you may have copied the InnoDB tablespace but not the InnoDB log files. Please refer to https://mariadb.com/kb/en/library/innodb-recovery-modes/ for information about forcing recovery.
2026-03-25 15:00:23 0 [ERROR] InnoDB: Page [page id: space=0, page number=212] log sequence number 1304251 is in the future! Current system log sequence number 300306.
2026-03-25 15:00:23 0 [ERROR] InnoDB: Your database may be corrupt or you may have copied the InnoDB tablespace but not the InnoDB log files. Please refer to https://mariadb.com/kb/en/library/innodb-recovery-modes/ for information about forcing recovery.
2026-03-25 15:00:23 0 [ERROR] InnoDB: Page [page id: space=0, page number=349] log sequence number 1304251 is in the future! Current system log sequence number 300306.
2026-03-25 15:00:23 0 [ERROR] InnoDB: Your database may be corrupt or you may have copied the InnoDB tablespace but not the InnoDB log files. Please refer to https://mariadb.com/kb/en/library/innodb-recovery-modes/ for information about forcing recovery.
2026-03-25 15:00:23 0 [ERROR] InnoDB: Page [page id: space=0, page number=213] log sequence number 1304295 is in the future! Current system log sequence number 300306.
2026-03-25 15:00:23 0 [ERROR] InnoDB: Your database may be corrupt or you may have copied the InnoDB tablespace but not the InnoDB log files. Please refer to https://mariadb.com/kb/en/library/innodb-recovery-modes/ for information about forcing recovery.
2026-03-25 15:00:23 0 [ERROR] InnoDB: Page [page id: space=0, page number=350] log sequence number 1304295 is in the future! Current system log sequence number 300306.
2026-03-25 15:00:23 0 [ERROR] InnoDB: Your database may be corrupt or you may have copied the InnoDB tablespace but not the InnoDB log files. Please refer to https://mariadb.com/kb/en/library/innodb-recovery-modes/ for information about forcing recovery.
2026-03-25 15:00:23 0 [ERROR] InnoDB: Page [page id: space=0, page number=214] log sequence number 1304339 is in the future! Current system log sequence number 300306.
2026-03-25 15:00:23 0 [ERROR] InnoDB: Your database may be corrupt or you may have copied the InnoDB tablespace but not the InnoDB log files. Please refer to https://mariadb.com/kb/en/library/innodb-recovery-modes/ for information about forcing recovery.
2026-03-25 15:00:23 0 [ERROR] InnoDB: Page [page id: space=0, page number=326] log sequence number 1304339 is in the future! Current system log sequence number 300306.
2026-03-25 15:00:23 0 [ERROR] InnoDB: Your database may be corrupt or you may have copied the InnoDB tablespace but not the InnoDB log files. Please refer to https://mariadb.com/kb/en/library/innodb-recovery-modes/ for information about forcing recovery.
2026-03-25 15:00:23 0 [ERROR] InnoDB: Page [page id: space=0, page number=215] log sequence number 1304383 is in the future! Current system log sequence number 300306.
2026-03-25 15:00:23 0 [ERROR] InnoDB: Your database may be corrupt or you may have copied the InnoDB tablespace but not the InnoDB log files. Please refer to https://mariadb.com/kb/en/library/innodb-recovery-modes/ for information about forcing recovery.
2026-03-25 15:00:23 0 [ERROR] InnoDB: Page [page id: space=0, page number=315] log sequence number 1304383 is in the future! Current system log sequence number 300306.
2026-03-25 15:00:23 0 [ERROR] InnoDB: Your database may be corrupt or you may have copied the InnoDB tablespace but not the InnoDB log files. Please refer to https://mariadb.com/kb/en/library/innodb-recovery-modes/ for information about forcing recovery.
2026-03-25 15:00:23 0 [ERROR] InnoDB: Page [page id: space=0, page number=216] log sequence number 1304427 is in the future! Current system log sequence number 300306.
2026-03-25 15:00:23 0 [ERROR] InnoDB: Your database may be corrupt or you may have copied the InnoDB tablespace but not the InnoDB log files. Please refer to https://mariadb.com/kb/en/library/innodb-recovery-modes/ for information about forcing recovery.
2026-03-25 15:00:23 0 [ERROR] InnoDB: Page [page id: space=0, page number=443] log sequence number 1304427 is in the future! Current system log sequence number 300306.
2026-03-25 15:00:23 0 [ERROR] InnoDB: Your database may be corrupt or you may have copied the InnoDB tablespace but not the InnoDB log files. Please refer to https://mariadb.com/kb/en/library/innodb-recovery-modes/ for information about forcing recovery.
2026-03-25 15:00:23 0 [ERROR] InnoDB: Page [page id: space=0, page number=217] log sequence number 1304471 is in the future! Current system log sequence number 300306.
2026-03-25 15:00:23 0 [ERROR] InnoDB: Your database may be corrupt or you may have copied the InnoDB tablespace but not the InnoDB log files. Please refer to https://mariadb.com/kb/en/library/innodb-recovery-modes/ for information about forcing recovery.
2026-03-25 15:00:23 0 [ERROR] InnoDB: Page [page id: space=0, page number=354] log sequence number 1304471 is in the future! Current system log sequence number 300306.
2026-03-25 15:00:23 0 [ERROR] InnoDB: Your database may be corrupt or you may have copied the InnoDB tablespace but not the InnoDB log files. Please refer to https://mariadb.com/kb/en/library/innodb-recovery-modes/ for information about forcing recovery.
2026-03-25 15:00:23 0 [ERROR] InnoDB: Page [page id: space=0, page number=218] log sequence number 1304515 is in the future! Current system log sequence number 300306.
2026-03-25 15:00:23 0 [ERROR] InnoDB: Your database may be corrupt or you may have copied the InnoDB tablespace but not the InnoDB log files. Please refer to https://mariadb.com/kb/en/library/innodb-recovery-modes/ for information about forcing recovery.
2026-03-25 15:00:23 0 [ERROR] InnoDB: Page [page id: space=0, page number=384] log sequence number 1304515 is in the future! Current system log sequence number 300306.
2026-03-25 15:00:23 0 [ERROR] InnoDB: Your database may be corrupt or you may have copied the InnoDB tablespace but not the InnoDB log files. Please refer to https://mariadb.com/kb/en/library/innodb-recovery-modes/ for information about forcing recovery.
2026-03-25 15:00:23 0 [ERROR] InnoDB: Page [page id: space=0, page number=219] log sequence number 1304559 is in the future! Current system log sequence number 300306.
2026-03-25 15:00:23 0 [ERROR] InnoDB: Your database may be corrupt or you may have copied the InnoDB tablespace but not the InnoDB log files. Please refer to https://mariadb.com/kb/en/library/innodb-recovery-modes/ for information about forcing recovery.
2026-03-25 15:00:23 0 [ERROR] InnoDB: Page [page id: space=0, page number=373] log sequence number 1304559 is in the future! Current system log sequence number 300306.
2026-03-25 15:00:23 0 [ERROR] InnoDB: Your database may be corrupt or you may have copied the InnoDB tablespace but not the InnoDB log files. Please refer to https://mariadb.com/kb/en/library/innodb-recovery-modes/ for information about forcing recovery.
2026-03-25 15:00:23 0 [ERROR] InnoDB: Page [page id: space=0, page number=220] log sequence number 1314104 is in the future! Current system log sequence number 300306.
2026-03-25 15:00:23 0 [ERROR] InnoDB: Your database may be corrupt or you may have copied the InnoDB tablespace but not the InnoDB log files. Please refer to https://mariadb.com/kb/en/library/innodb-recovery-modes/ for information about forcing recovery.
2026-03-25 15:00:23 0 [ERROR] InnoDB: Page [page id: space=0, page number=402] log sequence number 1314104 is in the future! Current system log sequence number 300306.
2026-03-25 15:00:23 0 [ERROR] InnoDB: Your database may be corrupt or you may have copied the InnoDB tablespace but not the InnoDB log files. Please refer to https://mariadb.com/kb/en/library/innodb-recovery-modes/ for information about forcing recovery.
2026-03-25 15:00:23 0 [ERROR] InnoDB: Page [page id: space=0, page number=221] log sequence number 1314148 is in the future! Current system log sequence number 300306.
2026-03-25 15:00:23 0 [ERROR] InnoDB: Your database may be corrupt or you may have copied the InnoDB tablespace but not the InnoDB log files. Please refer to https://mariadb.com/kb/en/library/innodb-recovery-modes/ for information about forcing recovery.
2026-03-25 15:00:23 0 [ERROR] InnoDB: Page [page id: space=0, page number=358] log sequence number 1314148 is in the future! Current system log sequence number 300306.
2026-03-25 15:00:23 0 [ERROR] InnoDB: Your database may be corrupt or you may have copied the InnoDB tablespace but not the InnoDB log files. Please refer to https://mariadb.com/kb/en/library/innodb-recovery-modes/ for information about forcing recovery.
2026-03-25 15:00:23 0 [ERROR] InnoDB: Page [page id: space=0, page number=222] log sequence number 1314192 is in the future! Current system log sequence number 300306.
2026-03-25 15:00:23 0 [ERROR] InnoDB: Your database may be corrupt or you may have copied the InnoDB tablespace but not the InnoDB log files. Please refer to https://mariadb.com/kb/en/library/innodb-recovery-modes/ for information about forcing recovery.
2026-03-25 15:00:23 0 [ERROR] InnoDB: Page [page id: space=0, page number=359] log sequence number 1314192 is in the future! Current system log sequence number 300306.
2026-03-25 15:00:23 0 [ERROR] InnoDB: Your database may be corrupt or you may have copied the InnoDB tablespace but not the InnoDB log files. Please refer to https://mariadb.com/kb/en/library/innodb-recovery-modes/ for information about forcing recovery.
2026-03-25 15:00:23 0 [ERROR] InnoDB: Page [page id: space=0, page number=223] log sequence number 1314236 is in the future! Current system log sequence number 300306.
2026-03-25 15:00:23 0 [ERROR] InnoDB: Your database may be corrupt or you may have copied the InnoDB tablespace but not the InnoDB log files. Please refer to https://mariadb.com/kb/en/library/innodb-recovery-modes/ for information about forcing recovery.
2026-03-25 15:00:23 0 [ERROR] InnoDB: Page [page id: space=0, page number=360] log sequence number 1314236 is in the future! Current system log sequence number 300306.
2026-03-25 15:00:23 0 [ERROR] InnoDB: Your database may be corrupt or you may have copied the InnoDB tablespace but not the InnoDB log files. Please refer to https://mariadb.com/kb/en/library/innodb-recovery-modes/ for information about forcing recovery.
2026-03-25 15:00:23 0 [ERROR] InnoDB: Page [page id: space=0, page number=224] log sequence number 1314280 is in the future! Current system log sequence number 300306.
2026-03-25 15:00:23 0 [ERROR] InnoDB: Your database may be corrupt or you may have copied the InnoDB tablespace but not the InnoDB log files. Please refer to https://mariadb.com/kb/en/library/innodb-recovery-modes/ for information about forcing recovery.
2026-03-25 15:00:23 0 [ERROR] InnoDB: Page [page id: space=0, page number=357] log sequence number 1314280 is in the future! Current system log sequence number 300306.
2026-03-25 15:00:23 0 [ERROR] InnoDB: Your database may be corrupt or you may have copied the InnoDB tablespace but not the InnoDB log files. Please refer to https://mariadb.com/kb/en/library/innodb-recovery-modes/ for information about forcing recovery.
2026-03-25 15:00:23 0 [ERROR] InnoDB: Page [page id: space=0, page number=225] log sequence number 1314340 is in the future! Current system log sequence number 300306.
2026-03-25 15:00:23 0 [ERROR] InnoDB: Your database may be corrupt or you may have copied the InnoDB tablespace but not the InnoDB log files. Please refer to https://mariadb.com/kb/en/library/innodb-recovery-modes/ for information about forcing recovery.
2026-03-25 15:00:23 0 [ERROR] InnoDB: Page [page id: space=0, page number=362] log sequence number 1314340 is in the future! Current system log sequence number 300306.
2026-03-25 15:00:23 0 [ERROR] InnoDB: Your database may be corrupt or you may have copied the InnoDB tablespace but not the InnoDB log files. Please refer to https://mariadb.com/kb/en/library/innodb-recovery-modes/ for information about forcing recovery.
2026-03-25 15:00:23 0 [ERROR] InnoDB: Page [page id: space=0, page number=226] log sequence number 1314384 is in the future! Current system log sequence number 300306.
2026-03-25 15:00:23 0 [ERROR] InnoDB: Your database may be corrupt or you may have copied the InnoDB tablespace but not the InnoDB log files. Please refer to https://mariadb.com/kb/en/library/innodb-recovery-modes/ for information about forcing recovery.
2026-03-25 15:00:23 0 [ERROR] InnoDB: Page [page id: space=0, page number=363] log sequence number 1314384 is in the future! Current system log sequence number 300306.
2026-03-25 15:00:23 0 [ERROR] InnoDB: Your database may be corrupt or you may have copied the InnoDB tablespace but not the InnoDB log files. Please refer to https://mariadb.com/kb/en/library/innodb-recovery-modes/ for information about forcing recovery.
2026-03-25 15:00:23 0 [ERROR] InnoDB: Page [page id: space=0, page number=227] log sequence number 1314428 is in the future! Current system log sequence number 300306.
2026-03-25 15:00:23 0 [ERROR] InnoDB: Your database may be corrupt or you may have copied the InnoDB tablespace but not the InnoDB log files. Please refer to https://mariadb.com/kb/en/library/innodb-recovery-modes/ for information about forcing recovery.
2026-03-25 15:00:23 0 [ERROR] InnoDB: Page [page id: space=0, page number=339] log sequence number 1314428 is in the future! Current system log sequence number 300306.
2026-03-25 15:00:23 0 [ERROR] InnoDB: Your database may be corrupt or you may have copied the InnoDB tablespace but not the InnoDB log files. Please refer to https://mariadb.com/kb/en/library/innodb-recovery-modes/ for information about forcing recovery.
2026-03-25 15:00:23 0 [ERROR] InnoDB: Page [page id: space=0, page number=228] log sequence number 1314472 is in the future! Current system log sequence number 300306.
2026-03-25 15:00:23 0 [ERROR] InnoDB: Your database may be corrupt or you may have copied the InnoDB tablespace but not the InnoDB log files. Please refer to https://mariadb.com/kb/en/library/innodb-recovery-modes/ for information about forcing recovery.
2026-03-25 15:00:23 0 [ERROR] InnoDB: Page [page id: space=0, page number=356] log sequence number 1314472 is in the future! Current system log sequence number 300306.
2026-03-25 15:00:23 0 [ERROR] InnoDB: Your database may be corrupt or you may have copied the InnoDB tablespace but not the InnoDB log files. Please refer to https://mariadb.com/kb/en/library/innodb-recovery-modes/ for information about forcing recovery.
2026-03-25 15:00:23 0 [ERROR] InnoDB: Page [page id: space=0, page number=229] log sequence number 1314516 is in the future! Current system log sequence number 300306.
2026-03-25 15:00:23 0 [ERROR] InnoDB: Your database may be corrupt or you may have copied the InnoDB tablespace but not the InnoDB log files. Please refer to https://mariadb.com/kb/en/library/innodb-recovery-modes/ for information about forcing recovery.
2026-03-25 15:00:23 0 [ERROR] InnoDB: Page [page id: space=0, page number=366] log sequence number 1314516 is in the future! Current system log sequence number 300306.
2026-03-25 15:00:23 0 [ERROR] InnoDB: Your database may be corrupt or you may have copied the InnoDB tablespace but not the InnoDB log files. Please refer to https://mariadb.com/kb/en/library/innodb-recovery-modes/ for information about forcing recovery.
2026-03-25 15:00:23 0 [ERROR] InnoDB: Page [page id: space=0, page number=230] log sequence number 1314560 is in the future! Current system log sequence number 300306.
2026-03-25 15:00:23 0 [ERROR] InnoDB: Your database may be corrupt or you may have copied the InnoDB tablespace but not the InnoDB log files. Please refer to https://mariadb.com/kb/en/library/innodb-recovery-modes/ for information about forcing recovery.
2026-03-25 15:00:23 0 [ERROR] InnoDB: Page [page id: space=0, page number=367] log sequence number 1314560 is in the future! Current system log sequence number 300306.
2026-03-25 15:00:23 0 [ERROR] InnoDB: Your database may be corrupt or you may have copied the InnoDB tablespace but not the InnoDB log files. Please refer to https://mariadb.com/kb/en/library/innodb-recovery-modes/ for information about forcing recovery.
2026-03-25 15:00:23 0 [ERROR] InnoDB: Page [page id: space=0, page number=231] log sequence number 1314604 is in the future! Current system log sequence number 300306.
2026-03-25 15:00:23 0 [ERROR] InnoDB: Your database may be corrupt or you may have copied the InnoDB tablespace but not the InnoDB log files. Please refer to https://mariadb.com/kb/en/library/innodb-recovery-modes/ for information about forcing recovery.
2026-03-25 15:00:23 0 [ERROR] InnoDB: Page [page id: space=0, page number=368] log sequence number 1314604 is in the future! Current system log sequence number 300306.
2026-03-25 15:00:23 0 [ERROR] InnoDB: Your database may be corrupt or you may have copied the InnoDB tablespace but not the InnoDB log files. Please refer to https://mariadb.com/kb/en/library/innodb-recovery-modes/ for information about forcing recovery.
2026-03-25 15:00:23 0 [ERROR] InnoDB: Page [page id: space=0, page number=232] log sequence number 1314648 is in the future! Current system log sequence number 300306.
2026-03-25 15:00:23 0 [ERROR] InnoDB: Your database may be corrupt or you may have copied the InnoDB tablespace but not the InnoDB log files. Please refer to https://mariadb.com/kb/en/library/innodb-recovery-modes/ for information about forcing recovery.
2026-03-25 15:00:23 0 [ERROR] InnoDB: Page [page id: space=0, page number=338] log sequence number 1314648 is in the future! Current system log sequence number 300306.
2026-03-25 15:00:23 0 [ERROR] InnoDB: Your database may be corrupt or you may have copied the InnoDB tablespace but not the InnoDB log files. Please refer to https://mariadb.com/kb/en/library/innodb-recovery-modes/ for information about forcing recovery.
2026-03-25 15:00:23 0 [ERROR] InnoDB: Page [page id: space=0, page number=233] log sequence number 1314692 is in the future! Current system log sequence number 300306.
2026-03-25 15:00:23 0 [ERROR] InnoDB: Your database may be corrupt or you may have copied the InnoDB tablespace but not the InnoDB log files. Please refer to https://mariadb.com/kb/en/library/innodb-recovery-modes/ for information about forcing recovery.
2026-03-25 15:00:23 0 [ERROR] InnoDB: Page [page id: space=0, page number=374] log sequence number 1314692 is in the future! Current system log sequence number 300306.
2026-03-25 15:00:23 0 [ERROR] InnoDB: Your database may be corrupt or you may have copied the InnoDB tablespace but not the InnoDB log files. Please refer to https://mariadb.com/kb/en/library/innodb-recovery-modes/ for information about forcing recovery.
2026-03-25 15:00:23 0 [ERROR] InnoDB: Page [page id: space=0, page number=234] log sequence number 1314736 is in the future! Current system log sequence number 300306.
2026-03-25 15:00:23 0 [ERROR] InnoDB: Your database may be corrupt or you may have copied the InnoDB tablespace but not the InnoDB log files. Please refer to https://mariadb.com/kb/en/library/innodb-recovery-modes/ for information about forcing recovery.
2026-03-25 15:00:23 0 [ERROR] InnoDB: Page [page id: space=0, page number=328] log sequence number 1314736 is in the future! Current system log sequence number 300306.
2026-03-25 15:00:23 0 [ERROR] InnoDB: Your database may be corrupt or you may have copied the InnoDB tablespace but not the InnoDB log files. Please refer to https://mariadb.com/kb/en/library/innodb-recovery-modes/ for information about forcing recovery.
2026-03-25 15:00:23 0 [ERROR] InnoDB: Page [page id: space=0, page number=235] log sequence number 1314780 is in the future! Current system log sequence number 300306.
2026-03-25 15:00:23 0 [ERROR] InnoDB: Your database may be corrupt or you may have copied the InnoDB tablespace but not the InnoDB log files. Please refer to https://mariadb.com/kb/en/library/innodb-recovery-modes/ for information about forcing recovery.
2026-03-25 15:00:23 0 [ERROR] InnoDB: Page [page id: space=0, page number=388] log sequence number 1314780 is in the future! Current system log sequence number 300306.
2026-03-25 15:00:23 0 [ERROR] InnoDB: Your database may be corrupt or you may have copied the InnoDB tablespace but not the InnoDB log files. Please refer to https://mariadb.com/kb/en/library/innodb-recovery-modes/ for information about forcing recovery.
2026-03-25 15:00:23 0 [ERROR] InnoDB: Page [page id: space=0, page number=236] log sequence number 1314840 is in the future! Current system log sequence number 300306.
2026-03-25 15:00:23 0 [ERROR] InnoDB: Your database may be corrupt or you may have copied the InnoDB tablespace but not the InnoDB log files. Please refer to https://mariadb.com/kb/en/library/innodb-recovery-modes/ for information about forcing recovery.
2026-03-25 15:00:23 0 [ERROR] InnoDB: Page [page id: space=0, page number=389] log sequence number 1314840 is in the future! Current system log sequence number 300306.
2026-03-25 15:00:23 0 [ERROR] InnoDB: Your database may be corrupt or you may have copied the InnoDB tablespace but not the InnoDB log files. Please refer to https://mariadb.com/kb/en/library/innodb-recovery-modes/ for information about forcing recovery.
2026-03-25 15:00:23 0 [ERROR] InnoDB: Page [page id: space=0, page number=237] log sequence number 1314946 is in the future! Current system log sequence number 300306.
2026-03-25 15:00:23 0 [ERROR] InnoDB: Your database may be corrupt or you may have copied the InnoDB tablespace but not the InnoDB log files. Please refer to https://mariadb.com/kb/en/library/innodb-recovery-modes/ for information about forcing recovery.
2026-03-25 15:00:23 0 [ERROR] InnoDB: Page [page id: space=0, page number=238] log sequence number 1203706 is in the future! Current system log sequence number 300306.
2026-03-25 15:00:23 0 [ERROR] InnoDB: Your database may be corrupt or you may have copied the InnoDB tablespace but not the InnoDB log files. Please refer to https://mariadb.com/kb/en/library/innodb-recovery-modes/ for information about forcing recovery.
2026-03-25 15:00:23 0 [ERROR] InnoDB: Page [page id: space=0, page number=390] log sequence number 1203706 is in the future! Current system log sequence number 300306.
2026-03-25 15:00:23 0 [ERROR] InnoDB: Your database may be corrupt or you may have copied the InnoDB tablespace but not the InnoDB log files. Please refer to https://mariadb.com/kb/en/library/innodb-recovery-modes/ for information about forcing recovery.
2026-03-25 15:00:23 0 [ERROR] InnoDB: Page [page id: space=0, page number=239] log sequence number 1203766 is in the future! Current system log sequence number 300306.
2026-03-25 15:00:23 0 [ERROR] InnoDB: Your database may be corrupt or you may have copied the InnoDB tablespace but not the InnoDB log files. Please refer to https://mariadb.com/kb/en/library/innodb-recovery-modes/ for information about forcing recovery.
2026-03-25 15:00:23 0 [ERROR] InnoDB: Page [page id: space=0, page number=391] log sequence number 1203766 is in the future! Current system log sequence number 300306.
2026-03-25 15:00:23 0 [ERROR] InnoDB: Your database may be corrupt or you may have copied the InnoDB tablespace but not the InnoDB log files. Please refer to https://mariadb.com/kb/en/library/innodb-recovery-modes/ for information about forcing recovery.
2026-03-25 15:00:23 0 [ERROR] InnoDB: Page [page id: space=0, page number=240] log sequence number 1203873 is in the future! Current system log sequence number 300306.
2026-03-25 15:00:23 0 [ERROR] InnoDB: Your database may be corrupt or you may have copied the InnoDB tablespace but not the InnoDB log files. Please refer to https://mariadb.com/kb/en/library/innodb-recovery-modes/ for information about forcing recovery.
2026-03-25 15:00:23 0 [ERROR] InnoDB: Page [page id: space=0, page number=241] log sequence number 1226073 is in the future! Current system log sequence number 300306.
2026-03-25 15:00:23 0 [ERROR] InnoDB: Your database may be corrupt or you may have copied the InnoDB tablespace but not the InnoDB log files. Please refer to https://mariadb.com/kb/en/library/innodb-recovery-modes/ for information about forcing recovery.
2026-03-25 15:00:23 0 [ERROR] InnoDB: Page [page id: space=0, page number=377] log sequence number 1226073 is in the future! Current system log sequence number 300306.
2026-03-25 15:00:23 0 [ERROR] InnoDB: Your database may be corrupt or you may have copied the InnoDB tablespace but not the InnoDB log files. Please refer to https://mariadb.com/kb/en/library/innodb-recovery-modes/ for information about forcing recovery.
2026-03-25 15:00:23 0 [ERROR] InnoDB: Page [page id: space=0, page number=242] log sequence number 1314990 is in the future! Current system log sequence number 300306.
2026-03-25 15:00:23 0 [ERROR] InnoDB: Your database may be corrupt or you may have copied the InnoDB tablespace but not the InnoDB log files. Please refer to https://mariadb.com/kb/en/library/innodb-recovery-modes/ for information about forcing recovery.
2026-03-25 15:00:23 0 [ERROR] InnoDB: Page [page id: space=0, page number=392] log sequence number 1314990 is in the future! Current system log sequence number 300306.
2026-03-25 15:00:23 0 [ERROR] InnoDB: Your database may be corrupt or you may have copied the InnoDB tablespace but not the InnoDB log files. Please refer to https://mariadb.com/kb/en/library/innodb-recovery-modes/ for information about forcing recovery.
2026-03-25 15:00:23 0 [ERROR] InnoDB: Page [page id: space=0, page number=244] log sequence number 1315034 is in the future! Current system log sequence number 300306.
2026-03-25 15:00:23 0 [ERROR] InnoDB: Your database may be corrupt or you may have copied the InnoDB tablespace but not the InnoDB log files. Please refer to https://mariadb.com/kb/en/library/innodb-recovery-modes/ for information about forcing recovery.
2026-03-25 15:00:23 0 [ERROR] InnoDB: Page [page id: space=0, page number=378] log sequence number 1315034 is in the future! Current system log sequence number 300306.
2026-03-25 15:00:23 0 [ERROR] InnoDB: Your database may be corrupt or you may have copied the InnoDB tablespace but not the InnoDB log files. Please refer to https://mariadb.com/kb/en/library/innodb-recovery-modes/ for information about forcing recovery.
2026-03-25 15:00:23 0 [ERROR] InnoDB: Page [page id: space=0, page number=245] log sequence number 1317328 is in the future! Current system log sequence number 300306.
2026-03-25 15:00:23 0 [ERROR] InnoDB: Your database may be corrupt or you may have copied the InnoDB tablespace but not the InnoDB log files. Please refer to https://mariadb.com/kb/en/library/innodb-recovery-modes/ for information about forcing recovery.
2026-03-25 15:00:23 0 [ERROR] InnoDB: Page [page id: space=0, page number=379] log sequence number 1317328 is in the future! Current system log sequence number 300306.
2026-03-25 15:00:23 0 [ERROR] InnoDB: Your database may be corrupt or you may have copied the InnoDB tablespace but not the InnoDB log files. Please refer to https://mariadb.com/kb/en/library/innodb-recovery-modes/ for information about forcing recovery.
2026-03-25 15:00:23 0 [ERROR] InnoDB: Page [page id: space=0, page number=246] log sequence number 1317388 is in the future! Current system log sequence number 300306.
2026-03-25 15:00:23 0 [ERROR] InnoDB: Your database may be corrupt or you may have copied the InnoDB tablespace but not the InnoDB log files. Please refer to https://mariadb.com/kb/en/library/innodb-recovery-modes/ for information about forcing recovery.
2026-03-25 15:00:23 0 [ERROR] InnoDB: Page [page id: space=0, page number=444] log sequence number 1317388 is in the future! Current system log sequence number 300306.
2026-03-25 15:00:23 0 [ERROR] InnoDB: Your database may be corrupt or you may have copied the InnoDB tablespace but not the InnoDB log files. Please refer to https://mariadb.com/kb/en/library/innodb-recovery-modes/ for information about forcing recovery.
2026-03-25 15:00:23 0 [ERROR] InnoDB: Page [page id: space=0, page number=247] log sequence number 1317432 is in the future! Current system log sequence number 300306.
2026-03-25 15:00:23 0 [ERROR] InnoDB: Your database may be corrupt or you may have copied the InnoDB tablespace but not the InnoDB log files. Please refer to https://mariadb.com/kb/en/library/innodb-recovery-modes/ for information about forcing recovery.
2026-03-25 15:00:23 0 [ERROR] InnoDB: Page [page id: space=0, page number=393] log sequence number 1317432 is in the future! Current system log sequence number 300306.
2026-03-25 15:00:23 0 [ERROR] InnoDB: Your database may be corrupt or you may have copied the InnoDB tablespace but not the InnoDB log files. Please refer to https://mariadb.com/kb/en/library/innodb-recovery-modes/ for information about forcing recovery.
2026-03-25 15:00:23 0 [ERROR] InnoDB: Page [page id: space=0, page number=248] log sequence number 1317476 is in the future! Current system log sequence number 300306.
2026-03-25 15:00:23 0 [ERROR] InnoDB: Your database may be corrupt or you may have copied the InnoDB tablespace but not the InnoDB log files. Please refer to https://mariadb.com/kb/en/library/innodb-recovery-modes/ for information about forcing recovery.
2026-03-25 15:00:23 0 [ERROR] InnoDB: Page [page id: space=0, page number=381] log sequence number 1317476 is in the future! Current system log sequence number 300306.
2026-03-25 15:00:23 0 [ERROR] InnoDB: Your database may be corrupt or you may have copied the InnoDB tablespace but not the InnoDB log files. Please refer to https://mariadb.com/kb/en/library/innodb-recovery-modes/ for information about forcing recovery.
2026-03-25 15:00:23 0 [ERROR] InnoDB: Page [page id: space=0, page number=249] log sequence number 1317520 is in the future! Current system log sequence number 300306.
2026-03-25 15:00:23 0 [ERROR] InnoDB: Your database may be corrupt or you may have copied the InnoDB tablespace but not the InnoDB log files. Please refer to https://mariadb.com/kb/en/library/innodb-recovery-modes/ for information about forcing recovery.
2026-03-25 15:00:23 0 [ERROR] InnoDB: Page [page id: space=0, page number=370] log sequence number 1317520 is in the future! Current system log sequence number 300306.
2026-03-25 15:00:23 0 [ERROR] InnoDB: Your database may be corrupt or you may have copied the InnoDB tablespace but not the InnoDB log files. Please refer to https://mariadb.com/kb/en/library/innodb-recovery-modes/ for information about forcing recovery.
2026-03-25 15:00:23 0 [ERROR] InnoDB: Page [page id: space=0, page number=250] log sequence number 1317564 is in the future! Current system log sequence number 300306.
2026-03-25 15:00:23 0 [ERROR] InnoDB: Your database may be corrupt or you may have copied the InnoDB tablespace but not the InnoDB log files. Please refer to https://mariadb.com/kb/en/library/innodb-recovery-modes/ for information about forcing recovery.
2026-03-25 15:00:23 0 [ERROR] InnoDB: Page [page id: space=0, page number=371] log sequence number 1317564 is in the future! Current system log sequence number 300306.
2026-03-25 15:00:23 0 [ERROR] InnoDB: Your database may be corrupt or you may have copied the InnoDB tablespace but not the InnoDB log files. Please refer to https://mariadb.com/kb/en/library/innodb-recovery-modes/ for information about forcing recovery.
2026-03-25 15:00:23 0 [ERROR] InnoDB: Page [page id: space=0, page number=251] log sequence number 1317608 is in the future! Current system log sequence number 300306.
2026-03-25 15:00:23 0 [ERROR] InnoDB: Your database may be corrupt or you may have copied the InnoDB tablespace but not the InnoDB log files. Please refer to https://mariadb.com/kb/en/library/innodb-recovery-modes/ for information about forcing recovery.
2026-03-25 15:00:23 0 [ERROR] InnoDB: Page [page id: space=0, page number=361] log sequence number 1317608 is in the future! Current system log sequence number 300306.
2026-03-25 15:00:23 0 [ERROR] InnoDB: Your database may be corrupt or you may have copied the InnoDB tablespace but not the InnoDB log files. Please refer to https://mariadb.com/kb/en/library/innodb-recovery-modes/ for information about forcing recovery.
2026-03-25 15:00:23 0 [ERROR] InnoDB: Page [page id: space=0, page number=252] log sequence number 1319843 is in the future! Current system log sequence number 300306.
2026-03-25 15:00:23 0 [ERROR] InnoDB: Your database may be corrupt or you may have copied the InnoDB tablespace but not the InnoDB log files. Please refer to https://mariadb.com/kb/en/library/innodb-recovery-modes/ for information about forcing recovery.
2026-03-25 15:00:23 0 [ERROR] InnoDB: Page [page id: space=0, page number=383] log sequence number 1319843 is in the future! Current system log sequence number 300306.
2026-03-25 15:00:23 0 [ERROR] InnoDB: Your database may be corrupt or you may have copied the InnoDB tablespace but not the InnoDB log files. Please refer to https://mariadb.com/kb/en/library/innodb-recovery-modes/ for information about forcing recovery.
2026-03-25 15:00:23 0 [ERROR] InnoDB: Page [page id: space=0, page number=253] log sequence number 1319887 is in the future! Current system log sequence number 300306.
2026-03-25 15:00:23 0 [ERROR] InnoDB: Your database may be corrupt or you may have copied the InnoDB tablespace but not the InnoDB log files. Please refer to https://mariadb.com/kb/en/library/innodb-recovery-modes/ for information about forcing recovery.
2026-03-25 15:00:23 0 [ERROR] InnoDB: Page [page id: space=0, page number=330] log sequence number 1319887 is in the future! Current system log sequence number 300306.
2026-03-25 15:00:23 0 [ERROR] InnoDB: Your database may be corrupt or you may have copied the InnoDB tablespace but not the InnoDB log files. Please refer to https://mariadb.com/kb/en/library/innodb-recovery-modes/ for information about forcing recovery.
2026-03-25 15:00:23 0 [ERROR] InnoDB: Page [page id: space=0, page number=254] log sequence number 1319931 is in the future! Current system log sequence number 300306.
2026-03-25 15:00:23 0 [ERROR] InnoDB: Your database may be corrupt or you may have copied the InnoDB tablespace but not the InnoDB log files. Please refer to https://mariadb.com/kb/en/library/innodb-recovery-modes/ for information about forcing recovery.
2026-03-25 15:00:23 0 [ERROR] InnoDB: Page [page id: space=0, page number=386] log sequence number 1319931 is in the future! Current system log sequence number 300306.
2026-03-25 15:00:23 0 [ERROR] InnoDB: Your database may be corrupt or you may have copied the InnoDB tablespace but not the InnoDB log files. Please refer to https://mariadb.com/kb/en/library/innodb-recovery-modes/ for information about forcing recovery.
2026-03-25 15:00:23 0 [ERROR] InnoDB: Page [page id: space=0, page number=255] log sequence number 1319991 is in the future! Current system log sequence number 300306.
2026-03-25 15:00:23 0 [ERROR] InnoDB: Your database may be corrupt or you may have copied the InnoDB tablespace but not the InnoDB log files. Please refer to https://mariadb.com/kb/en/library/innodb-recovery-modes/ for information about forcing recovery.
2026-03-25 15:00:23 0 [ERROR] InnoDB: Page [page id: space=0, page number=364] log sequence number 1319991 is in the future! Current system log sequence number 300306.
2026-03-25 15:00:23 0 [ERROR] InnoDB: Your database may be corrupt or you may have copied the InnoDB tablespace but not the InnoDB log files. Please refer to https://mariadb.com/kb/en/library/innodb-recovery-modes/ for information about forcing recovery.
2026-03-25 15:00:23 0 [ERROR] InnoDB: Page [page id: space=0, page number=256] log sequence number 1320035 is in the future! Current system log sequence number 300306.
2026-03-25 15:00:23 0 [ERROR] InnoDB: Your database may be corrupt or you may have copied the InnoDB tablespace but not the InnoDB log files. Please refer to https://mariadb.com/kb/en/library/innodb-recovery-modes/ for information about forcing recovery.
2026-03-25 15:00:23 0 [ERROR] InnoDB: Page [page id: space=0, page number=385] log sequence number 1320035 is in the future! Current system log sequence number 300306.
2026-03-25 15:00:23 0 [ERROR] InnoDB: Your database may be corrupt or you may have copied the InnoDB tablespace but not the InnoDB log files. Please refer to https://mariadb.com/kb/en/library/innodb-recovery-modes/ for information about forcing recovery.
2026-03-25 15:00:23 0 [ERROR] InnoDB: Page [page id: space=0, page number=257] log sequence number 1320079 is in the future! Current system log sequence number 300306.
2026-03-25 15:00:23 0 [ERROR] InnoDB: Your database may be corrupt or you may have copied the InnoDB tablespace but not the InnoDB log files. Please refer to https://mariadb.com/kb/en/library/innodb-recovery-modes/ for information about forcing recovery.
2026-03-25 15:00:23 0 [ERROR] InnoDB: Page [page id: space=0, page number=387] log sequence number 1320079 is in the future! Current system log sequence number 300306.
2026-03-25 15:00:23 0 [ERROR] InnoDB: Your database may be corrupt or you may have copied the InnoDB tablespace but not the InnoDB log files. Please refer to https://mariadb.com/kb/en/library/innodb-recovery-modes/ for information about forcing recovery.
2026-03-25 15:00:23 0 [ERROR] InnoDB: Page [page id: space=0, page number=258] log sequence number 1226809 is in the future! Current system log sequence number 300306.
2026-03-25 15:00:23 0 [ERROR] InnoDB: Your database may be corrupt or you may have copied the InnoDB tablespace but not the InnoDB log files. Please refer to https://mariadb.com/kb/en/library/innodb-recovery-modes/ for information about forcing recovery.
2026-03-25 15:00:23 0 [ERROR] InnoDB: Page [page id: space=0, page number=396] log sequence number 1226809 is in the future! Current system log sequence number 300306.
2026-03-25 15:00:23 0 [ERROR] InnoDB: Your database may be corrupt or you may have copied the InnoDB tablespace but not the InnoDB log files. Please refer to https://mariadb.com/kb/en/library/innodb-recovery-modes/ for information about forcing recovery.
2026-03-25 15:00:23 0 [ERROR] InnoDB: Page [page id: space=0, page number=259] log sequence number 1320123 is in the future! Current system log sequence number 300306.
2026-03-25 15:00:23 0 [ERROR] InnoDB: Your database may be corrupt or you may have copied the InnoDB tablespace but not the InnoDB log files. Please refer to https://mariadb.com/kb/en/library/innodb-recovery-modes/ for information about forcing recovery.
2026-03-25 15:00:23 0 [ERROR] InnoDB: Page [page id: space=0, page number=331] log sequence number 1320123 is in the future! Current system log sequence number 300306.
2026-03-25 15:00:23 0 [ERROR] InnoDB: Your database may be corrupt or you may have copied the InnoDB tablespace but not the InnoDB log files. Please refer to https://mariadb.com/kb/en/library/innodb-recovery-modes/ for information about forcing recovery.
2026-03-25 15:00:23 0 [ERROR] InnoDB: Page [page id: space=0, page number=260] log sequence number 1648633 is in the future! Current system log sequence number 300306.
2026-03-25 15:00:23 0 [ERROR] InnoDB: Your database may be corrupt or you may have copied the InnoDB tablespace but not the InnoDB log files. Please refer to https://mariadb.com/kb/en/library/innodb-recovery-modes/ for information about forcing recovery.
2026-03-25 15:00:23 0 [ERROR] InnoDB: Page [page id: space=0, page number=395] log sequence number 1648633 is in the future! Current system log sequence number 300306.
2026-03-25 15:00:23 0 [ERROR] InnoDB: Your database may be corrupt or you may have copied the InnoDB tablespace but not the InnoDB log files. Please refer to https://mariadb.com/kb/en/library/innodb-recovery-modes/ for information about forcing recovery.
2026-03-25 15:00:23 0 [ERROR] InnoDB: Page [page id: space=0, page number=261] log sequence number 1648693 is in the future! Current system log sequence number 300306.
2026-03-25 15:00:23 0 [ERROR] InnoDB: Your database may be corrupt or you may have copied the InnoDB tablespace but not the InnoDB log files. Please refer to https://mariadb.com/kb/en/library/innodb-recovery-modes/ for information about forcing recovery.
2026-03-25 15:00:23 0 [ERROR] InnoDB: Page [page id: space=0, page number=398] log sequence number 1648693 is in the future! Current system log sequence number 300306.
2026-03-25 15:00:23 0 [ERROR] InnoDB: Your database may be corrupt or you may have copied the InnoDB tablespace but not the InnoDB log files. Please refer to https://mariadb.com/kb/en/library/innodb-recovery-modes/ for information about forcing recovery.
2026-03-25 15:00:23 0 [ERROR] InnoDB: Page [page id: space=0, page number=262] log sequence number 1648737 is in the future! Current system log sequence number 300306.
2026-03-25 15:00:23 0 [ERROR] InnoDB: Your database may be corrupt or you may have copied the InnoDB tablespace but not the InnoDB log files. Please refer to https://mariadb.com/kb/en/library/innodb-recovery-modes/ for information about forcing recovery.
2026-03-25 15:00:23 0 [ERROR] InnoDB: Page [page id: space=0, page number=397] log sequence number 1648737 is in the future! Current system log sequence number 300306.
2026-03-25 15:00:23 0 [ERROR] InnoDB: Your database may be corrupt or you may have copied the InnoDB tablespace but not the InnoDB log files. Please refer to https://mariadb.com/kb/en/library/innodb-recovery-modes/ for information about forcing recovery.
2026-03-25 15:00:23 0 [ERROR] InnoDB: Page [page id: space=0, page number=263] log sequence number 1648781 is in the future! Current system log sequence number 300306.
2026-03-25 15:00:23 0 [ERROR] InnoDB: Your database may be corrupt or you may have copied the InnoDB tablespace but not the InnoDB log files. Please refer to https://mariadb.com/kb/en/library/innodb-recovery-modes/ for information about forcing recovery.
2026-03-25 15:00:23 0 [ERROR] InnoDB: Page [page id: space=0, page number=405] log sequence number 1648781 is in the future! Current system log sequence number 300306.
2026-03-25 15:00:23 0 [ERROR] InnoDB: Your database may be corrupt or you may have copied the InnoDB tablespace but not the InnoDB log files. Please refer to https://mariadb.com/kb/en/library/innodb-recovery-modes/ for information about forcing recovery.
2026-03-25 15:00:23 0 [ERROR] InnoDB: Page [page id: space=0, page number=264] log sequence number 1648825 is in the future! Current system log sequence number 300306.
2026-03-25 15:00:23 0 [ERROR] InnoDB: Your database may be corrupt or you may have copied the InnoDB tablespace but not the InnoDB log files. Please refer to https://mariadb.com/kb/en/library/innodb-recovery-modes/ for information about forcing recovery.
2026-03-25 15:00:23 0 [ERROR] InnoDB: Page [page id: space=0, page number=399] log sequence number 1648825 is in the future! Current system log sequence number 300306.
2026-03-25 15:00:23 0 [ERROR] InnoDB: Your database may be corrupt or you may have copied the InnoDB tablespace but not the InnoDB log files. Please refer to https://mariadb.com/kb/en/library/innodb-recovery-modes/ for information about forcing recovery.
2026-03-25 15:00:23 0 [ERROR] InnoDB: Page [page id: space=0, page number=265] log sequence number 1648869 is in the future! Current system log sequence number 300306.
2026-03-25 15:00:23 0 [ERROR] InnoDB: Your database may be corrupt or you may have copied the InnoDB tablespace but not the InnoDB log files. Please refer to https://mariadb.com/kb/en/library/innodb-recovery-modes/ for information about forcing recovery.
2026-03-25 15:00:23 0 [ERROR] InnoDB: Page [page id: space=0, page number=400] log sequence number 1648869 is in the future! Current system log sequence number 300306.
2026-03-25 15:00:23 0 [ERROR] InnoDB: Your database may be corrupt or you may have copied the InnoDB tablespace but not the InnoDB log files. Please refer to https://mariadb.com/kb/en/library/innodb-recovery-modes/ for information about forcing recovery.
2026-03-25 15:00:23 0 [ERROR] InnoDB: Page [page id: space=0, page number=266] log sequence number 1648913 is in the future! Current system log sequence number 300306.
2026-03-25 15:00:23 0 [ERROR] InnoDB: Your database may be corrupt or you may have copied the InnoDB tablespace but not the InnoDB log files. Please refer to https://mariadb.com/kb/en/library/innodb-recovery-modes/ for information about forcing recovery.
2026-03-25 15:00:23 0 [ERROR] InnoDB: Page [page id: space=0, page number=437] log sequence number 1648913 is in the future! Current system log sequence number 300306.
2026-03-25 15:00:23 0 [ERROR] InnoDB: Your database may be corrupt or you may have copied the InnoDB tablespace but not the InnoDB log files. Please refer to https://mariadb.com/kb/en/library/innodb-recovery-modes/ for information about forcing recovery.
2026-03-25 15:00:23 0 [ERROR] InnoDB: Page [page id: space=0, page number=267] log sequence number 1648957 is in the future! Current system log sequence number 300306.
2026-03-25 15:00:23 0 [ERROR] InnoDB: Your database may be corrupt or you may have copied the InnoDB tablespace but not the InnoDB log files. Please refer to https://mariadb.com/kb/en/library/innodb-recovery-modes/ for information about forcing recovery.
2026-03-25 15:00:23 0 [ERROR] InnoDB: Page [page id: space=0, page number=401] log sequence number 1648957 is in the future! Current system log sequence number 300306.
2026-03-25 15:00:23 0 [ERROR] InnoDB: Your database may be corrupt or you may have copied the InnoDB tablespace but not the InnoDB log files. Please refer to https://mariadb.com/kb/en/library/innodb-recovery-modes/ for information about forcing recovery.
2026-03-25 15:00:23 0 [ERROR] InnoDB: Page [page id: space=0, page number=268] log sequence number 1649001 is in the future! Current system log sequence number 300306.
2026-03-25 15:00:23 0 [ERROR] InnoDB: Your database may be corrupt or you may have copied the InnoDB tablespace but not the InnoDB log files. Please refer to https://mariadb.com/kb/en/library/innodb-recovery-modes/ for information about forcing recovery.
2026-03-25 15:00:23 0 [ERROR] InnoDB: Page [page id: space=0, page number=332] log sequence number 1649001 is in the future! Current system log sequence number 300306.
2026-03-25 15:00:23 0 [ERROR] InnoDB: Your database may be corrupt or you may have copied the InnoDB tablespace but not the InnoDB log files. Please refer to https://mariadb.com/kb/en/library/innodb-recovery-modes/ for information about forcing recovery.
2026-03-25 15:00:23 0 [ERROR] InnoDB: Page [page id: space=0, page number=269] log sequence number 1649045 is in the future! Current system log sequence number 300306.
2026-03-25 15:00:23 0 [ERROR] InnoDB: Your database may be corrupt or you may have copied the InnoDB tablespace but not the InnoDB log files. Please refer to https://mariadb.com/kb/en/library/innodb-recovery-modes/ for information about forcing recovery.
2026-03-25 15:00:23 0 [ERROR] InnoDB: Page [page id: space=0, page number=403] log sequence number 1649045 is in the future! Current system log sequence number 300306.
2026-03-25 15:00:23 0 [ERROR] InnoDB: Your database may be corrupt or you may have copied the InnoDB tablespace but not the InnoDB log files. Please refer to https://mariadb.com/kb/en/library/innodb-recovery-modes/ for information about forcing recovery.
2026-03-25 15:00:23 0 [ERROR] InnoDB: Page [page id: space=0, page number=270] log sequence number 1649089 is in the future! Current system log sequence number 300306.
2026-03-25 15:00:23 0 [ERROR] InnoDB: Your database may be corrupt or you may have copied the InnoDB tablespace but not the InnoDB log files. Please refer to https://mariadb.com/kb/en/library/innodb-recovery-modes/ for information about forcing recovery.
2026-03-25 15:00:23 0 [ERROR] InnoDB: Page [page id: space=0, page number=404] log sequence number 1649089 is in the future! Current system log sequence number 300306.
2026-03-25 15:00:23 0 [ERROR] InnoDB: Your database may be corrupt or you may have copied the InnoDB tablespace but not the InnoDB log files. Please refer to https://mariadb.com/kb/en/library/innodb-recovery-modes/ for information about forcing recovery.
2026-03-25 15:00:23 0 [ERROR] InnoDB: Page [page id: space=0, page number=271] log sequence number 1649133 is in the future! Current system log sequence number 300306.
2026-03-25 15:00:23 0 [ERROR] InnoDB: Your database may be corrupt or you may have copied the InnoDB tablespace but not the InnoDB log files. Please refer to https://mariadb.com/kb/en/library/innodb-recovery-modes/ for information about forcing recovery.
2026-03-25 15:00:23 0 [ERROR] InnoDB: Page [page id: space=0, page number=317] log sequence number 1649133 is in the future! Current system log sequence number 300306.
2026-03-25 15:00:23 0 [ERROR] InnoDB: Your database may be corrupt or you may have copied the InnoDB tablespace but not the InnoDB log files. Please refer to https://mariadb.com/kb/en/library/innodb-recovery-modes/ for information about forcing recovery.
2026-03-25 15:00:23 0 [ERROR] InnoDB: Page [page id: space=0, page number=272] log sequence number 1649193 is in the future! Current system log sequence number 300306.
2026-03-25 15:00:23 0 [ERROR] InnoDB: Your database may be corrupt or you may have copied the InnoDB tablespace but not the InnoDB log files. Please refer to https://mariadb.com/kb/en/library/innodb-recovery-modes/ for information about forcing recovery.
2026-03-25 15:00:23 0 [ERROR] InnoDB: Page [page id: space=0, page number=406] log sequence number 1649193 is in the future! Current system log sequence number 300306.
2026-03-25 15:00:23 0 [ERROR] InnoDB: Your database may be corrupt or you may have copied the InnoDB tablespace but not the InnoDB log files. Please refer to https://mariadb.com/kb/en/library/innodb-recovery-modes/ for information about forcing recovery.
2026-03-25 15:00:23 0 [ERROR] InnoDB: Page [page id: space=0, page number=273] log sequence number 1649237 is in the future! Current system log sequence number 300306.
2026-03-25 15:00:23 0 [ERROR] InnoDB: Your database may be corrupt or you may have copied the InnoDB tablespace but not the InnoDB log files. Please refer to https://mariadb.com/kb/en/library/innodb-recovery-modes/ for information about forcing recovery.
2026-03-25 15:00:23 0 [ERROR] InnoDB: Page [page id: space=0, page number=334] log sequence number 1649237 is in the future! Current system log sequence number 300306.
2026-03-25 15:00:23 0 [ERROR] InnoDB: Your database may be corrupt or you may have copied the InnoDB tablespace but not the InnoDB log files. Please refer to https://mariadb.com/kb/en/library/innodb-recovery-modes/ for information about forcing recovery.
2026-03-25 15:00:23 0 [ERROR] InnoDB: Page [page id: space=0, page number=274] log sequence number 1649281 is in the future! Current system log sequence number 300306.
2026-03-25 15:00:23 0 [ERROR] InnoDB: Your database may be corrupt or you may have copied the InnoDB tablespace but not the InnoDB log files. Please refer to https://mariadb.com/kb/en/library/innodb-recovery-modes/ for information about forcing recovery.
2026-03-25 15:00:23 0 [ERROR] InnoDB: Page [page id: space=0, page number=409] log sequence number 1649281 is in the future! Current system log sequence number 300306.
2026-03-25 15:00:23 0 [ERROR] InnoDB: Your database may be corrupt or you may have copied the InnoDB tablespace but not the InnoDB log files. Please refer to https://mariadb.com/kb/en/library/innodb-recovery-modes/ for information about forcing recovery.
2026-03-25 15:00:23 0 [ERROR] InnoDB: Page [page id: space=0, page number=275] log sequence number 1649325 is in the future! Current system log sequence number 300306.
2026-03-25 15:00:23 0 [ERROR] InnoDB: Your database may be corrupt or you may have copied the InnoDB tablespace but not the InnoDB log files. Please refer to https://mariadb.com/kb/en/library/innodb-recovery-modes/ for information about forcing recovery.
2026-03-25 15:00:23 0 [ERROR] InnoDB: Page [page id: space=0, page number=352] log sequence number 1649325 is in the future! Current system log sequence number 300306.
2026-03-25 15:00:23 0 [ERROR] InnoDB: Your database may be corrupt or you may have copied the InnoDB tablespace but not the InnoDB log files. Please refer to https://mariadb.com/kb/en/library/innodb-recovery-modes/ for information about forcing recovery.
2026-03-25 15:00:23 0 [ERROR] InnoDB: Page [page id: space=0, page number=276] log sequence number 1649909 is in the future! Current system log sequence number 300306.
2026-03-25 15:00:23 0 [ERROR] InnoDB: Your database may be corrupt or you may have copied the InnoDB tablespace but not the InnoDB log files. Please refer to https://mariadb.com/kb/en/library/innodb-recovery-modes/ for information about forcing recovery.
2026-03-25 15:00:23 0 [ERROR] InnoDB: Page [page id: space=0, page number=319] log sequence number 1649909 is in the future! Current system log sequence number 300306.
2026-03-25 15:00:23 0 [ERROR] InnoDB: Your database may be corrupt or you may have copied the InnoDB tablespace but not the InnoDB log files. Please refer to https://mariadb.com/kb/en/library/innodb-recovery-modes/ for information about forcing recovery.
2026-03-25 15:00:23 0 [ERROR] InnoDB: Page [page id: space=0, page number=277] log sequence number 1650228 is in the future! Current system log sequence number 300306.
2026-03-25 15:00:23 0 [ERROR] InnoDB: Your database may be corrupt or you may have copied the InnoDB tablespace but not the InnoDB log files. Please refer to https://mariadb.com/kb/en/library/innodb-recovery-modes/ for information about forcing recovery.
2026-03-25 15:00:23 0 [ERROR] InnoDB: Page [page id: space=0, page number=412] log sequence number 1650228 is in the future! Current system log sequence number 300306.
2026-03-25 15:00:23 0 [ERROR] InnoDB: Your database may be corrupt or you may have copied the InnoDB tablespace but not the InnoDB log files. Please refer to https://mariadb.com/kb/en/library/innodb-recovery-modes/ for information about forcing recovery.
2026-03-25 15:00:23 0 [ERROR] InnoDB: Page [page id: space=0, page number=278] log sequence number 1236052 is in the future! Current system log sequence number 300306.
2026-03-25 15:00:23 0 [ERROR] InnoDB: Your database may be corrupt or you may have copied the InnoDB tablespace but not the InnoDB log files. Please refer to https://mariadb.com/kb/en/library/innodb-recovery-modes/ for information about forcing recovery.
2026-03-25 15:00:23 0 [ERROR] InnoDB: Page [page id: space=0, page number=413] log sequence number 1236052 is in the future! Current system log sequence number 300306.
2026-03-25 15:00:23 0 [ERROR] InnoDB: Your database may be corrupt or you may have copied the InnoDB tablespace but not the InnoDB log files. Please refer to https://mariadb.com/kb/en/library/innodb-recovery-modes/ for information about forcing recovery.
2026-03-25 15:00:23 0 [ERROR] InnoDB: Page [page id: space=0, page number=279] log sequence number 1237075 is in the future! Current system log sequence number 300306.
2026-03-25 15:00:23 0 [ERROR] InnoDB: Your database may be corrupt or you may have copied the InnoDB tablespace but not the InnoDB log files. Please refer to https://mariadb.com/kb/en/library/innodb-recovery-modes/ for information about forcing recovery.
2026-03-25 15:00:23 0 [ERROR] InnoDB: Page [page id: space=0, page number=414] log sequence number 1237075 is in the future! Current system log sequence number 300306.
2026-03-25 15:00:23 0 [ERROR] InnoDB: Your database may be corrupt or you may have copied the InnoDB tablespace but not the InnoDB log files. Please refer to https://mariadb.com/kb/en/library/innodb-recovery-modes/ for information about forcing recovery.
2026-03-25 15:00:23 0 [ERROR] InnoDB: Page [page id: space=0, page number=280] log sequence number 1237119 is in the future! Current system log sequence number 300306.
2026-03-25 15:00:23 0 [ERROR] InnoDB: Your database may be corrupt or you may have copied the InnoDB tablespace but not the InnoDB log files. Please refer to https://mariadb.com/kb/en/library/innodb-recovery-modes/ for information about forcing recovery.
2026-03-25 15:00:23 0 [ERROR] InnoDB: Page [page id: space=0, page number=415] log sequence number 1237119 is in the future! Current system log sequence number 300306.
2026-03-25 15:00:23 0 [ERROR] InnoDB: Your database may be corrupt or you may have copied the InnoDB tablespace but not the InnoDB log files. Please refer to https://mariadb.com/kb/en/library/innodb-recovery-modes/ for information about forcing recovery.
2026-03-25 15:00:23 0 [ERROR] InnoDB: Page [page id: space=0, page number=281] log sequence number 1266772 is in the future! Current system log sequence number 300306.
2026-03-25 15:00:23 0 [ERROR] InnoDB: Your database may be corrupt or you may have copied the InnoDB tablespace but not the InnoDB log files. Please refer to https://mariadb.com/kb/en/library/innodb-recovery-modes/ for information about forcing recovery.
2026-03-25 15:00:23 0 [ERROR] InnoDB: Page [page id: space=0, page number=416] log sequence number 1266772 is in the future! Current system log sequence number 300306.
2026-03-25 15:00:23 0 [ERROR] InnoDB: Your database may be corrupt or you may have copied the InnoDB tablespace but not the InnoDB log files. Please refer to https://mariadb.com/kb/en/library/innodb-recovery-modes/ for information about forcing recovery.
2026-03-25 15:00:23 0 [ERROR] InnoDB: Page [page id: space=0, page number=282] log sequence number 1266816 is in the future! Current system log sequence number 300306.
2026-03-25 15:00:23 0 [ERROR] InnoDB: Your database may be corrupt or you may have copied the InnoDB tablespace but not the InnoDB log files. Please refer to https://mariadb.com/kb/en/library/innodb-recovery-modes/ for information about forcing recovery.
2026-03-25 15:00:23 0 [ERROR] InnoDB: Page [page id: space=0, page number=417] log sequence number 1266816 is in the future! Current system log sequence number 300306.
2026-03-25 15:00:23 0 [ERROR] InnoDB: Your database may be corrupt or you may have copied the InnoDB tablespace but not the InnoDB log files. Please refer to https://mariadb.com/kb/en/library/innodb-recovery-modes/ for information about forcing recovery.
2026-03-25 15:00:23 0 [ERROR] InnoDB: Page [page id: space=0, page number=283] log sequence number 1266860 is in the future! Current system log sequence number 300306.
2026-03-25 15:00:23 0 [ERROR] InnoDB: Your database may be corrupt or you may have copied the InnoDB tablespace but not the InnoDB log files. Please refer to https://mariadb.com/kb/en/library/innodb-recovery-modes/ for information about forcing recovery.
2026-03-25 15:00:23 0 [ERROR] InnoDB: Page [page id: space=0, page number=418] log sequence number 1266860 is in the future! Current system log sequence number 300306.
2026-03-25 15:00:23 0 [ERROR] InnoDB: Your database may be corrupt or you may have copied the InnoDB tablespace but not the InnoDB log files. Please refer to https://mariadb.com/kb/en/library/innodb-recovery-modes/ for information about forcing recovery.
2026-03-25 15:00:23 0 [ERROR] InnoDB: Page [page id: space=0, page number=284] log sequence number 1266904 is in the future! Current system log sequence number 300306.
2026-03-25 15:00:23 0 [ERROR] InnoDB: Your database may be corrupt or you may have copied the InnoDB tablespace but not the InnoDB log files. Please refer to https://mariadb.com/kb/en/library/innodb-recovery-modes/ for information about forcing recovery.
2026-03-25 15:00:23 0 [ERROR] InnoDB: Page [page id: space=0, page number=419] log sequence number 1266904 is in the future! Current system log sequence number 300306.
2026-03-25 15:00:23 0 [ERROR] InnoDB: Your database may be corrupt or you may have copied the InnoDB tablespace but not the InnoDB log files. Please refer to https://mariadb.com/kb/en/library/innodb-recovery-modes/ for information about forcing recovery.
2026-03-25 15:00:23 0 [ERROR] InnoDB: Page [page id: space=0, page number=285] log sequence number 1267010 is in the future! Current system log sequence number 300306.
2026-03-25 15:00:23 0 [ERROR] InnoDB: Your database may be corrupt or you may have copied the InnoDB tablespace but not the InnoDB log files. Please refer to https://mariadb.com/kb/en/library/innodb-recovery-modes/ for information about forcing recovery.
2026-03-25 15:00:23 0 [ERROR] InnoDB: Page [page id: space=0, page number=286] log sequence number 1267054 is in the future! Current system log sequence number 300306.
2026-03-25 15:00:23 0 [ERROR] InnoDB: Your database may be corrupt or you may have copied the InnoDB tablespace but not the InnoDB log files. Please refer to https://mariadb.com/kb/en/library/innodb-recovery-modes/ for information about forcing recovery.
2026-03-25 15:00:23 0 [ERROR] InnoDB: Page [page id: space=0, page number=421] log sequence number 1267054 is in the future! Current system log sequence number 300306.
2026-03-25 15:00:23 0 [ERROR] InnoDB: Your database may be corrupt or you may have copied the InnoDB tablespace but not the InnoDB log files. Please refer to https://mariadb.com/kb/en/library/innodb-recovery-modes/ for information about forcing recovery.
2026-03-25 15:00:23 0 [ERROR] InnoDB: Page [page id: space=0, page number=287] log sequence number 1267098 is in the future! Current system log sequence number 300306.
2026-03-25 15:00:23 0 [ERROR] InnoDB: Your database may be corrupt or you may have copied the InnoDB tablespace but not the InnoDB log files. Please refer to https://mariadb.com/kb/en/library/innodb-recovery-modes/ for information about forcing recovery.
2026-03-25 15:00:23 0 [ERROR] InnoDB: Page [page id: space=0, page number=422] log sequence number 1267098 is in the future! Current system log sequence number 300306.
2026-03-25 15:00:23 0 [ERROR] InnoDB: Your database may be corrupt or you may have copied the InnoDB tablespace but not the InnoDB log files. Please refer to https://mariadb.com/kb/en/library/innodb-recovery-modes/ for information about forcing recovery.
2026-03-25 15:00:23 0 [ERROR] InnoDB: Page [page id: space=0, page number=288] log sequence number 1267220 is in the future! Current system log sequence number 300306.
2026-03-25 15:00:23 0 [ERROR] InnoDB: Your database may be corrupt or you may have copied the InnoDB tablespace but not the InnoDB log files. Please refer to https://mariadb.com/kb/en/library/innodb-recovery-modes/ for information about forcing recovery.
2026-03-25 15:00:23 0 [ERROR] InnoDB: Page [page id: space=0, page number=289] log sequence number 1267264 is in the future! Current system log sequence number 300306.
2026-03-25 15:00:23 0 [ERROR] InnoDB: Your database may be corrupt or you may have copied the InnoDB tablespace but not the InnoDB log files. Please refer to https://mariadb.com/kb/en/library/innodb-recovery-modes/ for information about forcing recovery.
2026-03-25 15:00:23 0 [ERROR] InnoDB: Page [page id: space=0, page number=424] log sequence number 1267264 is in the future! Current system log sequence number 300306.
2026-03-25 15:00:23 0 [ERROR] InnoDB: Your database may be corrupt or you may have copied the InnoDB tablespace but not the InnoDB log files. Please refer to https://mariadb.com/kb/en/library/innodb-recovery-modes/ for information about forcing recovery.
2026-03-25 15:00:23 0 [ERROR] InnoDB: Page [page id: space=0, page number=290] log sequence number 1267308 is in the future! Current system log sequence number 300306.
2026-03-25 15:00:23 0 [ERROR] InnoDB: Your database may be corrupt or you may have copied the InnoDB tablespace but not the InnoDB log files. Please refer to https://mariadb.com/kb/en/library/innodb-recovery-modes/ for information about forcing recovery.
2026-03-25 15:00:23 0 [ERROR] InnoDB: Page [page id: space=0, page number=425] log sequence number 1267308 is in the future! Current system log sequence number 300306.
2026-03-25 15:00:23 0 [ERROR] InnoDB: Your database may be corrupt or you may have copied the InnoDB tablespace but not the InnoDB log files. Please refer to https://mariadb.com/kb/en/library/innodb-recovery-modes/ for information about forcing recovery.
2026-03-25 15:00:23 0 [ERROR] InnoDB: Page [page id: space=0, page number=291] log sequence number 1267352 is in the future! Current system log sequence number 300306.
2026-03-25 15:00:23 0 [ERROR] InnoDB: Your database may be corrupt or you may have copied the InnoDB tablespace but not the InnoDB log files. Please refer to https://mariadb.com/kb/en/library/innodb-recovery-modes/ for information about forcing recovery.
2026-03-25 15:00:23 0 [ERROR] InnoDB: Page [page id: space=0, page number=337] log sequence number 1267352 is in the future! Current system log sequence number 300306.
2026-03-25 15:00:23 0 [ERROR] InnoDB: Your database may be corrupt or you may have copied the InnoDB tablespace but not the InnoDB log files. Please refer to https://mariadb.com/kb/en/library/innodb-recovery-modes/ for information about forcing recovery.
2026-03-25 15:00:23 0 [ERROR] InnoDB: Page [page id: space=0, page number=292] log sequence number 1267396 is in the future! Current system log sequence number 300306.
2026-03-25 15:00:23 0 [ERROR] InnoDB: Your database may be corrupt or you may have copied the InnoDB tablespace but not the InnoDB log files. Please refer to https://mariadb.com/kb/en/library/innodb-recovery-modes/ for information about forcing recovery.
2026-03-25 15:00:23 0 [ERROR] InnoDB: Page [page id: space=0, page number=427] log sequence number 1267396 is in the future! Current system log sequence number 300306.
2026-03-25 15:00:23 0 [ERROR] InnoDB: Your database may be corrupt or you may have copied the InnoDB tablespace but not the InnoDB log files. Please refer to https://mariadb.com/kb/en/library/innodb-recovery-modes/ for information about forcing recovery.
2026-03-25 15:00:23 0 [ERROR] InnoDB: Page [page id: space=0, page number=293] log sequence number 1267440 is in the future! Current system log sequence number 300306.
2026-03-25 15:00:23 0 [ERROR] InnoDB: Your database may be corrupt or you may have copied the InnoDB tablespace but not the InnoDB log files. Please refer to https://mariadb.com/kb/en/library/innodb-recovery-modes/ for information about forcing recovery.
2026-03-25 15:00:23 0 [ERROR] InnoDB: Page [page id: space=0, page number=428] log sequence number 1267440 is in the future! Current system log sequence number 300306.
2026-03-25 15:00:23 0 [ERROR] InnoDB: Your database may be corrupt or you may have copied the InnoDB tablespace but not the InnoDB log files. Please refer to https://mariadb.com/kb/en/library/innodb-recovery-modes/ for information about forcing recovery.
2026-03-25 15:00:23 0 [ERROR] InnoDB: Page [page id: space=0, page number=294] log sequence number 1267484 is in the future! Current system log sequence number 300306.
2026-03-25 15:00:23 0 [ERROR] InnoDB: Your database may be corrupt or you may have copied the InnoDB tablespace but not the InnoDB log files. Please refer to https://mariadb.com/kb/en/library/innodb-recovery-modes/ for information about forcing recovery.
2026-03-25 15:00:23 0 [ERROR] InnoDB: Page [page id: space=0, page number=429] log sequence number 1267484 is in the future! Current system log sequence number 300306.
2026-03-25 15:00:23 0 [ERROR] InnoDB: Your database may be corrupt or you may have copied the InnoDB tablespace but not the InnoDB log files. Please refer to https://mariadb.com/kb/en/library/innodb-recovery-modes/ for information about forcing recovery.
2026-03-25 15:00:23 0 [ERROR] InnoDB: Page [page id: space=0, page number=295] log sequence number 1267528 is in the future! Current system log sequence number 300306.
2026-03-25 15:00:23 0 [ERROR] InnoDB: Your database may be corrupt or you may have copied the InnoDB tablespace but not the InnoDB log files. Please refer to https://mariadb.com/kb/en/library/innodb-recovery-modes/ for information about forcing recovery.
2026-03-25 15:00:23 0 [ERROR] InnoDB: Page [page id: space=0, page number=430] log sequence number 1267528 is in the future! Current system log sequence number 300306.
2026-03-25 15:00:23 0 [ERROR] InnoDB: Your database may be corrupt or you may have copied the InnoDB tablespace but not the InnoDB log files. Please refer to https://mariadb.com/kb/en/library/innodb-recovery-modes/ for information about forcing recovery.
2026-03-25 15:00:23 0 [ERROR] InnoDB: Page [page id: space=0, page number=296] log sequence number 1267572 is in the future! Current system log sequence number 300306.
2026-03-25 15:00:23 0 [ERROR] InnoDB: Your database may be corrupt or you may have copied the InnoDB tablespace but not the InnoDB log files. Please refer to https://mariadb.com/kb/en/library/innodb-recovery-modes/ for information about forcing recovery.
2026-03-25 15:00:23 0 [ERROR] InnoDB: Page [page id: space=0, page number=431] log sequence number 1267572 is in the future! Current system log sequence number 300306.
2026-03-25 15:00:23 0 [ERROR] InnoDB: Your database may be corrupt or you may have copied the InnoDB tablespace but not the InnoDB log files. Please refer to https://mariadb.com/kb/en/library/innodb-recovery-modes/ for information about forcing recovery.
2026-03-25 15:00:23 0 [ERROR] InnoDB: Page [page id: space=0, page number=297] log sequence number 1280930 is in the future! Current system log sequence number 300306.
2026-03-25 15:00:23 0 [ERROR] InnoDB: Your database may be corrupt or you may have copied the InnoDB tablespace but not the InnoDB log files. Please refer to https://mariadb.com/kb/en/library/innodb-recovery-modes/ for information about forcing recovery.
2026-03-25 15:00:23 0 [ERROR] InnoDB: Page [page id: space=0, page number=380] log sequence number 1280930 is in the future! Current system log sequence number 300306.
2026-03-25 15:00:23 0 [ERROR] InnoDB: Your database may be corrupt or you may have copied the InnoDB tablespace but not the InnoDB log files. Please refer to https://mariadb.com/kb/en/library/innodb-recovery-modes/ for information about forcing recovery.
2026-03-25 15:00:23 0 [ERROR] InnoDB: Page [page id: space=0, page number=298] log sequence number 1280974 is in the future! Current system log sequence number 300306.
2026-03-25 15:00:23 0 [ERROR] InnoDB: Your database may be corrupt or you may have copied the InnoDB tablespace but not the InnoDB log files. Please refer to https://mariadb.com/kb/en/library/innodb-recovery-modes/ for information about forcing recovery.
2026-03-25 15:00:23 0 [ERROR] InnoDB: Page [page id: space=0, page number=433] log sequence number 1280974 is in the future! Current system log sequence number 300306.
2026-03-25 15:00:23 0 [ERROR] InnoDB: Your database may be corrupt or you may have copied the InnoDB tablespace but not the InnoDB log files. Please refer to https://mariadb.com/kb/en/library/innodb-recovery-modes/ for information about forcing recovery.
2026-03-25 15:00:23 0 [ERROR] InnoDB: Page [page id: space=0, page number=299] log sequence number 1281018 is in the future! Current system log sequence number 300306.
2026-03-25 15:00:23 0 [ERROR] InnoDB: Your database may be corrupt or you may have copied the InnoDB tablespace but not the InnoDB log files. Please refer to https://mariadb.com/kb/en/library/innodb-recovery-modes/ for information about forcing recovery.
2026-03-25 15:00:23 0 [ERROR] InnoDB: Page [page id: space=0, page number=434] log sequence number 1281018 is in the future! Current system log sequence number 300306.
2026-03-25 15:00:23 0 [ERROR] InnoDB: Your database may be corrupt or you may have copied the InnoDB tablespace but not the InnoDB log files. Please refer to https://mariadb.com/kb/en/library/innodb-recovery-modes/ for information about forcing recovery.
2026-03-25 15:00:23 0 [ERROR] InnoDB: Page [page id: space=0, page number=300] log sequence number 1281078 is in the future! Current system log sequence number 300306.
2026-03-25 15:00:23 0 [ERROR] InnoDB: Your database may be corrupt or you may have copied the InnoDB tablespace but not the InnoDB log files. Please refer to https://mariadb.com/kb/en/library/innodb-recovery-modes/ for information about forcing recovery.
2026-03-25 15:00:23 0 [ERROR] InnoDB: Page [page id: space=0, page number=435] log sequence number 1281078 is in the future! Current system log sequence number 300306.
2026-03-25 15:00:23 0 [ERROR] InnoDB: Your database may be corrupt or you may have copied the InnoDB tablespace but not the InnoDB log files. Please refer to https://mariadb.com/kb/en/library/innodb-recovery-modes/ for information about forcing recovery.
2026-03-25 15:00:23 0 [ERROR] InnoDB: Page [page id: space=0, page number=0] log sequence number 1323942 is in the future! Current system log sequence number 300306.
2026-03-25 15:00:23 0 [ERROR] InnoDB: Your database may be corrupt or you may have copied the InnoDB tablespace but not the InnoDB log files. Please refer to https://mariadb.com/kb/en/library/innodb-recovery-modes/ for information about forcing recovery.
2026-03-25 15:00:23 0 [ERROR] InnoDB: Page [page id: space=0, page number=8] log sequence number 1151310 is in the future! Current system log sequence number 300306.
2026-03-25 15:00:23 0 [ERROR] InnoDB: Your database may be corrupt or you may have copied the InnoDB tablespace but not the InnoDB log files. Please refer to https://mariadb.com/kb/en/library/innodb-recovery-modes/ for information about forcing recovery.
2026-03-25 15:00:23 0 [ERROR] InnoDB: Page [page id: space=0, page number=10] log sequence number 4947534 is in the future! Current system log sequence number 300306.
2026-03-25 15:00:23 0 [ERROR] InnoDB: Your database may be corrupt or you may have copied the InnoDB tablespace but not the InnoDB log files. Please refer to https://mariadb.com/kb/en/library/innodb-recovery-modes/ for information about forcing recovery.
2026-03-25 15:00:23 0 [ERROR] InnoDB: Page [page id: space=0, page number=439] log sequence number 4947534 is in the future! Current system log sequence number 300306.
2026-03-25 15:00:23 0 [ERROR] InnoDB: Your database may be corrupt or you may have copied the InnoDB tablespace but not the InnoDB log files. Please refer to https://mariadb.com/kb/en/library/innodb-recovery-modes/ for information about forcing recovery.
2026-03-25 15:00:23 0 [ERROR] InnoDB: Page [page id: space=0, page number=12] log sequence number 1079573 is in the future! Current system log sequence number 300306.
2026-03-25 15:00:23 0 [ERROR] InnoDB: Your database may be corrupt or you may have copied the InnoDB tablespace but not the InnoDB log files. Please refer to https://mariadb.com/kb/en/library/innodb-recovery-modes/ for information about forcing recovery.
2026-03-25 15:00:23 0 [ERROR] InnoDB: Page [page id: space=0, page number=307] log sequence number 1079543 is in the future! Current system log sequence number 300306.
2026-03-25 15:00:23 0 [ERROR] InnoDB: Your database may be corrupt or you may have copied the InnoDB tablespace but not the InnoDB log files. Please refer to https://mariadb.com/kb/en/library/innodb-recovery-modes/ for information about forcing recovery.
2026-03-25 15:00:23 0 [ERROR] InnoDB: Page [page id: space=0, page number=302] log sequence number 1056243 is in the future! Current system log sequence number 300306.
2026-03-25 15:00:23 0 [ERROR] InnoDB: Your database may be corrupt or you may have copied the InnoDB tablespace but not the InnoDB log files. Please refer to https://mariadb.com/kb/en/library/innodb-recovery-modes/ for information about forcing recovery.
2026-03-25 15:00:23 0 [ERROR] InnoDB: Page [page id: space=0, page number=303] log sequence number 1053251 is in the future! Current system log sequence number 300306.
2026-03-25 15:00:23 0 [ERROR] InnoDB: Your database may be corrupt or you may have copied the InnoDB tablespace but not the InnoDB log files. Please refer to https://mariadb.com/kb/en/library/innodb-recovery-modes/ for information about forcing recovery.
2026-03-25 15:00:23 0 [ERROR] InnoDB: Page [page id: space=0, page number=304] log sequence number 1053304 is in the future! Current system log sequence number 300306.
2026-03-25 15:00:23 0 [ERROR] InnoDB: Your database may be corrupt or you may have copied the InnoDB tablespace but not the InnoDB log files. Please refer to https://mariadb.com/kb/en/library/innodb-recovery-modes/ for information about forcing recovery.
2026-03-25 15:00:23 0 [ERROR] InnoDB: Page [page id: space=0, page number=308] log sequence number 1079621 is in the future! Current system log sequence number 300306.
2026-03-25 15:00:23 0 [ERROR] InnoDB: Your database may be corrupt or you may have copied the InnoDB tablespace but not the InnoDB log files. Please refer to https://mariadb.com/kb/en/library/innodb-recovery-modes/ for information about forcing recovery.
2026-03-25 15:00:23 0 [ERROR] InnoDB: Operating system error number 3 in a file operation.
2026-03-25 15:00:23 0 [ERROR] InnoDB: The error means the system cannot find the path specified.
2026-03-25 15:00:23 0 [ERROR] InnoDB: If you are installing InnoDB, remember that you must create directories yourself, InnoDB does not create them.
2026-03-25 15:00:23 0 [ERROR] InnoDB: Cannot open datafile for read-only: '.\mydb\sathwik.ibd' OS error: 203
2026-03-25 15:00:23 0 [ERROR] InnoDB: Operating system error number 203 in a file operation.
2026-03-25 15:00:23 0 [Note] InnoDB: Some operating system error numbers are described at https://mariadb.com/kb/en/library/operating-system-error-codes/
2026-03-25 15:00:23 0 [ERROR] InnoDB: Could not find a valid tablespace file for ``mydb`.`sathwik``. Please refer to https://mariadb.com/kb/en/innodb-data-dictionary-troubleshooting/ for how to resolve the issue.
2026-03-25 15:00:23 0 [Warning] InnoDB: Ignoring tablespace for `mydb`.`sathwik` because it could not be opened.
2026-03-25 15:00:23 0 [Note] InnoDB: 128 out of 128 rollback segments are active.
2026-03-25 15:00:23 0 [ERROR] InnoDB: Page [page id: space=0, page number=305] log sequence number 1056098 is in the future! Current system log sequence number 300306.
2026-03-25 15:00:23 0 [ERROR] InnoDB: Your database may be corrupt or you may have copied the InnoDB tablespace but not the InnoDB log files. Please refer to https://mariadb.com/kb/en/library/innodb-recovery-modes/ for information about forcing recovery.
2026-03-25 15:00:23 0 [Note] InnoDB: Removed temporary tablespace data file: "ibtmp1"
2026-03-25 15:00:23 0 [Note] InnoDB: Creating shared tablespace for temporary tables
2026-03-25 15:00:23 0 [Note] InnoDB: Setting file 'C:\xampp\mysql\data\ibtmp1' size to 12 MB. Physically writing the file full; Please wait ...
2026-03-25 15:00:23 0 [Note] InnoDB: File 'C:\xampp\mysql\data\ibtmp1' size is now 12 MB.
2026-03-25 15:00:23 0 [Note] InnoDB: Waiting for purge to start
2026-03-25 15:00:23 2 [ERROR] InnoDB: Page [page id: space=0, page number=9] log sequence number 1077020 is in the future! Current system log sequence number 300306.
2026-03-25 15:00:23 2 [ERROR] InnoDB: Your database may be corrupt or you may have copied the InnoDB tablespace but not the InnoDB log files. Please refer to https://mariadb.com/kb/en/library/innodb-recovery-modes/ for information about forcing recovery.
2026-03-25 15:00:23 2 [ERROR] InnoDB: Page [page id: space=49, page number=0] log sequence number 2153917 is in the future! Current system log sequence number 300306.
2026-03-25 15:00:23 2 [ERROR] InnoDB: Your database may be corrupt or you may have copied the InnoDB tablespace but not the InnoDB log files. Please refer to https://mariadb.com/kb/en/library/innodb-recovery-modes/ for information about forcing recovery.
2026-03-25 15:00:23 2 [ERROR] InnoDB: Page [page id: space=0, page number=440] log sequence number 1151331 is in the future! Current system log sequence number 300306.
2026-03-25 15:00:23 2 [ERROR] InnoDB: Your database may be corrupt or you may have copied the InnoDB tablespace but not the InnoDB log files. Please refer to https://mariadb.com/kb/en/library/innodb-recovery-modes/ for information about forcing recovery.
2026-03-25 15:00:23 2 [ERROR] InnoDB: Page [page id: space=49, page number=3] log sequence number 1649929 is in the future! Current system log sequence number 300306.
2026-03-25 15:00:23 2 [ERROR] InnoDB: Your database may be corrupt or you may have copied the InnoDB tablespace but not the InnoDB log files. Please refer to https://mariadb.com/kb/en/library/innodb-recovery-modes/ for information about forcing recovery.
2026-03-25 15:00:23 2 [ERROR] InnoDB: Page [page id: space=49, page number=1] log sequence number 2153641 is in the future! Current system log sequence number 300306.
2026-03-25 15:00:23 2 [ERROR] InnoDB: Your database may be corrupt or you may have copied the InnoDB tablespace but not the InnoDB log files. Please refer to https://mariadb.com/kb/en/library/innodb-recovery-modes/ for information about forcing recovery.
2026-03-25 15:00:23 2 [ERROR] InnoDB: Page [page id: space=63, page number=0] log sequence number 473319 is in the future! Current system log sequence number 300306.
2026-03-25 15:00:23 2 [ERROR] InnoDB: Your database may be corrupt or you may have copied the InnoDB tablespace but not the InnoDB log files. Please refer to https://mariadb.com/kb/en/library/innodb-recovery-modes/ for information about forcing recovery.
2026-03-25 15:00:23 2 [ERROR] InnoDB: Page [page id: space=63, page number=3] log sequence number 1046484 is in the future! Current system log sequence number 300306.
2026-03-25 15:00:23 2 [ERROR] InnoDB: Your database may be corrupt or you may have copied the InnoDB tablespace but not the InnoDB log files. Please refer to https://mariadb.com/kb/en/library/innodb-recovery-modes/ for information about forcing recovery.
2026-03-25 15:00:23 2 [ERROR] InnoDB: Page [page id: space=63, page number=1] log sequence number 473027 is in the future! Current system log sequence number 300306.
2026-03-25 15:00:23 2 [ERROR] InnoDB: Your database may be corrupt or you may have copied the InnoDB tablespace but not the InnoDB log files. Please refer to https://mariadb.com/kb/en/library/innodb-recovery-modes/ for information about forcing recovery.
2026-03-25 15:00:23 2 [ERROR] InnoDB: Page [page id: space=54, page number=0] log sequence number 2177401 is in the future! Current system log sequence number 300306.
2026-03-25 15:00:23 2 [ERROR] InnoDB: Your database may be corrupt or you may have copied the InnoDB tablespace but not the InnoDB log files. Please refer to https://mariadb.com/kb/en/library/innodb-recovery-modes/ for information about forcing recovery.
2026-03-25 15:00:23 2 [ERROR] InnoDB: Page [page id: space=54, page number=3] log sequence number 1041053 is in the future! Current system log sequence number 300306.
2026-03-25 15:00:23 2 [ERROR] InnoDB: Your database may be corrupt or you may have copied the InnoDB tablespace but not the InnoDB log files. Please refer to https://mariadb.com/kb/en/library/innodb-recovery-modes/ for information about forcing recovery.
2026-03-25 15:00:23 2 [ERROR] InnoDB: Page [page id: space=54, page number=1] log sequence number 2177125 is in the future! Current system log sequence number 300306.
2026-03-25 15:00:23 2 [ERROR] InnoDB: Your database may be corrupt or you may have copied the InnoDB tablespace but not the InnoDB log files. Please refer to https://mariadb.com/kb/en/library/innodb-recovery-modes/ for information about forcing recovery.
2026-03-25 15:00:23 2 [ERROR] InnoDB: Page [page id: space=59, page number=0] log sequence number 382815 is in the future! Current system log sequence number 300306.
2026-03-25 15:00:23 2 [ERROR] InnoDB: Your database may be corrupt or you may have copied the InnoDB tablespace but not the InnoDB log files. Please refer to https://mariadb.com/kb/en/library/innodb-recovery-modes/ for information about forcing recovery.
2026-03-25 15:00:23 2 [ERROR] InnoDB: Page [page id: space=59, page number=3] log sequence number 372343 is in the future! Current system log sequence number 300306.
2026-03-25 15:00:23 2 [ERROR] InnoDB: Your database may be corrupt or you may have copied the InnoDB tablespace but not the InnoDB log files. Please refer to https://mariadb.com/kb/en/library/innodb-recovery-modes/ for information about forcing recovery.
2026-03-25 15:00:23 2 [ERROR] InnoDB: Page [page id: space=59, page number=1] log sequence number 382539 is in the future! Current system log sequence number 300306.
2026-03-25 15:00:23 2 [ERROR] InnoDB: Your database may be corrupt or you may have copied the InnoDB tablespace but not the InnoDB log files. Please refer to https://mariadb.com/kb/en/library/innodb-recovery-modes/ for information about forcing recovery.
2026-03-25 15:00:24 2 [ERROR] InnoDB: Page [page id: space=61, page number=0] log sequence number 4949561 is in the future! Current system log sequence number 300306.
2026-03-25 15:00:24 2 [ERROR] InnoDB: Your database may be corrupt or you may have copied the InnoDB tablespace but not the InnoDB log files. Please refer to https://mariadb.com/kb/en/library/innodb-recovery-modes/ for information about forcing recovery.
2026-03-25 15:00:24 2 [ERROR] InnoDB: Page [page id: space=61, page number=3] log sequence number 1139755 is in the future! Current system log sequence number 300306.
2026-03-25 15:00:24 2 [ERROR] InnoDB: Your database may be corrupt or you may have copied the InnoDB tablespace but not the InnoDB log files. Please refer to https://mariadb.com/kb/en/library/innodb-recovery-modes/ for information about forcing recovery.
2026-03-25 15:00:24 2 [ERROR] InnoDB: Page [page id: space=61, page number=1] log sequence number 4949269 is in the future! Current system log sequence number 300306.
2026-03-25 15:00:24 2 [ERROR] InnoDB: Your database may be corrupt or you may have copied the InnoDB tablespace but not the InnoDB log files. Please refer to https://mariadb.com/kb/en/library/innodb-recovery-modes/ for information about forcing recovery.
2026-03-25 15:00:24 2 [ERROR] InnoDB: Page [page id: space=55, page number=0] log sequence number 2211462 is in the future! Current system log sequence number 300306.
2026-03-25 15:00:24 2 [ERROR] InnoDB: Your database may be corrupt or you may have copied the InnoDB tablespace but not the InnoDB log files. Please refer to https://mariadb.com/kb/en/library/innodb-recovery-modes/ for information about forcing recovery.
2026-03-25 15:00:24 2 [ERROR] InnoDB: Page [page id: space=55, page number=3] log sequence number 1006971 is in the future! Current system log sequence number 300306.
2026-03-25 15:00:24 2 [ERROR] InnoDB: Your database may be corrupt or you may have copied the InnoDB tablespace but not the InnoDB log files. Please refer to https://mariadb.com/kb/en/library/innodb-recovery-modes/ for information about forcing recovery.
2026-03-25 15:00:24 2 [ERROR] InnoDB: Page [page id: space=55, page number=1] log sequence number 2211170 is in the future! Current system log sequence number 300306.
2026-03-25 15:00:24 2 [ERROR] InnoDB: Your database may be corrupt or you may have copied the InnoDB tablespace but not the InnoDB log files. Please refer to https://mariadb.com/kb/en/library/innodb-recovery-modes/ for information about forcing recovery.
2026-03-25 15:00:24 2 [ERROR] InnoDB: Page [page id: space=58, page number=0] log sequence number 3562340 is in the future! Current system log sequence number 300306.
2026-03-25 15:00:24 2 [ERROR] InnoDB: Your database may be corrupt or you may have copied the InnoDB tablespace but not the InnoDB log files. Please refer to https://mariadb.com/kb/en/library/innodb-recovery-modes/ for information about forcing recovery.
2026-03-25 15:00:24 2 [ERROR] InnoDB: Page [page id: space=58, page number=3] log sequence number 1650248 is in the future! Current system log sequence number 300306.
2026-03-25 15:00:24 2 [ERROR] InnoDB: Your database may be corrupt or you may have copied the InnoDB tablespace but not the InnoDB log files. Please refer to https://mariadb.com/kb/en/library/innodb-recovery-modes/ for information about forcing recovery.
2026-03-25 15:00:24 2 [ERROR] InnoDB: Page [page id: space=58, page number=1] log sequence number 3562064 is in the future! Current system log sequence number 300306.
2026-03-25 15:00:24 2 [ERROR] InnoDB: Your database may be corrupt or you may have copied the InnoDB tablespace but not the InnoDB log files. Please refer to https://mariadb.com/kb/en/library/innodb-recovery-modes/ for information about forcing recovery.
2026-03-25 15:00:24 2 [ERROR] InnoDB: Page [page id: space=56, page number=0] log sequence number 2219567 is in the future! Current system log sequence number 300306.
2026-03-25 15:00:24 2 [ERROR] InnoDB: Your database may be corrupt or you may have copied the InnoDB tablespace but not the InnoDB log files. Please refer to https://mariadb.com/kb/en/library/innodb-recovery-modes/ for information about forcing recovery.
2026-03-25 15:00:24 2 [ERROR] InnoDB: Page [page id: space=56, page number=3] log sequence number 1644929 is in the future! Current system log sequence number 300306.
2026-03-25 15:00:24 2 [ERROR] InnoDB: Your database may be corrupt or you may have copied the InnoDB tablespace but not the InnoDB log files. Please refer to https://mariadb.com/kb/en/library/innodb-recovery-modes/ for information about forcing recovery.
2026-03-25 15:00:24 2 [ERROR] InnoDB: Page [page id: space=56, page number=1] log sequence number 2219275 is in the future! Current system log sequence number 300306.
2026-03-25 15:00:24 2 [ERROR] InnoDB: Your database may be corrupt or you may have copied the InnoDB tablespace but not the InnoDB log files. Please refer to https://mariadb.com/kb/en/library/innodb-recovery-modes/ for information about forcing recovery.
2026-03-25 15:00:24 2 [ERROR] InnoDB: Page [page id: space=62, page number=0] log sequence number 520086 is in the future! Current system log sequence number 300306.
2026-03-25 15:00:24 2 [ERROR] InnoDB: Your database may be corrupt or you may have copied the InnoDB tablespace but not the InnoDB log files. Please refer to https://mariadb.com/kb/en/library/innodb-recovery-modes/ for information about forcing recovery.
2026-03-25 15:00:24 2 [ERROR] InnoDB: Page [page id: space=62, page number=3] log sequence number 371761 is in the future! Current system log sequence number 300306.
2026-03-25 15:00:24 2 [ERROR] InnoDB: Your database may be corrupt or you may have copied the InnoDB tablespace but not the InnoDB log files. Please refer to https://mariadb.com/kb/en/library/innodb-recovery-modes/ for information about forcing recovery.
2026-03-25 15:00:24 2 [ERROR] InnoDB: Page [page id: space=62, page number=1] log sequence number 519810 is in the future! Current system log sequence number 300306.
2026-03-25 15:00:24 2 [ERROR] InnoDB: Your database may be corrupt or you may have copied the InnoDB tablespace but not the InnoDB log files. Please refer to https://mariadb.com/kb/en/library/innodb-recovery-modes/ for information about forcing recovery.
2026-03-25 15:00:24 0 [Note] InnoDB: 10.4.32 started; log sequence number 300297; transaction id 5494
2026-03-25 15:00:24 2 [ERROR] InnoDB: Page [page id: space=53, page number=0] log sequence number 1651263 is in the future! Current system log sequence number 300306.
2026-03-25 15:00:24 0 [Note] InnoDB: Loading buffer pool(s) from C:\xampp\mysql\data\ib_buffer_pool
2026-03-25 15:00:24 0 [Note] Plugin 'FEEDBACK' is disabled.
2026-03-25 15:00:24 2 [ERROR] InnoDB: Your database may be corrupt or you may have copied the InnoDB tablespace but not the InnoDB log files. Please refer to https://mariadb.com/kb/en/library/innodb-recovery-modes/ for information about forcing recovery.
2026-03-25 15:00:24 0 [ERROR] InnoDB: Page [page id: space=0, page number=243] log sequence number 397747 is in the future! Current system log sequence number 300306.
2026-03-25 15:00:24 2 [ERROR] InnoDB: Page [page id: space=53, page number=3] log sequence number 1651283 is in the future! Current system log sequence number 300306.
2026-03-25 15:00:24 0 [ERROR] InnoDB: Your database may be corrupt or you may have copied the InnoDB tablespace but not the InnoDB log files. Please refer to https://mariadb.com/kb/en/library/innodb-recovery-modes/ for information about forcing recovery.
2026-03-25 15:00:24 2 [ERROR] InnoDB: Your database may be corrupt or you may have copied the InnoDB tablespace but not the InnoDB log files. Please refer to https://mariadb.com/kb/en/library/innodb-recovery-modes/ for information about forcing recovery.
2026-03-25 15:00:24 2 [ERROR] InnoDB: Page [page id: space=53, page number=1] log sequence number 2171442 is in the future! Current system log sequence number 300306.
2026-03-25 15:00:24 2 [ERROR] InnoDB: Your database may be corrupt or you may have copied the InnoDB tablespace but not the InnoDB log files. Please refer to https://mariadb.com/kb/en/library/innodb-recovery-modes/ for information about forcing recovery.
2026-03-25 15:00:24 0 [Note] Server socket created on IP: '::'.
2026-03-25 17:00:08 0 [Note] Starting MariaDB 10.4.32-MariaDB source revision c4143f909528e3fab0677a28631d10389354c491 as process 12640
2026-03-25 17:00:08 0 [Note] InnoDB: Mutexes and rw_locks use Windows interlocked functions
2026-03-25 17:00:08 0 [Note] InnoDB: Uses event mutexes
2026-03-25 17:00:08 0 [Note] InnoDB: Compressed tables use zlib 1.3
2026-03-25 17:00:08 0 [Note] InnoDB: Number of pools: 1
2026-03-25 17:00:08 0 [Note] InnoDB: Using SSE2 crc32 instructions
2026-03-25 17:00:08 0 [Note] InnoDB: Initializing buffer pool, total size = 16M, instances = 1, chunk size = 16M
2026-03-25 17:00:08 0 [Note] InnoDB: Completed initialization of buffer pool
2026-03-25 17:00:08 0 [Note] InnoDB: Starting crash recovery from checkpoint LSN=367018
2026-03-25 17:00:08 0 [Warning] InnoDB: Are you sure you are using the right ib_logfiles to start up the database? Log sequence number in the ib_logfiles is 367018, less than the log sequence number in the first system tablespace file header, 1651414.
2026-03-25 17:00:08 0 [Warning] InnoDB: Ignoring a doublewrite copy of page [page id: space=0, page number=292] with future log sequence number 1117093
2026-03-25 17:00:08 0 [Warning] InnoDB: Ignoring a doublewrite copy of page [page id: space=0, page number=427] with future log sequence number 1117093
2026-03-25 17:00:08 0 [Warning] InnoDB: Ignoring a doublewrite copy of page [page id: space=0, page number=291] with future log sequence number 1117049
2026-03-25 17:00:08 0 [Warning] InnoDB: Ignoring a doublewrite copy of page [page id: space=0, page number=426] with future log sequence number 1117049
2026-03-25 17:00:08 0 [Warning] InnoDB: Ignoring a doublewrite copy of page [page id: space=0, page number=408] with future log sequence number 1117049
2026-03-25 17:00:08 0 [Warning] InnoDB: Ignoring a doublewrite copy of page [page id: space=0, page number=290] with future log sequence number 1116942
2026-03-25 17:00:08 0 [Warning] InnoDB: Ignoring a doublewrite copy of page [page id: space=0, page number=425] with future log sequence number 1116942
2026-03-25 17:00:08 0 [Warning] InnoDB: Ignoring a doublewrite copy of page [page id: space=0, page number=289] with future log sequence number 1116898
2026-03-25 17:00:08 0 [Warning] InnoDB: Ignoring a doublewrite copy of page [page id: space=0, page number=424] with future log sequence number 1116898
2026-03-25 17:00:08 0 [Warning] InnoDB: Ignoring a doublewrite copy of page [page id: space=0, page number=288] with future log sequence number 1116854
2026-03-25 17:00:08 0 [Warning] InnoDB: Ignoring a doublewrite copy of page [page id: space=0, page number=423] with future log sequence number 1116854
2026-03-25 17:00:08 0 [Warning] InnoDB: Ignoring a doublewrite copy of page [page id: space=0, page number=287] with future log sequence number 1116810
2026-03-25 17:00:08 0 [Warning] InnoDB: Ignoring a doublewrite copy of page [page id: space=0, page number=422] with future log sequence number 1116810
2026-03-25 17:00:08 0 [Warning] InnoDB: Ignoring a doublewrite copy of page [page id: space=0, page number=286] with future log sequence number 1116766
2026-03-25 17:00:08 0 [Warning] InnoDB: Ignoring a doublewrite copy of page [page id: space=0, page number=421] with future log sequence number 1116766
2026-03-25 17:00:08 0 [Warning] InnoDB: Ignoring a doublewrite copy of page [page id: space=0, page number=285] with future log sequence number 1116722
2026-03-25 17:00:08 0 [Warning] InnoDB: Ignoring a doublewrite copy of page [page id: space=0, page number=420] with future log sequence number 1116722
2026-03-25 17:00:08 0 [Warning] InnoDB: Ignoring a doublewrite copy of page [page id: space=0, page number=284] with future log sequence number 1116662
2026-03-25 17:00:08 0 [Warning] InnoDB: Ignoring a doublewrite copy of page [page id: space=0, page number=419] with future log sequence number 1116662
2026-03-25 17:00:08 0 [Warning] InnoDB: Ignoring a doublewrite copy of page [page id: space=0, page number=300] with future log sequence number 674742
2026-03-25 17:00:08 0 [Warning] InnoDB: Ignoring a doublewrite copy of page [page id: space=0, page number=435] with future log sequence number 674742
2026-03-25 17:00:08 0 [Warning] InnoDB: Ignoring a doublewrite copy of page [page id: space=0, page number=299] with future log sequence number 674698
2026-03-25 17:00:08 0 [Warning] InnoDB: Ignoring a doublewrite copy of page [page id: space=0, page number=434] with future log sequence number 674698
2026-03-25 17:00:08 0 [Warning] InnoDB: Ignoring a doublewrite copy of page [page id: space=0, page number=298] with future log sequence number 674654
2026-03-25 17:00:08 0 [Warning] InnoDB: Ignoring a doublewrite copy of page [page id: space=0, page number=433] with future log sequence number 674654
2026-03-25 17:00:08 0 [Warning] InnoDB: Ignoring a doublewrite copy of page [page id: space=0, page number=297] with future log sequence number 674610
2026-03-25 17:00:08 0 [Warning] InnoDB: Ignoring a doublewrite copy of page [page id: space=0, page number=432] with future log sequence number 674610
2026-03-25 17:00:08 0 [Warning] InnoDB: Ignoring a doublewrite copy of page [page id: space=0, page number=296] with future log sequence number 674503
2026-03-25 17:00:08 0 [Warning] InnoDB: Ignoring a doublewrite copy of page [page id: space=0, page number=431] with future log sequence number 674503
2026-03-25 17:00:08 0 [Warning] InnoDB: Ignoring a doublewrite copy of page [page id: space=0, page number=295] with future log sequence number 674459
2026-03-25 17:00:08 0 [Warning] InnoDB: Ignoring a doublewrite copy of page [page id: space=0, page number=430] with future log sequence number 674459
2026-03-25 17:00:08 0 [Warning] InnoDB: Ignoring a doublewrite copy of page [page id: space=0, page number=294] with future log sequence number 674415
2026-03-25 17:00:08 0 [Warning] InnoDB: Ignoring a doublewrite copy of page [page id: space=0, page number=429] with future log sequence number 674415
2026-03-25 17:00:08 0 [Warning] InnoDB: Ignoring a doublewrite copy of page [page id: space=0, page number=293] with future log sequence number 674371
2026-03-25 17:00:08 0 [Warning] InnoDB: Ignoring a doublewrite copy of page [page id: space=0, page number=222] with future log sequence number 1305314
2026-03-25 17:00:08 0 [Warning] InnoDB: Ignoring a doublewrite copy of page [page id: space=0, page number=359] with future log sequence number 1305314
2026-03-25 17:00:08 0 [Warning] InnoDB: Ignoring a doublewrite copy of page [page id: space=0, page number=221] with future log sequence number 1305043
2026-03-25 17:00:08 0 [Warning] InnoDB: Ignoring a doublewrite copy of page [page id: space=0, page number=358] with future log sequence number 1305043
2026-03-25 17:00:08 0 [Warning] InnoDB: Ignoring a doublewrite copy of page [page id: space=0, page number=220] with future log sequence number 1304788
2026-03-25 17:00:08 0 [Warning] InnoDB: Ignoring a doublewrite copy of page [page id: space=0, page number=402] with future log sequence number 1304788
2026-03-25 17:00:08 0 [Warning] InnoDB: Ignoring a doublewrite copy of page [page id: space=0, page number=215] with future log sequence number 1304383
2026-03-25 17:00:08 0 [Warning] InnoDB: Ignoring a doublewrite copy of page [page id: space=0, page number=315] with future log sequence number 1304383
2026-03-25 17:00:08 0 [Warning] InnoDB: Ignoring a doublewrite copy of page [page id: space=0, page number=214] with future log sequence number 1304339
2026-03-25 17:00:08 0 [Warning] InnoDB: Ignoring a doublewrite copy of page [page id: space=0, page number=326] with future log sequence number 1304339
2026-03-25 17:00:08 0 [Warning] InnoDB: Ignoring a doublewrite copy of page [page id: space=0, page number=213] with future log sequence number 1304295
2026-03-25 17:00:08 0 [Warning] InnoDB: Ignoring a doublewrite copy of page [page id: space=0, page number=350] with future log sequence number 1304295
2026-03-25 17:00:08 0 [Warning] InnoDB: Ignoring a doublewrite copy of page [page id: space=0, page number=212] with future log sequence number 1304251
2026-03-25 17:00:08 0 [Warning] InnoDB: Ignoring a doublewrite copy of page [page id: space=0, page number=349] with future log sequence number 1304251
2026-03-25 17:00:08 0 [Warning] InnoDB: Ignoring a doublewrite copy of page [page id: space=0, page number=211] with future log sequence number 1304207
2026-03-25 17:00:08 0 [Warning] InnoDB: Ignoring a doublewrite copy of page [page id: space=0, page number=325] with future log sequence number 1304207
2026-03-25 17:00:08 0 [ERROR] InnoDB: Page [page id: space=0, page number=7] log sequence number 1078060 is in the future! Current system log sequence number 367036.
2026-03-25 17:00:08 0 [ERROR] InnoDB: Your database may be corrupt or you may have copied the InnoDB tablespace but not the InnoDB log files. Please refer to https://mariadb.com/kb/en/library/innodb-recovery-modes/ for information about forcing recovery.
2026-03-25 17:00:08 0 [ERROR] InnoDB: Page [page id: space=0, page number=2] log sequence number 862100 is in the future! Current system log sequence number 367036.
2026-03-25 17:00:08 0 [ERROR] InnoDB: Your database may be corrupt or you may have copied the InnoDB tablespace but not the InnoDB log files. Please refer to https://mariadb.com/kb/en/library/innodb-recovery-modes/ for information about forcing recovery.
2026-03-25 17:00:08 0 [ERROR] InnoDB: Page [page id: space=0, page number=11] log sequence number 1151164 is in the future! Current system log sequence number 367036.
2026-03-25 17:00:08 0 [ERROR] InnoDB: Your database may be corrupt or you may have copied the InnoDB tablespace but not the InnoDB log files. Please refer to https://mariadb.com/kb/en/library/innodb-recovery-modes/ for information about forcing recovery.
2026-03-25 17:00:08 0 [ERROR] InnoDB: Page [page id: space=0, page number=6] log sequence number 1280363 is in the future! Current system log sequence number 367036.
2026-03-25 17:00:08 0 [ERROR] InnoDB: Your database may be corrupt or you may have copied the InnoDB tablespace but not the InnoDB log files. Please refer to https://mariadb.com/kb/en/library/innodb-recovery-modes/ for information about forcing recovery.
2026-03-25 17:00:08 0 [ERROR] InnoDB: Page [page id: space=0, page number=382] log sequence number 1280363 is in the future! Current system log sequence number 367036.
2026-03-25 17:00:08 0 [ERROR] InnoDB: Your database may be corrupt or you may have copied the InnoDB tablespace but not the InnoDB log files. Please refer to https://mariadb.com/kb/en/library/innodb-recovery-modes/ for information about forcing recovery.
2026-03-25 17:00:08 0 [ERROR] InnoDB: Page [page id: space=0, page number=45] log sequence number 1280402 is in the future! Current system log sequence number 367036.
2026-03-25 17:00:08 0 [ERROR] InnoDB: Your database may be corrupt or you may have copied the InnoDB tablespace but not the InnoDB log files. Please refer to https://mariadb.com/kb/en/library/innodb-recovery-modes/ for information about forcing recovery.
2026-03-25 17:00:08 0 [ERROR] InnoDB: Page [page id: space=0, page number=306] log sequence number 1280402 is in the future! Current system log sequence number 367036.
2026-03-25 17:00:08 0 [ERROR] InnoDB: Your database may be corrupt or you may have copied the InnoDB tablespace but not the InnoDB log files. Please refer to https://mariadb.com/kb/en/library/innodb-recovery-modes/ for information about forcing recovery.
2026-03-25 17:00:08 0 [ERROR] InnoDB: Page [page id: space=0, page number=46] log sequence number 1280441 is in the future! Current system log sequence number 367036.
2026-03-25 17:00:08 0 [ERROR] InnoDB: Your database may be corrupt or you may have copied the InnoDB tablespace but not the InnoDB log files. Please refer to https://mariadb.com/kb/en/library/innodb-recovery-modes/ for information about forcing recovery.
2026-03-25 17:00:08 0 [ERROR] InnoDB: Page [page id: space=0, page number=340] log sequence number 1280441 is in the future! Current system log sequence number 367036.
2026-03-25 17:00:08 0 [ERROR] InnoDB: Your database may be corrupt or you may have copied the InnoDB tablespace but not the InnoDB log files. Please refer to https://mariadb.com/kb/en/library/innodb-recovery-modes/ for information about forcing recovery.
2026-03-25 17:00:08 0 [ERROR] InnoDB: Page [page id: space=0, page number=47] log sequence number 1280480 is in the future! Current system log sequence number 367036.
2026-03-25 17:00:08 0 [ERROR] InnoDB: Your database may be corrupt or you may have copied the InnoDB tablespace but not the InnoDB log files. Please refer to https://mariadb.com/kb/en/library/innodb-recovery-modes/ for information about forcing recovery.
2026-03-25 17:00:08 0 [ERROR] InnoDB: Page [page id: space=0, page number=311] log sequence number 1280480 is in the future! Current system log sequence number 367036.
2026-03-25 17:00:08 0 [ERROR] InnoDB: Your database may be corrupt or you may have copied the InnoDB tablespace but not the InnoDB log files. Please refer to https://mariadb.com/kb/en/library/innodb-recovery-modes/ for information about forcing recovery.
2026-03-25 17:00:08 0 [ERROR] InnoDB: Page [page id: space=0, page number=48] log sequence number 1280535 is in the future! Current system log sequence number 367036.
2026-03-25 17:00:08 0 [ERROR] InnoDB: Your database may be corrupt or you may have copied the InnoDB tablespace but not the InnoDB log files. Please refer to https://mariadb.com/kb/en/library/innodb-recovery-modes/ for information about forcing recovery.
2026-03-25 17:00:08 0 [ERROR] InnoDB: Page [page id: space=0, page number=312] log sequence number 1280535 is in the future! Current system log sequence number 367036.
2026-03-25 17:00:08 0 [ERROR] InnoDB: Your database may be corrupt or you may have copied the InnoDB tablespace but not the InnoDB log files. Please refer to https://mariadb.com/kb/en/library/innodb-recovery-modes/ for information about forcing recovery.
2026-03-25 17:00:08 0 [ERROR] InnoDB: Page [page id: space=0, page number=49] log sequence number 1280574 is in the future! Current system log sequence number 367036.
2026-03-25 17:00:08 0 [ERROR] InnoDB: Your database may be corrupt or you may have copied the InnoDB tablespace but not the InnoDB log files. Please refer to https://mariadb.com/kb/en/library/innodb-recovery-modes/ for information about forcing recovery.
2026-03-25 17:00:08 0 [ERROR] InnoDB: Page [page id: space=0, page number=313] log sequence number 1280574 is in the future! Current system log sequence number 367036.
2026-03-25 17:00:08 0 [ERROR] InnoDB: Your database may be corrupt or you may have copied the InnoDB tablespace but not the InnoDB log files. Please refer to https://mariadb.com/kb/en/library/innodb-recovery-modes/ for information about forcing recovery.
2026-03-25 17:00:08 0 [ERROR] InnoDB: Page [page id: space=0, page number=50] log sequence number 1280613 is in the future! Current system log sequence number 367036.
2026-03-25 17:00:08 0 [ERROR] InnoDB: Your database may be corrupt or you may have copied the InnoDB tablespace but not the InnoDB log files. Please refer to https://mariadb.com/kb/en/library/innodb-recovery-modes/ for information about forcing recovery.
2026-03-25 17:00:08 0 [ERROR] InnoDB: Page [page id: space=0, page number=314] log sequence number 1280613 is in the future! Current system log sequence number 367036.
2026-03-25 17:00:08 0 [ERROR] InnoDB: Your database may be corrupt or you may have copied the InnoDB tablespace but not the InnoDB log files. Please refer to https://mariadb.com/kb/en/library/innodb-recovery-modes/ for information about forcing recovery.
2026-03-25 17:00:08 0 [ERROR] InnoDB: Page [page id: space=0, page number=51] log sequence number 1280652 is in the future! Current system log sequence number 367036.
2026-03-25 17:00:08 0 [ERROR] InnoDB: Your database may be corrupt or you may have copied the InnoDB tablespace but not the InnoDB log files. Please refer to https://mariadb.com/kb/en/library/innodb-recovery-modes/ for information about forcing recovery.
2026-03-25 17:00:08 0 [ERROR] InnoDB: Page [page id: space=0, page number=348] log sequence number 1280652 is in the future! Current system log sequence number 367036.
2026-03-25 17:00:08 0 [ERROR] InnoDB: Your database may be corrupt or you may have copied the InnoDB tablespace but not the InnoDB log files. Please refer to https://mariadb.com/kb/en/library/innodb-recovery-modes/ for information about forcing recovery.
2026-03-25 17:00:08 0 [ERROR] InnoDB: Page [page id: space=0, page number=52] log sequence number 1280691 is in the future! Current system log sequence number 367036.
2026-03-25 17:00:08 0 [ERROR] InnoDB: Your database may be corrupt or you may have copied the InnoDB tablespace but not the InnoDB log files. Please refer to https://mariadb.com/kb/en/library/innodb-recovery-modes/ for information about forcing recovery.
2026-03-25 17:00:09 0 [ERROR] InnoDB: Page [page id: space=0, page number=316] log sequence number 1280691 is in the future! Current system log sequence number 367036.
2026-03-25 17:00:09 0 [ERROR] InnoDB: Your database may be corrupt or you may have copied the InnoDB tablespace but not the InnoDB log files. Please refer to https://mariadb.com/kb/en/library/innodb-recovery-modes/ for information about forcing recovery.
2026-03-25 17:00:09 0 [ERROR] InnoDB: Page [page id: space=0, page number=53] log sequence number 1280730 is in the future! Current system log sequence number 367036.
2026-03-25 17:00:09 0 [ERROR] InnoDB: Your database may be corrupt or you may have copied the InnoDB tablespace but not the InnoDB log files. Please refer to https://mariadb.com/kb/en/library/innodb-recovery-modes/ for information about forcing recovery.
2026-03-25 17:00:09 0 [ERROR] InnoDB: Page [page id: space=0, page number=426] log sequence number 1280730 is in the future! Current system log sequence number 367036.
2026-03-25 17:00:09 0 [ERROR] InnoDB: Your database may be corrupt or you may have copied the InnoDB tablespace but not the InnoDB log files. Please refer to https://mariadb.com/kb/en/library/innodb-recovery-modes/ for information about forcing recovery.
2026-03-25 17:00:09 0 [ERROR] InnoDB: Page [page id: space=0, page number=54] log sequence number 1302432 is in the future! Current system log sequence number 367036.
2026-03-25 17:00:09 0 [ERROR] InnoDB: Your database may be corrupt or you may have copied the InnoDB tablespace but not the InnoDB log files. Please refer to https://mariadb.com/kb/en/library/innodb-recovery-modes/ for information about forcing recovery.
2026-03-25 17:00:09 0 [ERROR] InnoDB: Page [page id: space=0, page number=318] log sequence number 1302432 is in the future! Current system log sequence number 367036.
2026-03-25 17:00:09 0 [ERROR] InnoDB: Your database may be corrupt or you may have copied the InnoDB tablespace but not the InnoDB log files. Please refer to https://mariadb.com/kb/en/library/innodb-recovery-modes/ for information about forcing recovery.
2026-03-25 17:00:09 0 [ERROR] InnoDB: Page [page id: space=0, page number=55] log sequence number 1302471 is in the future! Current system log sequence number 367036.
2026-03-25 17:00:09 0 [ERROR] InnoDB: Your database may be corrupt or you may have copied the InnoDB tablespace but not the InnoDB log files. Please refer to https://mariadb.com/kb/en/library/innodb-recovery-modes/ for information about forcing recovery.
2026-03-25 17:00:09 0 [ERROR] InnoDB: Page [page id: space=0, page number=365] log sequence number 1302471 is in the future! Current system log sequence number 367036.
2026-03-25 17:00:09 0 [ERROR] InnoDB: Your database may be corrupt or you may have copied the InnoDB tablespace but not the InnoDB log files. Please refer to https://mariadb.com/kb/en/library/innodb-recovery-modes/ for information about forcing recovery.
2026-03-25 17:00:09 0 [ERROR] InnoDB: Page [page id: space=0, page number=56] log sequence number 1302510 is in the future! Current system log sequence number 367036.
2026-03-25 17:00:09 0 [ERROR] InnoDB: Your database may be corrupt or you may have copied the InnoDB tablespace but not the InnoDB log files. Please refer to https://mariadb.com/kb/en/library/innodb-recovery-modes/ for information about forcing recovery.
2026-03-25 17:00:09 0 [ERROR] InnoDB: Page [page id: space=0, page number=320] log sequence number 1302510 is in the future! Current system log sequence number 367036.
2026-03-25 17:00:09 0 [ERROR] InnoDB: Your database may be corrupt or you may have copied the InnoDB tablespace but not the InnoDB log files. Please refer to https://mariadb.com/kb/en/library/innodb-recovery-modes/ for information about forcing recovery.
2026-03-25 17:00:09 0 [ERROR] InnoDB: Page [page id: space=0, page number=57] log sequence number 1302565 is in the future! Current system log sequence number 367036.
2026-03-25 17:00:09 0 [ERROR] InnoDB: Your database may be corrupt or you may have copied the InnoDB tablespace but not the InnoDB log files. Please refer to https://mariadb.com/kb/en/library/innodb-recovery-modes/ for information about forcing recovery.
2026-03-25 17:00:09 0 [ERROR] InnoDB: Page [page id: space=0, page number=344] log sequence number 1302565 is in the future! Current system log sequence number 367036.
2026-03-25 17:00:09 0 [ERROR] InnoDB: Your database may be corrupt or you may have copied the InnoDB tablespace but not the InnoDB log files. Please refer to https://mariadb.com/kb/en/library/innodb-recovery-modes/ for information about forcing recovery.
2026-03-25 17:00:09 0 [ERROR] InnoDB: Page [page id: space=0, page number=58] log sequence number 1302682 is in the future! Current system log sequence number 367036.
2026-03-25 17:00:09 0 [ERROR] InnoDB: Your database may be corrupt or you may have copied the InnoDB tablespace but not the InnoDB log files. Please refer to https://mariadb.com/kb/en/library/innodb-recovery-modes/ for information about forcing recovery.
2026-03-25 17:00:09 0 [ERROR] InnoDB: Page [page id: space=0, page number=301] log sequence number 1302682 is in the future! Current system log sequence number 367036.
2026-03-25 17:00:09 0 [ERROR] InnoDB: Your database may be corrupt or you may have copied the InnoDB tablespace but not the InnoDB log files. Please refer to https://mariadb.com/kb/en/library/innodb-recovery-modes/ for information about forcing recovery.
2026-03-25 17:00:09 0 [ERROR] InnoDB: Page [page id: space=0, page number=59] log sequence number 1302799 is in the future! Current system log sequence number 367036.
2026-03-25 17:00:09 0 [ERROR] InnoDB: Your database may be corrupt or you may have copied the InnoDB tablespace but not the InnoDB log files. Please refer to https://mariadb.com/kb/en/library/innodb-recovery-modes/ for information about forcing recovery.
2026-03-25 17:00:09 0 [ERROR] InnoDB: Page [page id: space=0, page number=324] log sequence number 1302799 is in the future! Current system log sequence number 367036.
2026-03-25 17:00:09 0 [ERROR] InnoDB: Your database may be corrupt or you may have copied the InnoDB tablespace but not the InnoDB log files. Please refer to https://mariadb.com/kb/en/library/innodb-recovery-modes/ for information about forcing recovery.
2026-03-25 17:00:09 0 [ERROR] InnoDB: Page [page id: space=0, page number=60] log sequence number 1302877 is in the future! Current system log sequence number 367036.
2026-03-25 17:00:09 0 [ERROR] InnoDB: Your database may be corrupt or you may have copied the InnoDB tablespace but not the InnoDB log files. Please refer to https://mariadb.com/kb/en/library/innodb-recovery-modes/ for information about forcing recovery.
2026-03-25 17:00:09 0 [ERROR] InnoDB: Page [page id: space=0, page number=442] log sequence number 1302877 is in the future! Current system log sequence number 367036.
2026-03-25 17:00:09 0 [ERROR] InnoDB: Your database may be corrupt or you may have copied the InnoDB tablespace but not the InnoDB log files. Please refer to https://mariadb.com/kb/en/library/innodb-recovery-modes/ for information about forcing recovery.
2026-03-25 17:00:09 0 [ERROR] InnoDB: Page [page id: space=0, page number=62] log sequence number 1303033 is in the future! Current system log sequence number 367036.
2026-03-25 17:00:09 0 [ERROR] InnoDB: Your database may be corrupt or you may have copied the InnoDB tablespace but not the InnoDB log files. Please refer to https://mariadb.com/kb/en/library/innodb-recovery-modes/ for information about forcing recovery.
2026-03-25 17:00:09 0 [ERROR] InnoDB: Page [page id: space=0, page number=446] log sequence number 1303033 is in the future! Current system log sequence number 367036.
2026-03-25 17:00:09 0 [ERROR] InnoDB: Your database may be corrupt or you may have copied the InnoDB tablespace but not the InnoDB log files. Please refer to https://mariadb.com/kb/en/library/innodb-recovery-modes/ for information about forcing recovery.
2026-03-25 17:00:09 0 [ERROR] InnoDB: Page [page id: space=0, page number=63] log sequence number 1303127 is in the future! Current system log sequence number 367036.
2026-03-25 17:00:09 0 [ERROR] InnoDB: Your database may be corrupt or you may have copied the InnoDB tablespace but not the InnoDB log files. Please refer to https://mariadb.com/kb/en/library/innodb-recovery-modes/ for information about forcing recovery.
2026-03-25 17:00:09 0 [ERROR] InnoDB: Page [page id: space=0, page number=351] log sequence number 1303127 is in the future! Current system log sequence number 367036.
2026-03-25 17:00:09 0 [ERROR] InnoDB: Your database may be corrupt or you may have copied the InnoDB tablespace but not the InnoDB log files. Please refer to https://mariadb.com/kb/en/library/innodb-recovery-modes/ for information about forcing recovery.
2026-03-25 17:00:09 0 [ERROR] InnoDB: Page [page id: space=0, page number=192] log sequence number 1303213 is in the future! Current system log sequence number 367036.
2026-03-25 17:00:09 0 [ERROR] InnoDB: Your database may be corrupt or you may have copied the InnoDB tablespace but not the InnoDB log files. Please refer to https://mariadb.com/kb/en/library/innodb-recovery-modes/ for information about forcing recovery.
2026-03-25 17:00:09 0 [ERROR] InnoDB: Page [page id: space=0, page number=327] log sequence number 1303213 is in the future! Current system log sequence number 367036.
2026-03-25 17:00:09 0 [ERROR] InnoDB: Your database may be corrupt or you may have copied the InnoDB tablespace but not the InnoDB log files. Please refer to https://mariadb.com/kb/en/library/innodb-recovery-modes/ for information about forcing recovery.
2026-03-25 17:00:09 0 [ERROR] InnoDB: Page [page id: space=0, page number=194] log sequence number 1303385 is in the future! Current system log sequence number 367036.
2026-03-25 17:00:09 0 [ERROR] InnoDB: Your database may be corrupt or you may have copied the InnoDB tablespace but not the InnoDB log files. Please refer to https://mariadb.com/kb/en/library/innodb-recovery-modes/ for information about forcing recovery.
2026-03-25 17:00:09 0 [ERROR] InnoDB: Page [page id: space=0, page number=329] log sequence number 1303385 is in the future! Current system log sequence number 367036.
2026-03-25 17:00:09 0 [ERROR] InnoDB: Your database may be corrupt or you may have copied the InnoDB tablespace but not the InnoDB log files. Please refer to https://mariadb.com/kb/en/library/innodb-recovery-modes/ for information about forcing recovery.
2026-03-25 17:00:09 0 [ERROR] InnoDB: Page [page id: space=0, page number=197] log sequence number 1303575 is in the future! Current system log sequence number 367036.
2026-03-25 17:00:09 0 [ERROR] InnoDB: Your database may be corrupt or you may have copied the InnoDB tablespace but not the InnoDB log files. Please refer to https://mariadb.com/kb/en/library/innodb-recovery-modes/ for information about forcing recovery.
2026-03-25 17:00:09 0 [ERROR] InnoDB: Page [page id: space=0, page number=394] log sequence number 1303575 is in the future! Current system log sequence number 367036.
2026-03-25 17:00:09 0 [ERROR] InnoDB: Your database may be corrupt or you may have copied the InnoDB tablespace but not the InnoDB log files. Please refer to https://mariadb.com/kb/en/library/innodb-recovery-modes/ for information about forcing recovery.
2026-03-25 17:00:09 0 [ERROR] InnoDB: Page [page id: space=0, page number=200] log sequence number 1303707 is in the future! Current system log sequence number 367036.
2026-03-25 17:00:09 0 [ERROR] InnoDB: Your database may be corrupt or you may have copied the InnoDB tablespace but not the InnoDB log files. Please refer to https://mariadb.com/kb/en/library/innodb-recovery-modes/ for information about forcing recovery.
2026-03-25 17:00:09 0 [ERROR] InnoDB: Page [page id: space=0, page number=321] log sequence number 1303707 is in the future! Current system log sequence number 367036.
2026-03-25 17:00:09 0 [ERROR] InnoDB: Your database may be corrupt or you may have copied the InnoDB tablespace but not the InnoDB log files. Please refer to https://mariadb.com/kb/en/library/innodb-recovery-modes/ for information about forcing recovery.
2026-03-25 17:00:09 0 [ERROR] InnoDB: Page [page id: space=0, page number=203] log sequence number 1303839 is in the future! Current system log sequence number 367036.
2026-03-25 17:00:09 0 [ERROR] InnoDB: Your database may be corrupt or you may have copied the InnoDB tablespace but not the InnoDB log files. Please refer to https://mariadb.com/kb/en/library/innodb-recovery-modes/ for information about forcing recovery.
2026-03-25 17:00:09 0 [ERROR] InnoDB: Page [page id: space=0, page number=438] log sequence number 1303839 is in the future! Current system log sequence number 367036.
2026-03-25 17:00:09 0 [ERROR] InnoDB: Your database may be corrupt or you may have copied the InnoDB tablespace but not the InnoDB log files. Please refer to https://mariadb.com/kb/en/library/innodb-recovery-modes/ for information about forcing recovery.
2026-03-25 17:00:09 0 [ERROR] InnoDB: Page [page id: space=0, page number=206] log sequence number 1303971 is in the future! Current system log sequence number 367036.
2026-03-25 17:00:09 0 [ERROR] InnoDB: Your database may be corrupt or you may have copied the InnoDB tablespace but not the InnoDB log files. Please refer to https://mariadb.com/kb/en/library/innodb-recovery-modes/ for information about forcing recovery.
2026-03-25 17:00:09 0 [ERROR] InnoDB: Page [page id: space=0, page number=343] log sequence number 1303971 is in the future! Current system log sequence number 367036.
2026-03-25 17:00:09 0 [ERROR] InnoDB: Your database may be corrupt or you may have copied the InnoDB tablespace but not the InnoDB log files. Please refer to https://mariadb.com/kb/en/library/innodb-recovery-modes/ for information about forcing recovery.
2026-03-25 17:00:09 0 [ERROR] InnoDB: Page [page id: space=0, page number=209] log sequence number 1304119 is in the future! Current system log sequence number 367036.
2026-03-25 17:00:09 0 [ERROR] InnoDB: Your database may be corrupt or you may have copied the InnoDB tablespace but not the InnoDB log files. Please refer to https://mariadb.com/kb/en/library/innodb-recovery-modes/ for information about forcing recovery.
2026-03-25 17:00:09 0 [ERROR] InnoDB: Page [page id: space=0, page number=336] log sequence number 1304119 is in the future! Current system log sequence number 367036.
2026-03-25 17:00:09 0 [ERROR] InnoDB: Your database may be corrupt or you may have copied the InnoDB tablespace but not the InnoDB log files. Please refer to https://mariadb.com/kb/en/library/innodb-recovery-modes/ for information about forcing recovery.
2026-03-25 17:00:09 0 [ERROR] InnoDB: Page [page id: space=0, page number=212] log sequence number 1304251 is in the future! Current system log sequence number 367036.
2026-03-25 17:00:09 0 [ERROR] InnoDB: Your database may be corrupt or you may have copied the InnoDB tablespace but not the InnoDB log files. Please refer to https://mariadb.com/kb/en/library/innodb-recovery-modes/ for information about forcing recovery.
2026-03-25 17:00:09 0 [ERROR] InnoDB: Page [page id: space=0, page number=349] log sequence number 1304251 is in the future! Current system log sequence number 367036.
2026-03-25 17:00:09 0 [ERROR] InnoDB: Your database may be corrupt or you may have copied the InnoDB tablespace but not the InnoDB log files. Please refer to https://mariadb.com/kb/en/library/innodb-recovery-modes/ for information about forcing recovery.
2026-03-25 17:00:09 0 [ERROR] InnoDB: Page [page id: space=0, page number=215] log sequence number 1304383 is in the future! Current system log sequence number 367036.
2026-03-25 17:00:09 0 [ERROR] InnoDB: Your database may be corrupt or you may have copied the InnoDB tablespace but not the InnoDB log files. Please refer to https://mariadb.com/kb/en/library/innodb-recovery-modes/ for information about forcing recovery.
2026-03-25 17:00:09 0 [ERROR] InnoDB: Page [page id: space=0, page number=315] log sequence number 1304383 is in the future! Current system log sequence number 367036.
2026-03-25 17:00:09 0 [ERROR] InnoDB: Your database may be corrupt or you may have copied the InnoDB tablespace but not the InnoDB log files. Please refer to https://mariadb.com/kb/en/library/innodb-recovery-modes/ for information about forcing recovery.
2026-03-25 17:00:09 0 [ERROR] InnoDB: Page [page id: space=0, page number=218] log sequence number 1304515 is in the future! Current system log sequence number 367036.
2026-03-25 17:00:09 0 [ERROR] InnoDB: Your database may be corrupt or you may have copied the InnoDB tablespace but not the InnoDB log files. Please refer to https://mariadb.com/kb/en/library/innodb-recovery-modes/ for information about forcing recovery.
2026-03-25 17:00:09 0 [ERROR] InnoDB: Page [page id: space=0, page number=384] log sequence number 1304515 is in the future! Current system log sequence number 367036.
2026-03-25 17:00:09 0 [ERROR] InnoDB: Your database may be corrupt or you may have copied the InnoDB tablespace but not the InnoDB log files. Please refer to https://mariadb.com/kb/en/library/innodb-recovery-modes/ for information about forcing recovery.
2026-03-25 17:00:09 0 [ERROR] InnoDB: Page [page id: space=0, page number=221] log sequence number 1314148 is in the future! Current system log sequence number 367036.
2026-03-25 17:00:09 0 [ERROR] InnoDB: Your database may be corrupt or you may have copied the InnoDB tablespace but not the InnoDB log files. Please refer to https://mariadb.com/kb/en/library/innodb-recovery-modes/ for information about forcing recovery.
2026-03-25 17:00:09 0 [ERROR] InnoDB: Page [page id: space=0, page number=358] log sequence number 1314148 is in the future! Current system log sequence number 367036.
2026-03-25 17:00:09 0 [ERROR] InnoDB: Your database may be corrupt or you may have copied the InnoDB tablespace but not the InnoDB log files. Please refer to https://mariadb.com/kb/en/library/innodb-recovery-modes/ for information about forcing recovery.
2026-03-25 17:00:09 0 [ERROR] InnoDB: Page [page id: space=0, page number=224] log sequence number 1314280 is in the future! Current system log sequence number 367036.
2026-03-25 17:00:09 0 [ERROR] InnoDB: Your database may be corrupt or you may have copied the InnoDB tablespace but not the InnoDB log files. Please refer to https://mariadb.com/kb/en/library/innodb-recovery-modes/ for information about forcing recovery.
2026-03-25 17:00:09 0 [ERROR] InnoDB: Page [page id: space=0, page number=357] log sequence number 1314280 is in the future! Current system log sequence number 367036.
2026-03-25 17:00:09 0 [ERROR] InnoDB: Your database may be corrupt or you may have copied the InnoDB tablespace but not the InnoDB log files. Please refer to https://mariadb.com/kb/en/library/innodb-recovery-modes/ for information about forcing recovery.
2026-03-25 17:00:09 0 [ERROR] InnoDB: Page [page id: space=0, page number=227] log sequence number 1314428 is in the future! Current system log sequence number 367036.
2026-03-25 17:00:09 0 [ERROR] InnoDB: Your database may be corrupt or you may have copied the InnoDB tablespace but not the InnoDB log files. Please refer to https://mariadb.com/kb/en/library/innodb-recovery-modes/ for information about forcing recovery.
2026-03-25 17:00:09 0 [ERROR] InnoDB: Page [page id: space=0, page number=339] log sequence number 1314428 is in the future! Current system log sequence number 367036.
2026-03-25 17:00:09 0 [ERROR] InnoDB: Your database may be corrupt or you may have copied the InnoDB tablespace but not the InnoDB log files. Please refer to https://mariadb.com/kb/en/library/innodb-recovery-modes/ for information about forcing recovery.
2026-03-25 17:00:09 0 [ERROR] InnoDB: Page [page id: space=0, page number=230] log sequence number 1314560 is in the future! Current system log sequence number 367036.
2026-03-25 17:00:09 0 [ERROR] InnoDB: Your database may be corrupt or you may have copied the InnoDB tablespace but not the InnoDB log files. Please refer to https://mariadb.com/kb/en/library/innodb-recovery-modes/ for information about forcing recovery.
2026-03-25 17:00:09 0 [ERROR] InnoDB: Page [page id: space=0, page number=367] log sequence number 1314560 is in the future! Current system log sequence number 367036.
2026-03-25 17:00:09 0 [ERROR] InnoDB: Your database may be corrupt or you may have copied the InnoDB tablespace but not the InnoDB log files. Please refer to https://mariadb.com/kb/en/library/innodb-recovery-modes/ for information about forcing recovery.
2026-03-25 17:00:09 0 [ERROR] InnoDB: Page [page id: space=0, page number=233] log sequence number 1314692 is in the future! Current system log sequence number 367036.
2026-03-25 17:00:09 0 [ERROR] InnoDB: Your database may be corrupt or you may have copied the InnoDB tablespace but not the InnoDB log files. Please refer to https://mariadb.com/kb/en/library/innodb-recovery-modes/ for information about forcing recovery.
2026-03-25 17:00:09 0 [ERROR] InnoDB: Page [page id: space=0, page number=374] log sequence number 1314692 is in the future! Current system log sequence number 367036.
2026-03-25 17:00:09 0 [ERROR] InnoDB: Your database may be corrupt or you may have copied the InnoDB tablespace but not the InnoDB log files. Please refer to https://mariadb.com/kb/en/library/innodb-recovery-modes/ for information about forcing recovery.
2026-03-25 17:00:09 0 [ERROR] InnoDB: Page [page id: space=0, page number=236] log sequence number 1314840 is in the future! Current system log sequence number 367036.
2026-03-25 17:00:09 0 [ERROR] InnoDB: Your database may be corrupt or you may have copied the InnoDB tablespace but not the InnoDB log files. Please refer to https://mariadb.com/kb/en/library/innodb-recovery-modes/ for information about forcing recovery.
2026-03-25 17:00:09 0 [ERROR] InnoDB: Page [page id: space=0, page number=389] log sequence number 1314840 is in the future! Current system log sequence number 367036.
2026-03-25 17:00:09 0 [ERROR] InnoDB: Your database may be corrupt or you may have copied the InnoDB tablespace but not the InnoDB log files. Please refer to https://mariadb.com/kb/en/library/innodb-recovery-modes/ for information about forcing recovery.
2026-03-25 17:00:09 0 [ERROR] InnoDB: Page [page id: space=0, page number=240] log sequence number 1203873 is in the future! Current system log sequence number 367036.
2026-03-25 17:00:09 0 [ERROR] InnoDB: Your database may be corrupt or you may have copied the InnoDB tablespace but not the InnoDB log files. Please refer to https://mariadb.com/kb/en/library/innodb-recovery-modes/ for information about forcing recovery.
2026-03-25 17:00:09 0 [ERROR] InnoDB: Page [page id: space=0, page number=241] log sequence number 1226073 is in the future! Current system log sequence number 367036.
2026-03-25 17:00:09 0 [ERROR] InnoDB: Your database may be corrupt or you may have copied the InnoDB tablespace but not the InnoDB log files. Please refer to https://mariadb.com/kb/en/library/innodb-recovery-modes/ for information about forcing recovery.
2026-03-25 17:00:09 0 [ERROR] InnoDB: Page [page id: space=0, page number=377] log sequence number 1226073 is in the future! Current system log sequence number 367036.
2026-03-25 17:00:09 0 [ERROR] InnoDB: Your database may be corrupt or you may have copied the InnoDB tablespace but not the InnoDB log files. Please refer to https://mariadb.com/kb/en/library/innodb-recovery-modes/ for information about forcing recovery.
2026-03-25 17:00:09 0 [ERROR] InnoDB: Page [page id: space=0, page number=242] log sequence number 1314990 is in the future! Current system log sequence number 367036.
2026-03-25 17:00:09 0 [ERROR] InnoDB: Your database may be corrupt or you may have copied the InnoDB tablespace but not the InnoDB log files. Please refer to https://mariadb.com/kb/en/library/innodb-recovery-modes/ for information about forcing recovery.
2026-03-25 17:00:09 0 [ERROR] InnoDB: Page [page id: space=0, page number=392] log sequence number 1314990 is in the future! Current system log sequence number 367036.
2026-03-25 17:00:09 0 [ERROR] InnoDB: Your database may be corrupt or you may have copied the InnoDB tablespace but not the InnoDB log files. Please refer to https://mariadb.com/kb/en/library/innodb-recovery-modes/ for information about forcing recovery.
2026-03-25 17:00:09 0 [ERROR] InnoDB: Page [page id: space=0, page number=244] log sequence number 1315034 is in the future! Current system log sequence number 367036.
2026-03-25 17:00:09 0 [ERROR] InnoDB: Your database may be corrupt or you may have copied the InnoDB tablespace but not the InnoDB log files. Please refer to https://mariadb.com/kb/en/library/innodb-recovery-modes/ for information about forcing recovery.
2026-03-25 17:00:09 0 [ERROR] InnoDB: Page [page id: space=0, page number=378] log sequence number 1315034 is in the future! Current system log sequence number 367036.
2026-03-25 17:00:09 0 [ERROR] InnoDB: Your database may be corrupt or you may have copied the InnoDB tablespace but not the InnoDB log files. Please refer to https://mariadb.com/kb/en/library/innodb-recovery-modes/ for information about forcing recovery.
2026-03-25 17:00:09 0 [ERROR] InnoDB: Page [page id: space=0, page number=245] log sequence number 1317328 is in the future! Current system log sequence number 367036.
2026-03-25 17:00:09 0 [ERROR] InnoDB: Your database may be corrupt or you may have copied the InnoDB tablespace but not the InnoDB log files. Please refer to https://mariadb.com/kb/en/library/innodb-recovery-modes/ for information about forcing recovery.
2026-03-25 17:00:09 0 [ERROR] InnoDB: Page [page id: space=0, page number=379] log sequence number 1317328 is in the future! Current system log sequence number 367036.
2026-03-25 17:00:09 0 [ERROR] InnoDB: Your database may be corrupt or you may have copied the InnoDB tablespace but not the InnoDB log files. Please refer to https://mariadb.com/kb/en/library/innodb-recovery-modes/ for information about forcing recovery.
2026-03-25 17:00:09 0 [ERROR] InnoDB: Page [page id: space=0, page number=246] log sequence number 1317388 is in the future! Current system log sequence number 367036.
2026-03-25 17:00:09 0 [ERROR] InnoDB: Your database may be corrupt or you may have copied the InnoDB tablespace but not the InnoDB log files. Please refer to https://mariadb.com/kb/en/library/innodb-recovery-modes/ for information about forcing recovery.
2026-03-25 17:00:09 0 [ERROR] InnoDB: Page [page id: space=0, page number=444] log sequence number 1317388 is in the future! Current system log sequence number 367036.
2026-03-25 17:00:09 0 [ERROR] InnoDB: Your database may be corrupt or you may have copied the InnoDB tablespace but not the InnoDB log files. Please refer to https://mariadb.com/kb/en/library/innodb-recovery-modes/ for information about forcing recovery.
2026-03-25 17:00:09 0 [ERROR] InnoDB: Page [page id: space=0, page number=247] log sequence number 1317432 is in the future! Current system log sequence number 367036.
2026-03-25 17:00:09 0 [ERROR] InnoDB: Your database may be corrupt or you may have copied the InnoDB tablespace but not the InnoDB log files. Please refer to https://mariadb.com/kb/en/library/innodb-recovery-modes/ for information about forcing recovery.
2026-03-25 17:00:09 0 [ERROR] InnoDB: Page [page id: space=0, page number=393] log sequence number 1317432 is in the future! Current system log sequence number 367036.
2026-03-25 17:00:09 0 [ERROR] InnoDB: Your database may be corrupt or you may have copied the InnoDB tablespace but not the InnoDB log files. Please refer to https://mariadb.com/kb/en/library/innodb-recovery-modes/ for information about forcing recovery.
2026-03-25 17:00:09 0 [ERROR] InnoDB: Page [page id: space=0, page number=248] log sequence number 1317476 is in the future! Current system log sequence number 367036.
2026-03-25 17:00:09 0 [ERROR] InnoDB: Your database may be corrupt or you may have copied the InnoDB tablespace but not the InnoDB log files. Please refer to https://mariadb.com/kb/en/library/innodb-recovery-modes/ for information about forcing recovery.
2026-03-25 17:00:09 0 [ERROR] InnoDB: Page [page id: space=0, page number=381] log sequence number 1317476 is in the future! Current system log sequence number 367036.
2026-03-25 17:00:09 0 [ERROR] InnoDB: Your database may be corrupt or you may have copied the InnoDB tablespace but not the InnoDB log files. Please refer to https://mariadb.com/kb/en/library/innodb-recovery-modes/ for information about forcing recovery.
2026-03-25 17:00:09 0 [ERROR] InnoDB: Page [page id: space=0, page number=249] log sequence number 1317520 is in the future! Current system log sequence number 367036.
2026-03-25 17:00:09 0 [ERROR] InnoDB: Your database may be corrupt or you may have copied the InnoDB tablespace but not the InnoDB log files. Please refer to https://mariadb.com/kb/en/library/innodb-recovery-modes/ for information about forcing recovery.
2026-03-25 17:00:09 0 [ERROR] InnoDB: Page [page id: space=0, page number=370] log sequence number 1317520 is in the future! Current system log sequence number 367036.
2026-03-25 17:00:09 0 [ERROR] InnoDB: Your database may be corrupt or you may have copied the InnoDB tablespace but not the InnoDB log files. Please refer to https://mariadb.com/kb/en/library/innodb-recovery-modes/ for information about forcing recovery.
2026-03-25 17:00:09 0 [ERROR] InnoDB: Page [page id: space=0, page number=250] log sequence number 1317564 is in the future! Current system log sequence number 367036.
2026-03-25 17:00:09 0 [ERROR] InnoDB: Your database may be corrupt or you may have copied the InnoDB tablespace but not the InnoDB log files. Please refer to https://mariadb.com/kb/en/library/innodb-recovery-modes/ for information about forcing recovery.
2026-03-25 17:00:09 0 [ERROR] InnoDB: Page [page id: space=0, page number=371] log sequence number 1317564 is in the future! Current system log sequence number 367036.
2026-03-25 17:00:09 0 [ERROR] InnoDB: Your database may be corrupt or you may have copied the InnoDB tablespace but not the InnoDB log files. Please refer to https://mariadb.com/kb/en/library/innodb-recovery-modes/ for information about forcing recovery.
2026-03-25 17:00:09 0 [ERROR] InnoDB: Page [page id: space=0, page number=251] log sequence number 1317608 is in the future! Current system log sequence number 367036.
2026-03-25 17:00:09 0 [ERROR] InnoDB: Your database may be corrupt or you may have copied the InnoDB tablespace but not the InnoDB log files. Please refer to https://mariadb.com/kb/en/library/innodb-recovery-modes/ for information about forcing recovery.
2026-03-25 17:00:09 0 [ERROR] InnoDB: Page [page id: space=0, page number=361] log sequence number 1317608 is in the future! Current system log sequence number 367036.
2026-03-25 17:00:09 0 [ERROR] InnoDB: Your database may be corrupt or you may have copied the InnoDB tablespace but not the InnoDB log files. Please refer to https://mariadb.com/kb/en/library/innodb-recovery-modes/ for information about forcing recovery.
2026-03-25 17:00:09 0 [ERROR] InnoDB: Page [page id: space=0, page number=252] log sequence number 1319843 is in the future! Current system log sequence number 367036.
2026-03-25 17:00:09 0 [ERROR] InnoDB: Your database may be corrupt or you may have copied the InnoDB tablespace but not the InnoDB log files. Please refer to https://mariadb.com/kb/en/library/innodb-recovery-modes/ for information about forcing recovery.
2026-03-25 17:00:09 0 [ERROR] InnoDB: Page [page id: space=0, page number=383] log sequence number 1319843 is in the future! Current system log sequence number 367036.
2026-03-25 17:00:09 0 [ERROR] InnoDB: Your database may be corrupt or you may have copied the InnoDB tablespace but not the InnoDB log files. Please refer to https://mariadb.com/kb/en/library/innodb-recovery-modes/ for information about forcing recovery.
2026-03-25 17:00:09 0 [ERROR] InnoDB: Page [page id: space=0, page number=253] log sequence number 1319887 is in the future! Current system log sequence number 367036.
2026-03-25 17:00:09 0 [ERROR] InnoDB: Your database may be corrupt or you may have copied the InnoDB tablespace but not the InnoDB log files. Please refer to https://mariadb.com/kb/en/library/innodb-recovery-modes/ for information about forcing recovery.
2026-03-25 17:00:09 0 [ERROR] InnoDB: Page [page id: space=0, page number=330] log sequence number 1319887 is in the future! Current system log sequence number 367036.
2026-03-25 17:00:09 0 [ERROR] InnoDB: Your database may be corrupt or you may have copied the InnoDB tablespace but not the InnoDB log files. Please refer to https://mariadb.com/kb/en/library/innodb-recovery-modes/ for information about forcing recovery.
2026-03-25 17:00:09 0 [ERROR] InnoDB: Page [page id: space=0, page number=254] log sequence number 1319931 is in the future! Current system log sequence number 367036.
2026-03-25 17:00:09 0 [ERROR] InnoDB: Your database may be corrupt or you may have copied the InnoDB tablespace but not the InnoDB log files. Please refer to https://mariadb.com/kb/en/library/innodb-recovery-modes/ for information about forcing recovery.
2026-03-25 17:00:09 0 [ERROR] InnoDB: Page [page id: space=0, page number=386] log sequence number 1319931 is in the future! Current system log sequence number 367036.
2026-03-25 17:00:09 0 [ERROR] InnoDB: Your database may be corrupt or you may have copied the InnoDB tablespace but not the InnoDB log files. Please refer to https://mariadb.com/kb/en/library/innodb-recovery-modes/ for information about forcing recovery.
2026-03-25 17:00:09 0 [ERROR] InnoDB: Page [page id: space=0, page number=255] log sequence number 1319991 is in the future! Current system log sequence number 367036.
2026-03-25 17:00:09 0 [ERROR] InnoDB: Your database may be corrupt or you may have copied the InnoDB tablespace but not the InnoDB log files. Please refer to https://mariadb.com/kb/en/library/innodb-recovery-modes/ for information about forcing recovery.
2026-03-25 17:00:09 0 [ERROR] InnoDB: Page [page id: space=0, page number=364] log sequence number 1319991 is in the future! Current system log sequence number 367036.
2026-03-25 17:00:09 0 [ERROR] InnoDB: Your database may be corrupt or you may have copied the InnoDB tablespace but not the InnoDB log files. Please refer to https://mariadb.com/kb/en/library/innodb-recovery-modes/ for information about forcing recovery.
2026-03-25 17:00:09 0 [ERROR] InnoDB: Page [page id: space=0, page number=256] log sequence number 1320035 is in the future! Current system log sequence number 367036.
2026-03-25 17:00:09 0 [ERROR] InnoDB: Your database may be corrupt or you may have copied the InnoDB tablespace but not the InnoDB log files. Please refer to https://mariadb.com/kb/en/library/innodb-recovery-modes/ for information about forcing recovery.
2026-03-25 17:00:09 0 [ERROR] InnoDB: Page [page id: space=0, page number=385] log sequence number 1320035 is in the future! Current system log sequence number 367036.
2026-03-25 17:00:09 0 [ERROR] InnoDB: Your database may be corrupt or you may have copied the InnoDB tablespace but not the InnoDB log files. Please refer to https://mariadb.com/kb/en/library/innodb-recovery-modes/ for information about forcing recovery.
2026-03-25 17:00:09 0 [ERROR] InnoDB: Page [page id: space=0, page number=257] log sequence number 1320079 is in the future! Current system log sequence number 367036.
2026-03-25 17:00:09 0 [ERROR] InnoDB: Your database may be corrupt or you may have copied the InnoDB tablespace but not the InnoDB log files. Please refer to https://mariadb.com/kb/en/library/innodb-recovery-modes/ for information about forcing recovery.
2026-03-25 17:00:09 0 [ERROR] InnoDB: Page [page id: space=0, page number=387] log sequence number 1320079 is in the future! Current system log sequence number 367036.
2026-03-25 17:00:09 0 [ERROR] InnoDB: Your database may be corrupt or you may have copied the InnoDB tablespace but not the InnoDB log files. Please refer to https://mariadb.com/kb/en/library/innodb-recovery-modes/ for information about forcing recovery.
2026-03-25 17:00:09 0 [ERROR] InnoDB: Page [page id: space=0, page number=258] log sequence number 1226809 is in the future! Current system log sequence number 367036.
2026-03-25 17:00:09 0 [ERROR] InnoDB: Your database may be corrupt or you may have copied the InnoDB tablespace but not the InnoDB log files. Please refer to https://mariadb.com/kb/en/library/innodb-recovery-modes/ for information about forcing recovery.
2026-03-25 17:00:09 0 [ERROR] InnoDB: Page [page id: space=0, page number=396] log sequence number 1226809 is in the future! Current system log sequence number 367036.
2026-03-25 17:00:09 0 [ERROR] InnoDB: Your database may be corrupt or you may have copied the InnoDB tablespace but not the InnoDB log files. Please refer to https://mariadb.com/kb/en/library/innodb-recovery-modes/ for information about forcing recovery.
2026-03-25 17:00:09 0 [ERROR] InnoDB: Page [page id: space=0, page number=259] log sequence number 1320123 is in the future! Current system log sequence number 367036.
2026-03-25 17:00:09 0 [ERROR] InnoDB: Your database may be corrupt or you may have copied the InnoDB tablespace but not the InnoDB log files. Please refer to https://mariadb.com/kb/en/library/innodb-recovery-modes/ for information about forcing recovery.
2026-03-25 17:00:09 0 [ERROR] InnoDB: Page [page id: space=0, page number=331] log sequence number 1320123 is in the future! Current system log sequence number 367036.
2026-03-25 17:00:09 0 [ERROR] InnoDB: Your database may be corrupt or you may have copied the InnoDB tablespace but not the InnoDB log files. Please refer to https://mariadb.com/kb/en/library/innodb-recovery-modes/ for information about forcing recovery.
2026-03-25 17:00:09 0 [ERROR] InnoDB: Page [page id: space=0, page number=260] log sequence number 1648633 is in the future! Current system log sequence number 367036.
2026-03-25 17:00:09 0 [ERROR] InnoDB: Your database may be corrupt or you may have copied the InnoDB tablespace but not the InnoDB log files. Please refer to https://mariadb.com/kb/en/library/innodb-recovery-modes/ for information about forcing recovery.
2026-03-25 17:00:09 0 [ERROR] InnoDB: Page [page id: space=0, page number=395] log sequence number 1648633 is in the future! Current system log sequence number 367036.
2026-03-25 17:00:09 0 [ERROR] InnoDB: Your database may be corrupt or you may have copied the InnoDB tablespace but not the InnoDB log files. Please refer to https://mariadb.com/kb/en/library/innodb-recovery-modes/ for information about forcing recovery.
2026-03-25 17:00:09 0 [ERROR] InnoDB: Page [page id: space=0, page number=261] log sequence number 1648693 is in the future! Current system log sequence number 367036.
2026-03-25 17:00:09 0 [ERROR] InnoDB: Your database may be corrupt or you may have copied the InnoDB tablespace but not the InnoDB log files. Please refer to https://mariadb.com/kb/en/library/innodb-recovery-modes/ for information about forcing recovery.
2026-03-25 17:00:09 0 [ERROR] InnoDB: Page [page id: space=0, page number=398] log sequence number 1648693 is in the future! Current system log sequence number 367036.
2026-03-25 17:00:09 0 [ERROR] InnoDB: Your database may be corrupt or you may have copied the InnoDB tablespace but not the InnoDB log files. Please refer to https://mariadb.com/kb/en/library/innodb-recovery-modes/ for information about forcing recovery.
2026-03-25 17:00:09 0 [ERROR] InnoDB: Page [page id: space=0, page number=262] log sequence number 1648737 is in the future! Current system log sequence number 367036.
2026-03-25 17:00:09 0 [ERROR] InnoDB: Your database may be corrupt or you may have copied the InnoDB tablespace but not the InnoDB log files. Please refer to https://mariadb.com/kb/en/library/innodb-recovery-modes/ for information about forcing recovery.
2026-03-25 17:00:09 0 [ERROR] InnoDB: Page [page id: space=0, page number=397] log sequence number 1648737 is in the future! Current system log sequence number 367036.
2026-03-25 17:00:09 0 [ERROR] InnoDB: Your database may be corrupt or you may have copied the InnoDB tablespace but not the InnoDB log files. Please refer to https://mariadb.com/kb/en/library/innodb-recovery-modes/ for information about forcing recovery.
2026-03-25 17:00:09 0 [ERROR] InnoDB: Page [page id: space=0, page number=263] log sequence number 1648781 is in the future! Current system log sequence number 367036.
2026-03-25 17:00:09 0 [ERROR] InnoDB: Your database may be corrupt or you may have copied the InnoDB tablespace but not the InnoDB log files. Please refer to https://mariadb.com/kb/en/library/innodb-recovery-modes/ for information about forcing recovery.
2026-03-25 17:00:09 0 [ERROR] InnoDB: Page [page id: space=0, page number=405] log sequence number 1648781 is in the future! Current system log sequence number 367036.
2026-03-25 17:00:09 0 [ERROR] InnoDB: Your database may be corrupt or you may have copied the InnoDB tablespace but not the InnoDB log files. Please refer to https://mariadb.com/kb/en/library/innodb-recovery-modes/ for information about forcing recovery.
2026-03-25 17:00:09 0 [ERROR] InnoDB: Page [page id: space=0, page number=264] log sequence number 1648825 is in the future! Current system log sequence number 367036.
2026-03-25 17:00:09 0 [ERROR] InnoDB: Your database may be corrupt or you may have copied the InnoDB tablespace but not the InnoDB log files. Please refer to https://mariadb.com/kb/en/library/innodb-recovery-modes/ for information about forcing recovery.
2026-03-25 17:00:09 0 [ERROR] InnoDB: Page [page id: space=0, page number=399] log sequence number 1648825 is in the future! Current system log sequence number 367036.
2026-03-25 17:00:09 0 [ERROR] InnoDB: Your database may be corrupt or you may have copied the InnoDB tablespace but not the InnoDB log files. Please refer to https://mariadb.com/kb/en/library/innodb-recovery-modes/ for information about forcing recovery.
2026-03-25 17:00:09 0 [ERROR] InnoDB: Page [page id: space=0, page number=265] log sequence number 1648869 is in the future! Current system log sequence number 367036.
2026-03-25 17:00:09 0 [ERROR] InnoDB: Your database may be corrupt or you may have copied the InnoDB tablespace but not the InnoDB log files. Please refer to https://mariadb.com/kb/en/library/innodb-recovery-modes/ for information about forcing recovery.
2026-03-25 17:00:09 0 [ERROR] InnoDB: Page [page id: space=0, page number=400] log sequence number 1648869 is in the future! Current system log sequence number 367036.
2026-03-25 17:00:09 0 [ERROR] InnoDB: Your database may be corrupt or you may have copied the InnoDB tablespace but not the InnoDB log files. Please refer to https://mariadb.com/kb/en/library/innodb-recovery-modes/ for information about forcing recovery.
2026-03-25 17:00:09 0 [ERROR] InnoDB: Page [page id: space=0, page number=266] log sequence number 1648913 is in the future! Current system log sequence number 367036.
2026-03-25 17:00:09 0 [ERROR] InnoDB: Your database may be corrupt or you may have copied the InnoDB tablespace but not the InnoDB log files. Please refer to https://mariadb.com/kb/en/library/innodb-recovery-modes/ for information about forcing recovery.
2026-03-25 17:00:09 0 [ERROR] InnoDB: Page [page id: space=0, page number=437] log sequence number 1648913 is in the future! Current system log sequence number 367036.
2026-03-25 17:00:09 0 [ERROR] InnoDB: Your database may be corrupt or you may have copied the InnoDB tablespace but not the InnoDB log files. Please refer to https://mariadb.com/kb/en/library/innodb-recovery-modes/ for information about forcing recovery.
2026-03-25 17:00:09 0 [ERROR] InnoDB: Page [page id: space=0, page number=267] log sequence number 1648957 is in the future! Current system log sequence number 367036.
2026-03-25 17:00:09 0 [ERROR] InnoDB: Your database may be corrupt or you may have copied the InnoDB tablespace but not the InnoDB log files. Please refer to https://mariadb.com/kb/en/library/innodb-recovery-modes/ for information about forcing recovery.
2026-03-25 17:00:09 0 [ERROR] InnoDB: Page [page id: space=0, page number=401] log sequence number 1648957 is in the future! Current system log sequence number 367036.
2026-03-25 17:00:09 0 [ERROR] InnoDB: Your database may be corrupt or you may have copied the InnoDB tablespace but not the InnoDB log files. Please refer to https://mariadb.com/kb/en/library/innodb-recovery-modes/ for information about forcing recovery.
2026-03-25 17:00:09 0 [ERROR] InnoDB: Page [page id: space=0, page number=268] log sequence number 1649001 is in the future! Current system log sequence number 367036.
2026-03-25 17:00:09 0 [ERROR] InnoDB: Your database may be corrupt or you may have copied the InnoDB tablespace but not the InnoDB log files. Please refer to https://mariadb.com/kb/en/library/innodb-recovery-modes/ for information about forcing recovery.
2026-03-25 17:00:09 0 [ERROR] InnoDB: Page [page id: space=0, page number=332] log sequence number 1649001 is in the future! Current system log sequence number 367036.
2026-03-25 17:00:09 0 [ERROR] InnoDB: Your database may be corrupt or you may have copied the InnoDB tablespace but not the InnoDB log files. Please refer to https://mariadb.com/kb/en/library/innodb-recovery-modes/ for information about forcing recovery.
2026-03-25 17:00:09 0 [ERROR] InnoDB: Page [page id: space=0, page number=269] log sequence number 1649045 is in the future! Current system log sequence number 367036.
2026-03-25 17:00:09 0 [ERROR] InnoDB: Your database may be corrupt or you may have copied the InnoDB tablespace but not the InnoDB log files. Please refer to https://mariadb.com/kb/en/library/innodb-recovery-modes/ for information about forcing recovery.
2026-03-25 17:00:09 0 [ERROR] InnoDB: Page [page id: space=0, page number=403] log sequence number 1649045 is in the future! Current system log sequence number 367036.
2026-03-25 17:00:09 0 [ERROR] InnoDB: Your database may be corrupt or you may have copied the InnoDB tablespace but not the InnoDB log files. Please refer to https://mariadb.com/kb/en/library/innodb-recovery-modes/ for information about forcing recovery.
2026-03-25 17:00:09 0 [ERROR] InnoDB: Page [page id: space=0, page number=270] log sequence number 1649089 is in the future! Current system log sequence number 367036.
2026-03-25 17:00:09 0 [ERROR] InnoDB: Your database may be corrupt or you may have copied the InnoDB tablespace but not the InnoDB log files. Please refer to https://mariadb.com/kb/en/library/innodb-recovery-modes/ for information about forcing recovery.
2026-03-25 17:00:09 0 [ERROR] InnoDB: Page [page id: space=0, page number=404] log sequence number 1649089 is in the future! Current system log sequence number 367036.
2026-03-25 17:00:09 0 [ERROR] InnoDB: Your database may be corrupt or you may have copied the InnoDB tablespace but not the InnoDB log files. Please refer to https://mariadb.com/kb/en/library/innodb-recovery-modes/ for information about forcing recovery.
2026-03-25 17:00:09 0 [ERROR] InnoDB: Page [page id: space=0, page number=271] log sequence number 1649133 is in the future! Current system log sequence number 367036.
2026-03-25 17:00:09 0 [ERROR] InnoDB: Your database may be corrupt or you may have copied the InnoDB tablespace but not the InnoDB log files. Please refer to https://mariadb.com/kb/en/library/innodb-recovery-modes/ for information about forcing recovery.
2026-03-25 17:00:09 0 [ERROR] InnoDB: Page [page id: space=0, page number=317] log sequence number 1649133 is in the future! Current system log sequence number 367036.
2026-03-25 17:00:09 0 [ERROR] InnoDB: Your database may be corrupt or you may have copied the InnoDB tablespace but not the InnoDB log files. Please refer to https://mariadb.com/kb/en/library/innodb-recovery-modes/ for information about forcing recovery.
2026-03-25 17:00:09 0 [ERROR] InnoDB: Page [page id: space=0, page number=272] log sequence number 1649193 is in the future! Current system log sequence number 367036.
2026-03-25 17:00:09 0 [ERROR] InnoDB: Your database may be corrupt or you may have copied the InnoDB tablespace but not the InnoDB log files. Please refer to https://mariadb.com/kb/en/library/innodb-recovery-modes/ for information about forcing recovery.
2026-03-25 17:00:09 0 [ERROR] InnoDB: Page [page id: space=0, page number=406] log sequence number 1649193 is in the future! Current system log sequence number 367036.
2026-03-25 17:00:09 0 [ERROR] InnoDB: Your database may be corrupt or you may have copied the InnoDB tablespace but not the InnoDB log files. Please refer to https://mariadb.com/kb/en/library/innodb-recovery-modes/ for information about forcing recovery.
2026-03-25 17:00:09 0 [ERROR] InnoDB: Page [page id: space=0, page number=273] log sequence number 1649237 is in the future! Current system log sequence number 367036.
2026-03-25 17:00:09 0 [ERROR] InnoDB: Your database may be corrupt or you may have copied the InnoDB tablespace but not the InnoDB log files. Please refer to https://mariadb.com/kb/en/library/innodb-recovery-modes/ for information about forcing recovery.
2026-03-25 17:00:09 0 [ERROR] InnoDB: Page [page id: space=0, page number=334] log sequence number 1649237 is in the future! Current system log sequence number 367036.
2026-03-25 17:00:09 0 [ERROR] InnoDB: Your database may be corrupt or you may have copied the InnoDB tablespace but not the InnoDB log files. Please refer to https://mariadb.com/kb/en/library/innodb-recovery-modes/ for information about forcing recovery.
2026-03-25 17:00:09 0 [ERROR] InnoDB: Page [page id: space=0, page number=274] log sequence number 1649281 is in the future! Current system log sequence number 367036.
2026-03-25 17:00:09 0 [ERROR] InnoDB: Your database may be corrupt or you may have copied the InnoDB tablespace but not the InnoDB log files. Please refer to https://mariadb.com/kb/en/library/innodb-recovery-modes/ for information about forcing recovery.
2026-03-25 17:00:09 0 [ERROR] InnoDB: Page [page id: space=0, page number=409] log sequence number 1649281 is in the future! Current system log sequence number 367036.
2026-03-25 17:00:09 0 [ERROR] InnoDB: Your database may be corrupt or you may have copied the InnoDB tablespace but not the InnoDB log files. Please refer to https://mariadb.com/kb/en/library/innodb-recovery-modes/ for information about forcing recovery.
2026-03-25 17:00:09 0 [ERROR] InnoDB: Page [page id: space=0, page number=275] log sequence number 1649325 is in the future! Current system log sequence number 367036.
2026-03-25 17:00:09 0 [ERROR] InnoDB: Your database may be corrupt or you may have copied the InnoDB tablespace but not the InnoDB log files. Please refer to https://mariadb.com/kb/en/library/innodb-recovery-modes/ for information about forcing recovery.
2026-03-25 17:00:09 0 [ERROR] InnoDB: Page [page id: space=0, page number=352] log sequence number 1649325 is in the future! Current system log sequence number 367036.
2026-03-25 17:00:09 0 [ERROR] InnoDB: Your database may be corrupt or you may have copied the InnoDB tablespace but not the InnoDB log files. Please refer to https://mariadb.com/kb/en/library/innodb-recovery-modes/ for information about forcing recovery.
2026-03-25 17:00:09 0 [ERROR] InnoDB: Page [page id: space=0, page number=278] log sequence number 1236052 is in the future! Current system log sequence number 367036.
2026-03-25 17:00:09 0 [ERROR] InnoDB: Your database may be corrupt or you may have copied the InnoDB tablespace but not the InnoDB log files. Please refer to https://mariadb.com/kb/en/library/innodb-recovery-modes/ for information about forcing recovery.
2026-03-25 17:00:09 0 [ERROR] InnoDB: Page [page id: space=0, page number=413] log sequence number 1236052 is in the future! Current system log sequence number 367036.
2026-03-25 17:00:09 0 [ERROR] InnoDB: Your database may be corrupt or you may have copied the InnoDB tablespace but not the InnoDB log files. Please refer to https://mariadb.com/kb/en/library/innodb-recovery-modes/ for information about forcing recovery.
2026-03-25 17:00:09 0 [ERROR] InnoDB: Page [page id: space=0, page number=279] log sequence number 1237075 is in the future! Current system log sequence number 367036.
2026-03-25 17:00:09 0 [ERROR] InnoDB: Your database may be corrupt or you may have copied the InnoDB tablespace but not the InnoDB log files. Please refer to https://mariadb.com/kb/en/library/innodb-recovery-modes/ for information about forcing recovery.
2026-03-25 17:00:09 0 [ERROR] InnoDB: Page [page id: space=0, page number=414] log sequence number 1237075 is in the future! Current system log sequence number 367036.
2026-03-25 17:00:09 0 [ERROR] InnoDB: Your database may be corrupt or you may have copied the InnoDB tablespace but not the InnoDB log files. Please refer to https://mariadb.com/kb/en/library/innodb-recovery-modes/ for information about forcing recovery.
2026-03-25 17:00:09 0 [ERROR] InnoDB: Page [page id: space=0, page number=280] log sequence number 1237119 is in the future! Current system log sequence number 367036.
2026-03-25 17:00:09 0 [ERROR] InnoDB: Your database may be corrupt or you may have copied the InnoDB tablespace but not the InnoDB log files. Please refer to https://mariadb.com/kb/en/library/innodb-recovery-modes/ for information about forcing recovery.
2026-03-25 17:00:09 0 [ERROR] InnoDB: Page [page id: space=0, page number=415] log sequence number 1237119 is in the future! Current system log sequence number 367036.
2026-03-25 17:00:09 0 [ERROR] InnoDB: Your database may be corrupt or you may have copied the InnoDB tablespace but not the InnoDB log files. Please refer to https://mariadb.com/kb/en/library/innodb-recovery-modes/ for information about forcing recovery.
2026-03-25 17:00:09 0 [ERROR] InnoDB: Page [page id: space=0, page number=281] log sequence number 1266772 is in the future! Current system log sequence number 367036.
2026-03-25 17:00:09 0 [ERROR] InnoDB: Your database may be corrupt or you may have copied the InnoDB tablespace but not the InnoDB log files. Please refer to https://mariadb.com/kb/en/library/innodb-recovery-modes/ for information about forcing recovery.
2026-03-25 17:00:09 0 [ERROR] InnoDB: Page [page id: space=0, page number=416] log sequence number 1266772 is in the future! Current system log sequence number 367036.
2026-03-25 17:00:09 0 [ERROR] InnoDB: Your database may be corrupt or you may have copied the InnoDB tablespace but not the InnoDB log files. Please refer to https://mariadb.com/kb/en/library/innodb-recovery-modes/ for information about forcing recovery.
2026-03-25 17:00:09 0 [ERROR] InnoDB: Page [page id: space=0, page number=282] log sequence number 1266816 is in the future! Current system log sequence number 367036.
2026-03-25 17:00:09 0 [ERROR] InnoDB: Your database may be corrupt or you may have copied the InnoDB tablespace but not the InnoDB log files. Please refer to https://mariadb.com/kb/en/library/innodb-recovery-modes/ for information about forcing recovery.
2026-03-25 17:00:09 0 [ERROR] InnoDB: Page [page id: space=0, page number=417] log sequence number 1266816 is in the future! Current system log sequence number 367036.
2026-03-25 17:00:09 0 [ERROR] InnoDB: Your database may be corrupt or you may have copied the InnoDB tablespace but not the InnoDB log files. Please refer to https://mariadb.com/kb/en/library/innodb-recovery-modes/ for information about forcing recovery.
2026-03-25 17:00:09 0 [ERROR] InnoDB: Page [page id: space=0, page number=283] log sequence number 1266860 is in the future! Current system log sequence number 367036.
2026-03-25 17:00:09 0 [ERROR] InnoDB: Your database may be corrupt or you may have copied the InnoDB tablespace but not the InnoDB log files. Please refer to https://mariadb.com/kb/en/library/innodb-recovery-modes/ for information about forcing recovery.
2026-03-25 17:00:09 0 [ERROR] InnoDB: Page [page id: space=0, page number=418] log sequence number 1266860 is in the future! Current system log sequence number 367036.
2026-03-25 17:00:09 0 [ERROR] InnoDB: Your database may be corrupt or you may have copied the InnoDB tablespace but not the InnoDB log files. Please refer to https://mariadb.com/kb/en/library/innodb-recovery-modes/ for information about forcing recovery.
2026-03-25 17:00:09 0 [ERROR] InnoDB: Page [page id: space=0, page number=284] log sequence number 1266904 is in the future! Current system log sequence number 367036.
2026-03-25 17:00:09 0 [ERROR] InnoDB: Your database may be corrupt or you may have copied the InnoDB tablespace but not the InnoDB log files. Please refer to https://mariadb.com/kb/en/library/innodb-recovery-modes/ for information about forcing recovery.
2026-03-25 17:00:09 0 [ERROR] InnoDB: Page [page id: space=0, page number=419] log sequence number 1266904 is in the future! Current system log sequence number 367036.
2026-03-25 17:00:09 0 [ERROR] InnoDB: Your database may be corrupt or you may have copied the InnoDB tablespace but not the InnoDB log files. Please refer to https://mariadb.com/kb/en/library/innodb-recovery-modes/ for information about forcing recovery.
2026-03-25 17:00:09 0 [ERROR] InnoDB: Page [page id: space=0, page number=285] log sequence number 1267010 is in the future! Current system log sequence number 367036.
2026-03-25 17:00:09 0 [ERROR] InnoDB: Your database may be corrupt or you may have copied the InnoDB tablespace but not the InnoDB log files. Please refer to https://mariadb.com/kb/en/library/innodb-recovery-modes/ for information about forcing recovery.
2026-03-25 17:00:09 0 [ERROR] InnoDB: Page [page id: space=0, page number=286] log sequence number 1267054 is in the future! Current system log sequence number 367036.
2026-03-25 17:00:09 0 [ERROR] InnoDB: Your database may be corrupt or you may have copied the InnoDB tablespace but not the InnoDB log files. Please refer to https://mariadb.com/kb/en/library/innodb-recovery-modes/ for information about forcing recovery.
2026-03-25 17:00:09 0 [ERROR] InnoDB: Page [page id: space=0, page number=421] log sequence number 1267054 is in the future! Current system log sequence number 367036.
2026-03-25 17:00:09 0 [ERROR] InnoDB: Your database may be corrupt or you may have copied the InnoDB tablespace but not the InnoDB log files. Please refer to https://mariadb.com/kb/en/library/innodb-recovery-modes/ for information about forcing recovery.
2026-03-25 17:00:09 0 [ERROR] InnoDB: Page [page id: space=0, page number=287] log sequence number 1267098 is in the future! Current system log sequence number 367036.
2026-03-25 17:00:09 0 [ERROR] InnoDB: Your database may be corrupt or you may have copied the InnoDB tablespace but not the InnoDB log files. Please refer to https://mariadb.com/kb/en/library/innodb-recovery-modes/ for information about forcing recovery.
2026-03-25 17:00:09 0 [ERROR] InnoDB: Page [page id: space=0, page number=422] log sequence number 1267098 is in the future! Current system log sequence number 367036.
2026-03-25 17:00:09 0 [ERROR] InnoDB: Your database may be corrupt or you may have copied the InnoDB tablespace but not the InnoDB log files. Please refer to https://mariadb.com/kb/en/library/innodb-recovery-modes/ for information about forcing recovery.
2026-03-25 17:00:09 0 [ERROR] InnoDB: Page [page id: space=0, page number=288] log sequence number 1267220 is in the future! Current system log sequence number 367036.
2026-03-25 17:00:09 0 [ERROR] InnoDB: Your database may be corrupt or you may have copied the InnoDB tablespace but not the InnoDB log files. Please refer to https://mariadb.com/kb/en/library/innodb-recovery-modes/ for information about forcing recovery.
2026-03-25 17:00:09 0 [ERROR] InnoDB: Page [page id: space=0, page number=289] log sequence number 1267264 is in the future! Current system log sequence number 367036.
2026-03-25 17:00:09 0 [ERROR] InnoDB: Your database may be corrupt or you may have copied the InnoDB tablespace but not the InnoDB log files. Please refer to https://mariadb.com/kb/en/library/innodb-recovery-modes/ for information about forcing recovery.
2026-03-25 17:00:09 0 [ERROR] InnoDB: Page [page id: space=0, page number=424] log sequence number 1267264 is in the future! Current system log sequence number 367036.
2026-03-25 17:00:09 0 [ERROR] InnoDB: Your database may be corrupt or you may have copied the InnoDB tablespace but not the InnoDB log files. Please refer to https://mariadb.com/kb/en/library/innodb-recovery-modes/ for information about forcing recovery.
2026-03-25 17:00:09 0 [ERROR] InnoDB: Page [page id: space=0, page number=290] log sequence number 1267308 is in the future! Current system log sequence number 367036.
2026-03-25 17:00:09 0 [ERROR] InnoDB: Your database may be corrupt or you may have copied the InnoDB tablespace but not the InnoDB log files. Please refer to https://mariadb.com/kb/en/library/innodb-recovery-modes/ for information about forcing recovery.
2026-03-25 17:00:09 0 [ERROR] InnoDB: Page [page id: space=0, page number=425] log sequence number 1267308 is in the future! Current system log sequence number 367036.
2026-03-25 17:00:09 0 [ERROR] InnoDB: Your database may be corrupt or you may have copied the InnoDB tablespace but not the InnoDB log files. Please refer to https://mariadb.com/kb/en/library/innodb-recovery-modes/ for information about forcing recovery.
2026-03-25 17:00:09 0 [ERROR] InnoDB: Page [page id: space=0, page number=291] log sequence number 1267352 is in the future! Current system log sequence number 367036.
2026-03-25 17:00:09 0 [ERROR] InnoDB: Your database may be corrupt or you may have copied the InnoDB tablespace but not the InnoDB log files. Please refer to https://mariadb.com/kb/en/library/innodb-recovery-modes/ for information about forcing recovery.
2026-03-25 17:00:09 0 [ERROR] InnoDB: Page [page id: space=0, page number=337] log sequence number 1267352 is in the future! Current system log sequence number 367036.
2026-03-25 17:00:09 0 [ERROR] InnoDB: Your database may be corrupt or you may have copied the InnoDB tablespace but not the InnoDB log files. Please refer to https://mariadb.com/kb/en/library/innodb-recovery-modes/ for information about forcing recovery.
2026-03-25 17:00:09 0 [ERROR] InnoDB: Page [page id: space=0, page number=292] log sequence number 1267396 is in the future! Current system log sequence number 367036.
2026-03-25 17:00:09 0 [ERROR] InnoDB: Your database may be corrupt or you may have copied the InnoDB tablespace but not the InnoDB log files. Please refer to https://mariadb.com/kb/en/library/innodb-recovery-modes/ for information about forcing recovery.
2026-03-25 17:00:09 0 [ERROR] InnoDB: Page [page id: space=0, page number=427] log sequence number 1267396 is in the future! Current system log sequence number 367036.
2026-03-25 17:00:09 0 [ERROR] InnoDB: Your database may be corrupt or you may have copied the InnoDB tablespace but not the InnoDB log files. Please refer to https://mariadb.com/kb/en/library/innodb-recovery-modes/ for information about forcing recovery.
2026-03-25 17:00:09 0 [ERROR] InnoDB: Page [page id: space=0, page number=293] log sequence number 1267440 is in the future! Current system log sequence number 367036.
2026-03-25 17:00:09 0 [ERROR] InnoDB: Your database may be corrupt or you may have copied the InnoDB tablespace but not the InnoDB log files. Please refer to https://mariadb.com/kb/en/library/innodb-recovery-modes/ for information about forcing recovery.
2026-03-25 17:00:09 0 [ERROR] InnoDB: Page [page id: space=0, page number=428] log sequence number 1267440 is in the future! Current system log sequence number 367036.
2026-03-25 17:00:09 0 [ERROR] InnoDB: Your database may be corrupt or you may have copied the InnoDB tablespace but not the InnoDB log files. Please refer to https://mariadb.com/kb/en/library/innodb-recovery-modes/ for information about forcing recovery.
2026-03-25 17:00:09 0 [ERROR] InnoDB: Page [page id: space=0, page number=294] log sequence number 1267484 is in the future! Current system log sequence number 367036.
2026-03-25 17:00:09 0 [ERROR] InnoDB: Your database may be corrupt or you may have copied the InnoDB tablespace but not the InnoDB log files. Please refer to https://mariadb.com/kb/en/library/innodb-recovery-modes/ for information about forcing recovery.
2026-03-25 17:00:09 0 [ERROR] InnoDB: Page [page id: space=0, page number=429] log sequence number 1267484 is in the future! Current system log sequence number 367036.
2026-03-25 17:00:09 0 [ERROR] InnoDB: Your database may be corrupt or you may have copied the InnoDB tablespace but not the InnoDB log files. Please refer to https://mariadb.com/kb/en/library/innodb-recovery-modes/ for information about forcing recovery.
2026-03-25 17:00:09 0 [ERROR] InnoDB: Page [page id: space=0, page number=295] log sequence number 1267528 is in the future! Current system log sequence number 367036.
2026-03-25 17:00:09 0 [ERROR] InnoDB: Your database may be corrupt or you may have copied the InnoDB tablespace but not the InnoDB log files. Please refer to https://mariadb.com/kb/en/library/innodb-recovery-modes/ for information about forcing recovery.
2026-03-25 17:00:09 0 [ERROR] InnoDB: Page [page id: space=0, page number=430] log sequence number 1267528 is in the future! Current system log sequence number 367036.
2026-03-25 17:00:09 0 [ERROR] InnoDB: Your database may be corrupt or you may have copied the InnoDB tablespace but not the InnoDB log files. Please refer to https://mariadb.com/kb/en/library/innodb-recovery-modes/ for information about forcing recovery.
2026-03-25 17:00:09 0 [ERROR] InnoDB: Page [page id: space=0, page number=296] log sequence number 1267572 is in the future! Current system log sequence number 367036.
2026-03-25 17:00:09 0 [ERROR] InnoDB: Your database may be corrupt or you may have copied the InnoDB tablespace but not the InnoDB log files. Please refer to https://mariadb.com/kb/en/library/innodb-recovery-modes/ for information about forcing recovery.
2026-03-25 17:00:09 0 [ERROR] InnoDB: Page [page id: space=0, page number=431] log sequence number 1267572 is in the future! Current system log sequence number 367036.
2026-03-25 17:00:09 0 [ERROR] InnoDB: Your database may be corrupt or you may have copied the InnoDB tablespace but not the InnoDB log files. Please refer to https://mariadb.com/kb/en/library/innodb-recovery-modes/ for information about forcing recovery.
2026-03-25 17:00:09 0 [ERROR] InnoDB: Page [page id: space=0, page number=297] log sequence number 1280930 is in the future! Current system log sequence number 367036.
2026-03-25 17:00:09 0 [ERROR] InnoDB: Your database may be corrupt or you may have copied the InnoDB tablespace but not the InnoDB log files. Please refer to https://mariadb.com/kb/en/library/innodb-recovery-modes/ for information about forcing recovery.
2026-03-25 17:00:09 0 [ERROR] InnoDB: Page [page id: space=0, page number=380] log sequence number 1280930 is in the future! Current system log sequence number 367036.
2026-03-25 17:00:09 0 [ERROR] InnoDB: Your database may be corrupt or you may have copied the InnoDB tablespace but not the InnoDB log files. Please refer to https://mariadb.com/kb/en/library/innodb-recovery-modes/ for information about forcing recovery.
2026-03-25 17:00:09 0 [ERROR] InnoDB: Page [page id: space=0, page number=298] log sequence number 1280974 is in the future! Current system log sequence number 367036.
2026-03-25 17:00:09 0 [ERROR] InnoDB: Your database may be corrupt or you may have copied the InnoDB tablespace but not the InnoDB log files. Please refer to https://mariadb.com/kb/en/library/innodb-recovery-modes/ for information about forcing recovery.
2026-03-25 17:00:09 0 [ERROR] InnoDB: Page [page id: space=0, page number=433] log sequence number 1280974 is in the future! Current system log sequence number 367036.
2026-03-25 17:00:09 0 [ERROR] InnoDB: Your database may be corrupt or you may have copied the InnoDB tablespace but not the InnoDB log files. Please refer to https://mariadb.com/kb/en/library/innodb-recovery-modes/ for information about forcing recovery.
2026-03-25 17:00:09 0 [ERROR] InnoDB: Page [page id: space=0, page number=299] log sequence number 1281018 is in the future! Current system log sequence number 367036.
2026-03-25 17:00:09 0 [ERROR] InnoDB: Your database may be corrupt or you may have copied the InnoDB tablespace but not the InnoDB log files. Please refer to https://mariadb.com/kb/en/library/innodb-recovery-modes/ for information about forcing recovery.
2026-03-25 17:00:09 0 [ERROR] InnoDB: Page [page id: space=0, page number=434] log sequence number 1281018 is in the future! Current system log sequence number 367036.
2026-03-25 17:00:09 0 [ERROR] InnoDB: Your database may be corrupt or you may have copied the InnoDB tablespace but not the InnoDB log files. Please refer to https://mariadb.com/kb/en/library/innodb-recovery-modes/ for information about forcing recovery.
2026-03-25 17:00:09 0 [ERROR] InnoDB: Page [page id: space=0, page number=300] log sequence number 1281078 is in the future! Current system log sequence number 367036.
2026-03-25 17:00:09 0 [ERROR] InnoDB: Your database may be corrupt or you may have copied the InnoDB tablespace but not the InnoDB log files. Please refer to https://mariadb.com/kb/en/library/innodb-recovery-modes/ for information about forcing recovery.
2026-03-25 17:00:09 0 [ERROR] InnoDB: Page [page id: space=0, page number=435] log sequence number 1281078 is in the future! Current system log sequence number 367036.
2026-03-25 17:00:09 0 [ERROR] InnoDB: Your database may be corrupt or you may have copied the InnoDB tablespace but not the InnoDB log files. Please refer to https://mariadb.com/kb/en/library/innodb-recovery-modes/ for information about forcing recovery.
2026-03-25 17:00:09 0 [ERROR] InnoDB: Page [page id: space=0, page number=8] log sequence number 1151310 is in the future! Current system log sequence number 367036.
2026-03-25 17:00:09 0 [ERROR] InnoDB: Your database may be corrupt or you may have copied the InnoDB tablespace but not the InnoDB log files. Please refer to https://mariadb.com/kb/en/library/innodb-recovery-modes/ for information about forcing recovery.
2026-03-25 17:00:09 0 [ERROR] InnoDB: Page [page id: space=0, page number=10] log sequence number 4947534 is in the future! Current system log sequence number 367036.
2026-03-25 17:00:09 0 [ERROR] InnoDB: Your database may be corrupt or you may have copied the InnoDB tablespace but not the InnoDB log files. Please refer to https://mariadb.com/kb/en/library/innodb-recovery-modes/ for information about forcing recovery.
2026-03-25 17:00:09 0 [ERROR] InnoDB: Page [page id: space=0, page number=439] log sequence number 4947534 is in the future! Current system log sequence number 367036.
2026-03-25 17:00:09 0 [ERROR] InnoDB: Your database may be corrupt or you may have copied the InnoDB tablespace but not the InnoDB log files. Please refer to https://mariadb.com/kb/en/library/innodb-recovery-modes/ for information about forcing recovery.
2026-03-25 17:00:09 0 [ERROR] InnoDB: Page [page id: space=0, page number=12] log sequence number 1079573 is in the future! Current system log sequence number 367036.
2026-03-25 17:00:09 0 [ERROR] InnoDB: Your database may be corrupt or you may have copied the InnoDB tablespace but not the InnoDB log files. Please refer to https://mariadb.com/kb/en/library/innodb-recovery-modes/ for information about forcing recovery.
2026-03-25 17:00:09 0 [ERROR] InnoDB: Page [page id: space=0, page number=307] log sequence number 1079543 is in the future! Current system log sequence number 367036.
2026-03-25 17:00:09 0 [ERROR] InnoDB: Your database may be corrupt or you may have copied the InnoDB tablespace but not the InnoDB log files. Please refer to https://mariadb.com/kb/en/library/innodb-recovery-modes/ for information about forcing recovery.
2026-03-25 17:00:09 0 [ERROR] InnoDB: Page [page id: space=0, page number=302] log sequence number 1056243 is in the future! Current system log sequence number 367036.
2026-03-25 17:00:09 0 [ERROR] InnoDB: Your database may be corrupt or you may have copied the InnoDB tablespace but not the InnoDB log files. Please refer to https://mariadb.com/kb/en/library/innodb-recovery-modes/ for information about forcing recovery.
2026-03-25 17:00:09 0 [ERROR] InnoDB: Page [page id: space=0, page number=303] log sequence number 1053251 is in the future! Current system log sequence number 367036.
2026-03-25 17:00:09 0 [ERROR] InnoDB: Your database may be corrupt or you may have copied the InnoDB tablespace but not the InnoDB log files. Please refer to https://mariadb.com/kb/en/library/innodb-recovery-modes/ for information about forcing recovery.
2026-03-25 17:00:09 0 [ERROR] InnoDB: Page [page id: space=0, page number=304] log sequence number 1053304 is in the future! Current system log sequence number 367036.
2026-03-25 17:00:09 0 [ERROR] InnoDB: Your database may be corrupt or you may have copied the InnoDB tablespace but not the InnoDB log files. Please refer to https://mariadb.com/kb/en/library/innodb-recovery-modes/ for information about forcing recovery.
2026-03-25 17:00:09 0 [ERROR] InnoDB: Page [page id: space=0, page number=308] log sequence number 1079621 is in the future! Current system log sequence number 367036.
2026-03-25 17:00:09 0 [ERROR] InnoDB: Your database may be corrupt or you may have copied the InnoDB tablespace but not the InnoDB log files. Please refer to https://mariadb.com/kb/en/library/innodb-recovery-modes/ for information about forcing recovery.
2026-03-25 17:00:09 0 [ERROR] InnoDB: Operating system error number 3 in a file operation.
2026-03-25 17:00:09 0 [ERROR] InnoDB: The error means the system cannot find the path specified.
2026-03-25 17:00:09 0 [ERROR] InnoDB: If you are installing InnoDB, remember that you must create directories yourself, InnoDB does not create them.
2026-03-25 17:00:09 0 [ERROR] InnoDB: Cannot open datafile for read-only: '.\mydb\sathwik.ibd' OS error: 203
2026-03-25 17:00:09 0 [ERROR] InnoDB: Operating system error number 203 in a file operation.
2026-03-25 17:00:09 0 [Note] InnoDB: Some operating system error numbers are described at https://mariadb.com/kb/en/library/operating-system-error-codes/
2026-03-25 17:00:09 0 [ERROR] InnoDB: Could not find a valid tablespace file for ``mydb`.`sathwik``. Please refer to https://mariadb.com/kb/en/innodb-data-dictionary-troubleshooting/ for how to resolve the issue.
2026-03-25 17:00:09 0 [Warning] InnoDB: Ignoring tablespace for `mydb`.`sathwik` because it could not be opened.
2026-03-25 17:00:09 0 [Note] InnoDB: 128 out of 128 rollback segments are active.
2026-03-25 17:00:09 0 [ERROR] InnoDB: Page [page id: space=0, page number=305] log sequence number 1056098 is in the future! Current system log sequence number 367036.
2026-03-25 17:00:09 0 [ERROR] InnoDB: Your database may be corrupt or you may have copied the InnoDB tablespace but not the InnoDB log files. Please refer to https://mariadb.com/kb/en/library/innodb-recovery-modes/ for information about forcing recovery.
2026-03-25 17:00:09 0 [Note] InnoDB: Removed temporary tablespace data file: "ibtmp1"
2026-03-25 17:00:09 0 [Note] InnoDB: Creating shared tablespace for temporary tables
2026-03-25 17:00:09 0 [Note] InnoDB: Setting file 'C:\xampp\mysql\data\ibtmp1' size to 12 MB. Physically writing the file full; Please wait ...
2026-03-25 17:00:09 0 [Note] InnoDB: File 'C:\xampp\mysql\data\ibtmp1' size is now 12 MB.
2026-03-25 17:00:09 0 [Note] InnoDB: Waiting for purge to start
2026-03-25 17:00:09 1 [ERROR] InnoDB: Page [page id: space=0, page number=9] log sequence number 1077020 is in the future! Current system log sequence number 367036.
2026-03-25 17:00:09 1 [ERROR] InnoDB: Your database may be corrupt or you may have copied the InnoDB tablespace but not the InnoDB log files. Please refer to https://mariadb.com/kb/en/library/innodb-recovery-modes/ for information about forcing recovery.
2026-03-25 17:00:09 0 [Note] InnoDB: 10.4.32 started; log sequence number 367027; transaction id 5594
2026-03-25 17:00:09 0 [Note] InnoDB: Loading buffer pool(s) from C:\xampp\mysql\data\ib_buffer_pool
2026-03-25 17:00:09 0 [Note] Plugin 'FEEDBACK' is disabled.
2026-03-25 17:00:09 0 [ERROR] InnoDB: Page [page id: space=0, page number=243] log sequence number 397747 is in the future! Current system log sequence number 367036.
2026-03-25 17:00:09 0 [ERROR] InnoDB: Your database may be corrupt or you may have copied the InnoDB tablespace but not the InnoDB log files. Please refer to https://mariadb.com/kb/en/library/innodb-recovery-modes/ for information about forcing recovery.
2026-03-25 17:00:09 0 [Note] InnoDB: Buffer pool(s) load completed at 260325 17:00:09
2026-03-25 17:00:09 0 [Note] Server socket created on IP: '::'.
2026-03-25 17:13:39 0 [Note] Starting MariaDB 10.4.32-MariaDB source revision c4143f909528e3fab0677a28631d10389354c491 as process 11868
2026-03-25 17:13:39 0 [Note] InnoDB: Mutexes and rw_locks use Windows interlocked functions
2026-03-25 17:13:39 0 [Note] InnoDB: Uses event mutexes
2026-03-25 17:13:39 0 [Note] InnoDB: Compressed tables use zlib 1.3
2026-03-25 17:13:39 0 [Note] InnoDB: Number of pools: 1
2026-03-25 17:13:39 0 [Note] InnoDB: Using SSE2 crc32 instructions
2026-03-25 17:13:39 0 [Note] InnoDB: Initializing buffer pool, total size = 16M, instances = 1, chunk size = 16M
2026-03-25 17:13:39 0 [Note] InnoDB: Completed initialization of buffer pool
2026-03-25 17:13:39 0 [Note] InnoDB: Starting crash recovery from checkpoint LSN=367036
2026-03-25 17:13:39 0 [Warning] InnoDB: Are you sure you are using the right ib_logfiles to start up the database? Log sequence number in the ib_logfiles is 367036, less than the log sequence number in the first system tablespace file header, 1651414.
2026-03-25 17:13:39 0 [Warning] InnoDB: Ignoring a doublewrite copy of page [page id: space=0, page number=292] with future log sequence number 1117093
2026-03-25 17:13:39 0 [Warning] InnoDB: Ignoring a doublewrite copy of page [page id: space=0, page number=427] with future log sequence number 1117093
2026-03-25 17:13:39 0 [Warning] InnoDB: Ignoring a doublewrite copy of page [page id: space=0, page number=291] with future log sequence number 1117049
2026-03-25 17:13:39 0 [Warning] InnoDB: Ignoring a doublewrite copy of page [page id: space=0, page number=426] with future log sequence number 1117049
2026-03-25 17:13:39 0 [Warning] InnoDB: Ignoring a doublewrite copy of page [page id: space=0, page number=408] with future log sequence number 1117049
2026-03-25 17:13:39 0 [Warning] InnoDB: Ignoring a doublewrite copy of page [page id: space=0, page number=290] with future log sequence number 1116942
2026-03-25 17:13:39 0 [Warning] InnoDB: Ignoring a doublewrite copy of page [page id: space=0, page number=425] with future log sequence number 1116942
2026-03-25 17:13:39 0 [Warning] InnoDB: Ignoring a doublewrite copy of page [page id: space=0, page number=289] with future log sequence number 1116898
2026-03-25 17:13:39 0 [Warning] InnoDB: Ignoring a doublewrite copy of page [page id: space=0, page number=424] with future log sequence number 1116898
2026-03-25 17:13:39 0 [Warning] InnoDB: Ignoring a doublewrite copy of page [page id: space=0, page number=288] with future log sequence number 1116854
2026-03-25 17:13:39 0 [Warning] InnoDB: Ignoring a doublewrite copy of page [page id: space=0, page number=423] with future log sequence number 1116854
2026-03-25 17:13:39 0 [Warning] InnoDB: Ignoring a doublewrite copy of page [page id: space=0, page number=287] with future log sequence number 1116810
2026-03-25 17:13:39 0 [Warning] InnoDB: Ignoring a doublewrite copy of page [page id: space=0, page number=422] with future log sequence number 1116810
2026-03-25 17:13:39 0 [Warning] InnoDB: Ignoring a doublewrite copy of page [page id: space=0, page number=286] with future log sequence number 1116766
2026-03-25 17:13:39 0 [Warning] InnoDB: Ignoring a doublewrite copy of page [page id: space=0, page number=421] with future log sequence number 1116766
2026-03-25 17:13:39 0 [Warning] InnoDB: Ignoring a doublewrite copy of page [page id: space=0, page number=285] with future log sequence number 1116722
2026-03-25 17:13:39 0 [Warning] InnoDB: Ignoring a doublewrite copy of page [page id: space=0, page number=420] with future log sequence number 1116722
2026-03-25 17:13:39 0 [Warning] InnoDB: Ignoring a doublewrite copy of page [page id: space=0, page number=284] with future log sequence number 1116662
2026-03-25 17:13:39 0 [Warning] InnoDB: Ignoring a doublewrite copy of page [page id: space=0, page number=419] with future log sequence number 1116662
2026-03-25 17:13:39 0 [Warning] InnoDB: Ignoring a doublewrite copy of page [page id: space=0, page number=300] with future log sequence number 674742
2026-03-25 17:13:39 0 [Warning] InnoDB: Ignoring a doublewrite copy of page [page id: space=0, page number=435] with future log sequence number 674742
2026-03-25 17:13:39 0 [Warning] InnoDB: Ignoring a doublewrite copy of page [page id: space=0, page number=299] with future log sequence number 674698
2026-03-25 17:13:39 0 [Warning] InnoDB: Ignoring a doublewrite copy of page [page id: space=0, page number=434] with future log sequence number 674698
2026-03-25 17:13:39 0 [Warning] InnoDB: Ignoring a doublewrite copy of page [page id: space=0, page number=298] with future log sequence number 674654
2026-03-25 17:13:39 0 [Warning] InnoDB: Ignoring a doublewrite copy of page [page id: space=0, page number=433] with future log sequence number 674654
2026-03-25 17:13:39 0 [Warning] InnoDB: Ignoring a doublewrite copy of page [page id: space=0, page number=297] with future log sequence number 674610
2026-03-25 17:13:39 0 [Warning] InnoDB: Ignoring a doublewrite copy of page [page id: space=0, page number=432] with future log sequence number 674610
2026-03-25 17:13:39 0 [Warning] InnoDB: Ignoring a doublewrite copy of page [page id: space=0, page number=296] with future log sequence number 674503
2026-03-25 17:13:39 0 [Warning] InnoDB: Ignoring a doublewrite copy of page [page id: space=0, page number=431] with future log sequence number 674503
2026-03-25 17:13:39 0 [Warning] InnoDB: Ignoring a doublewrite copy of page [page id: space=0, page number=295] with future log sequence number 674459
2026-03-25 17:13:39 0 [Warning] InnoDB: Ignoring a doublewrite copy of page [page id: space=0, page number=430] with future log sequence number 674459
2026-03-25 17:13:39 0 [Warning] InnoDB: Ignoring a doublewrite copy of page [page id: space=0, page number=294] with future log sequence number 674415
2026-03-25 17:13:39 0 [Warning] InnoDB: Ignoring a doublewrite copy of page [page id: space=0, page number=429] with future log sequence number 674415
2026-03-25 17:13:39 0 [Warning] InnoDB: Ignoring a doublewrite copy of page [page id: space=0, page number=293] with future log sequence number 674371
2026-03-25 17:13:39 0 [Warning] InnoDB: Ignoring a doublewrite copy of page [page id: space=0, page number=222] with future log sequence number 1305314
2026-03-25 17:13:39 0 [Warning] InnoDB: Ignoring a doublewrite copy of page [page id: space=0, page number=359] with future log sequence number 1305314
2026-03-25 17:13:39 0 [Warning] InnoDB: Ignoring a doublewrite copy of page [page id: space=0, page number=221] with future log sequence number 1305043
2026-03-25 17:13:39 0 [Warning] InnoDB: Ignoring a doublewrite copy of page [page id: space=0, page number=358] with future log sequence number 1305043
2026-03-25 17:13:39 0 [Warning] InnoDB: Ignoring a doublewrite copy of page [page id: space=0, page number=220] with future log sequence number 1304788
2026-03-25 17:13:39 0 [Warning] InnoDB: Ignoring a doublewrite copy of page [page id: space=0, page number=402] with future log sequence number 1304788
2026-03-25 17:13:39 0 [Warning] InnoDB: Ignoring a doublewrite copy of page [page id: space=0, page number=215] with future log sequence number 1304383
2026-03-25 17:13:39 0 [Warning] InnoDB: Ignoring a doublewrite copy of page [page id: space=0, page number=315] with future log sequence number 1304383
2026-03-25 17:13:39 0 [Warning] InnoDB: Ignoring a doublewrite copy of page [page id: space=0, page number=214] with future log sequence number 1304339
2026-03-25 17:13:39 0 [Warning] InnoDB: Ignoring a doublewrite copy of page [page id: space=0, page number=326] with future log sequence number 1304339
2026-03-25 17:13:39 0 [Warning] InnoDB: Ignoring a doublewrite copy of page [page id: space=0, page number=213] with future log sequence number 1304295
2026-03-25 17:13:39 0 [Warning] InnoDB: Ignoring a doublewrite copy of page [page id: space=0, page number=350] with future log sequence number 1304295
2026-03-25 17:13:39 0 [Warning] InnoDB: Ignoring a doublewrite copy of page [page id: space=0, page number=212] with future log sequence number 1304251
2026-03-25 17:13:39 0 [Warning] InnoDB: Ignoring a doublewrite copy of page [page id: space=0, page number=349] with future log sequence number 1304251
2026-03-25 17:13:39 0 [Warning] InnoDB: Ignoring a doublewrite copy of page [page id: space=0, page number=211] with future log sequence number 1304207
2026-03-25 17:13:39 0 [Warning] InnoDB: Ignoring a doublewrite copy of page [page id: space=0, page number=325] with future log sequence number 1304207
2026-03-25 17:13:39 0 [ERROR] InnoDB: Page [page id: space=0, page number=7] log sequence number 1078060 is in the future! Current system log sequence number 367054.
2026-03-25 17:13:39 0 [ERROR] InnoDB: Your database may be corrupt or you may have copied the InnoDB tablespace but not the InnoDB log files. Please refer to https://mariadb.com/kb/en/library/innodb-recovery-modes/ for information about forcing recovery.
2026-03-25 17:13:39 0 [ERROR] InnoDB: Page [page id: space=0, page number=2] log sequence number 862100 is in the future! Current system log sequence number 367054.
2026-03-25 17:13:39 0 [ERROR] InnoDB: Your database may be corrupt or you may have copied the InnoDB tablespace but not the InnoDB log files. Please refer to https://mariadb.com/kb/en/library/innodb-recovery-modes/ for information about forcing recovery.
2026-03-25 17:13:39 0 [ERROR] InnoDB: Page [page id: space=0, page number=11] log sequence number 1151164 is in the future! Current system log sequence number 367054.
2026-03-25 17:13:39 0 [ERROR] InnoDB: Your database may be corrupt or you may have copied the InnoDB tablespace but not the InnoDB log files. Please refer to https://mariadb.com/kb/en/library/innodb-recovery-modes/ for information about forcing recovery.
2026-03-25 17:13:39 0 [ERROR] InnoDB: Page [page id: space=0, page number=6] log sequence number 1280363 is in the future! Current system log sequence number 367054.
2026-03-25 17:13:39 0 [ERROR] InnoDB: Your database may be corrupt or you may have copied the InnoDB tablespace but not the InnoDB log files. Please refer to https://mariadb.com/kb/en/library/innodb-recovery-modes/ for information about forcing recovery.
2026-03-25 17:13:39 0 [ERROR] InnoDB: Page [page id: space=0, page number=382] log sequence number 1280363 is in the future! Current system log sequence number 367054.
2026-03-25 17:13:39 0 [ERROR] InnoDB: Your database may be corrupt or you may have copied the InnoDB tablespace but not the InnoDB log files. Please refer to https://mariadb.com/kb/en/library/innodb-recovery-modes/ for information about forcing recovery.
2026-03-25 17:13:39 0 [ERROR] InnoDB: Page [page id: space=0, page number=45] log sequence number 1280402 is in the future! Current system log sequence number 367054.
2026-03-25 17:13:39 0 [ERROR] InnoDB: Your database may be corrupt or you may have copied the InnoDB tablespace but not the InnoDB log files. Please refer to https://mariadb.com/kb/en/library/innodb-recovery-modes/ for information about forcing recovery.
2026-03-25 17:13:39 0 [ERROR] InnoDB: Page [page id: space=0, page number=306] log sequence number 1280402 is in the future! Current system log sequence number 367054.
2026-03-25 17:13:39 0 [ERROR] InnoDB: Your database may be corrupt or you may have copied the InnoDB tablespace but not the InnoDB log files. Please refer to https://mariadb.com/kb/en/library/innodb-recovery-modes/ for information about forcing recovery.
2026-03-25 17:13:39 0 [ERROR] InnoDB: Page [page id: space=0, page number=46] log sequence number 1280441 is in the future! Current system log sequence number 367054.
2026-03-25 17:13:39 0 [ERROR] InnoDB: Your database may be corrupt or you may have copied the InnoDB tablespace but not the InnoDB log files. Please refer to https://mariadb.com/kb/en/library/innodb-recovery-modes/ for information about forcing recovery.
2026-03-25 17:13:39 0 [ERROR] InnoDB: Page [page id: space=0, page number=340] log sequence number 1280441 is in the future! Current system log sequence number 367054.
2026-03-25 17:13:39 0 [ERROR] InnoDB: Your database may be corrupt or you may have copied the InnoDB tablespace but not the InnoDB log files. Please refer to https://mariadb.com/kb/en/library/innodb-recovery-modes/ for information about forcing recovery.
2026-03-25 17:13:39 0 [ERROR] InnoDB: Page [page id: space=0, page number=47] log sequence number 1280480 is in the future! Current system log sequence number 367054.
2026-03-25 17:13:39 0 [ERROR] InnoDB: Your database may be corrupt or you may have copied the InnoDB tablespace but not the InnoDB log files. Please refer to https://mariadb.com/kb/en/library/innodb-recovery-modes/ for information about forcing recovery.
2026-03-25 17:13:39 0 [ERROR] InnoDB: Page [page id: space=0, page number=311] log sequence number 1280480 is in the future! Current system log sequence number 367054.
2026-03-25 17:13:39 0 [ERROR] InnoDB: Your database may be corrupt or you may have copied the InnoDB tablespace but not the InnoDB log files. Please refer to https://mariadb.com/kb/en/library/innodb-recovery-modes/ for information about forcing recovery.
2026-03-25 17:13:39 0 [ERROR] InnoDB: Page [page id: space=0, page number=48] log sequence number 1280535 is in the future! Current system log sequence number 367054.
2026-03-25 17:13:39 0 [ERROR] InnoDB: Your database may be corrupt or you may have copied the InnoDB tablespace but not the InnoDB log files. Please refer to https://mariadb.com/kb/en/library/innodb-recovery-modes/ for information about forcing recovery.
2026-03-25 17:13:39 0 [ERROR] InnoDB: Page [page id: space=0, page number=312] log sequence number 1280535 is in the future! Current system log sequence number 367054.
2026-03-25 17:13:39 0 [ERROR] InnoDB: Your database may be corrupt or you may have copied the InnoDB tablespace but not the InnoDB log files. Please refer to https://mariadb.com/kb/en/library/innodb-recovery-modes/ for information about forcing recovery.
2026-03-25 17:13:39 0 [ERROR] InnoDB: Page [page id: space=0, page number=49] log sequence number 1280574 is in the future! Current system log sequence number 367054.
2026-03-25 17:13:39 0 [ERROR] InnoDB: Your database may be corrupt or you may have copied the InnoDB tablespace but not the InnoDB log files. Please refer to https://mariadb.com/kb/en/library/innodb-recovery-modes/ for information about forcing recovery.
2026-03-25 17:13:39 0 [ERROR] InnoDB: Page [page id: space=0, page number=313] log sequence number 1280574 is in the future! Current system log sequence number 367054.
2026-03-25 17:13:39 0 [ERROR] InnoDB: Your database may be corrupt or you may have copied the InnoDB tablespace but not the InnoDB log files. Please refer to https://mariadb.com/kb/en/library/innodb-recovery-modes/ for information about forcing recovery.
2026-03-25 17:13:39 0 [ERROR] InnoDB: Page [page id: space=0, page number=50] log sequence number 1280613 is in the future! Current system log sequence number 367054.
2026-03-25 17:13:39 0 [ERROR] InnoDB: Your database may be corrupt or you may have copied the InnoDB tablespace but not the InnoDB log files. Please refer to https://mariadb.com/kb/en/library/innodb-recovery-modes/ for information about forcing recovery.
2026-03-25 17:13:39 0 [ERROR] InnoDB: Page [page id: space=0, page number=314] log sequence number 1280613 is in the future! Current system log sequence number 367054.
2026-03-25 17:13:39 0 [ERROR] InnoDB: Your database may be corrupt or you may have copied the InnoDB tablespace but not the InnoDB log files. Please refer to https://mariadb.com/kb/en/library/innodb-recovery-modes/ for information about forcing recovery.
2026-03-25 17:13:39 0 [ERROR] InnoDB: Page [page id: space=0, page number=51] log sequence number 1280652 is in the future! Current system log sequence number 367054.
2026-03-25 17:13:39 0 [ERROR] InnoDB: Your database may be corrupt or you may have copied the InnoDB tablespace but not the InnoDB log files. Please refer to https://mariadb.com/kb/en/library/innodb-recovery-modes/ for information about forcing recovery.
2026-03-25 17:13:39 0 [ERROR] InnoDB: Page [page id: space=0, page number=348] log sequence number 1280652 is in the future! Current system log sequence number 367054.
2026-03-25 17:13:39 0 [ERROR] InnoDB: Your database may be corrupt or you may have copied the InnoDB tablespace but not the InnoDB log files. Please refer to https://mariadb.com/kb/en/library/innodb-recovery-modes/ for information about forcing recovery.
2026-03-25 17:13:39 0 [ERROR] InnoDB: Page [page id: space=0, page number=52] log sequence number 1280691 is in the future! Current system log sequence number 367054.
2026-03-25 17:13:39 0 [ERROR] InnoDB: Your database may be corrupt or you may have copied the InnoDB tablespace but not the InnoDB log files. Please refer to https://mariadb.com/kb/en/library/innodb-recovery-modes/ for information about forcing recovery.
2026-03-25 17:13:39 0 [ERROR] InnoDB: Page [page id: space=0, page number=316] log sequence number 1280691 is in the future! Current system log sequence number 367054.
2026-03-25 17:13:39 0 [ERROR] InnoDB: Your database may be corrupt or you may have copied the InnoDB tablespace but not the InnoDB log files. Please refer to https://mariadb.com/kb/en/library/innodb-recovery-modes/ for information about forcing recovery.
2026-03-25 17:13:39 0 [ERROR] InnoDB: Page [page id: space=0, page number=53] log sequence number 1280730 is in the future! Current system log sequence number 367054.
2026-03-25 17:13:39 0 [ERROR] InnoDB: Your database may be corrupt or you may have copied the InnoDB tablespace but not the InnoDB log files. Please refer to https://mariadb.com/kb/en/library/innodb-recovery-modes/ for information about forcing recovery.
2026-03-25 17:13:39 0 [ERROR] InnoDB: Page [page id: space=0, page number=426] log sequence number 1280730 is in the future! Current system log sequence number 367054.
2026-03-25 17:13:39 0 [ERROR] InnoDB: Your database may be corrupt or you may have copied the InnoDB tablespace but not the InnoDB log files. Please refer to https://mariadb.com/kb/en/library/innodb-recovery-modes/ for information about forcing recovery.
2026-03-25 17:13:39 0 [ERROR] InnoDB: Page [page id: space=0, page number=54] log sequence number 1302432 is in the future! Current system log sequence number 367054.
2026-03-25 17:13:39 0 [ERROR] InnoDB: Your database may be corrupt or you may have copied the InnoDB tablespace but not the InnoDB log files. Please refer to https://mariadb.com/kb/en/library/innodb-recovery-modes/ for information about forcing recovery.
2026-03-25 17:13:39 0 [ERROR] InnoDB: Page [page id: space=0, page number=318] log sequence number 1302432 is in the future! Current system log sequence number 367054.
2026-03-25 17:13:39 0 [ERROR] InnoDB: Your database may be corrupt or you may have copied the InnoDB tablespace but not the InnoDB log files. Please refer to https://mariadb.com/kb/en/library/innodb-recovery-modes/ for information about forcing recovery.
2026-03-25 17:13:39 0 [ERROR] InnoDB: Page [page id: space=0, page number=55] log sequence number 1302471 is in the future! Current system log sequence number 367054.
2026-03-25 17:13:39 0 [ERROR] InnoDB: Your database may be corrupt or you may have copied the InnoDB tablespace but not the InnoDB log files. Please refer to https://mariadb.com/kb/en/library/innodb-recovery-modes/ for information about forcing recovery.
2026-03-25 17:13:39 0 [ERROR] InnoDB: Page [page id: space=0, page number=365] log sequence number 1302471 is in the future! Current system log sequence number 367054.
2026-03-25 17:13:39 0 [ERROR] InnoDB: Your database may be corrupt or you may have copied the InnoDB tablespace but not the InnoDB log files. Please refer to https://mariadb.com/kb/en/library/innodb-recovery-modes/ for information about forcing recovery.
2026-03-25 17:13:39 0 [ERROR] InnoDB: Page [page id: space=0, page number=56] log sequence number 1302510 is in the future! Current system log sequence number 367054.
2026-03-25 17:13:39 0 [ERROR] InnoDB: Your database may be corrupt or you may have copied the InnoDB tablespace but not the InnoDB log files. Please refer to https://mariadb.com/kb/en/library/innodb-recovery-modes/ for information about forcing recovery.
2026-03-25 17:13:39 0 [ERROR] InnoDB: Page [page id: space=0, page number=320] log sequence number 1302510 is in the future! Current system log sequence number 367054.
2026-03-25 17:13:39 0 [ERROR] InnoDB: Your database may be corrupt or you may have copied the InnoDB tablespace but not the InnoDB log files. Please refer to https://mariadb.com/kb/en/library/innodb-recovery-modes/ for information about forcing recovery.
2026-03-25 17:13:39 0 [ERROR] InnoDB: Page [page id: space=0, page number=57] log sequence number 1302565 is in the future! Current system log sequence number 367054.
2026-03-25 17:13:39 0 [ERROR] InnoDB: Your database may be corrupt or you may have copied the InnoDB tablespace but not the InnoDB log files. Please refer to https://mariadb.com/kb/en/library/innodb-recovery-modes/ for information about forcing recovery.
2026-03-25 17:13:39 0 [ERROR] InnoDB: Page [page id: space=0, page number=344] log sequence number 1302565 is in the future! Current system log sequence number 367054.
2026-03-25 17:13:39 0 [ERROR] InnoDB: Your database may be corrupt or you may have copied the InnoDB tablespace but not the InnoDB log files. Please refer to https://mariadb.com/kb/en/library/innodb-recovery-modes/ for information about forcing recovery.
2026-03-25 17:13:39 0 [ERROR] InnoDB: Page [page id: space=0, page number=58] log sequence number 1302682 is in the future! Current system log sequence number 367054.
2026-03-25 17:13:39 0 [ERROR] InnoDB: Your database may be corrupt or you may have copied the InnoDB tablespace but not the InnoDB log files. Please refer to https://mariadb.com/kb/en/library/innodb-recovery-modes/ for information about forcing recovery.
2026-03-25 17:13:39 0 [ERROR] InnoDB: Page [page id: space=0, page number=301] log sequence number 1302682 is in the future! Current system log sequence number 367054.
2026-03-25 17:13:39 0 [ERROR] InnoDB: Your database may be corrupt or you may have copied the InnoDB tablespace but not the InnoDB log files. Please refer to https://mariadb.com/kb/en/library/innodb-recovery-modes/ for information about forcing recovery.
2026-03-25 17:13:39 0 [ERROR] InnoDB: Page [page id: space=0, page number=59] log sequence number 1302799 is in the future! Current system log sequence number 367054.
2026-03-25 17:13:39 0 [ERROR] InnoDB: Your database may be corrupt or you may have copied the InnoDB tablespace but not the InnoDB log files. Please refer to https://mariadb.com/kb/en/library/innodb-recovery-modes/ for information about forcing recovery.
2026-03-25 17:13:39 0 [ERROR] InnoDB: Page [page id: space=0, page number=324] log sequence number 1302799 is in the future! Current system log sequence number 367054.
2026-03-25 17:13:39 0 [ERROR] InnoDB: Your database may be corrupt or you may have copied the InnoDB tablespace but not the InnoDB log files. Please refer to https://mariadb.com/kb/en/library/innodb-recovery-modes/ for information about forcing recovery.
2026-03-25 17:13:39 0 [ERROR] InnoDB: Page [page id: space=0, page number=60] log sequence number 1302877 is in the future! Current system log sequence number 367054.
2026-03-25 17:13:39 0 [ERROR] InnoDB: Your database may be corrupt or you may have copied the InnoDB tablespace but not the InnoDB log files. Please refer to https://mariadb.com/kb/en/library/innodb-recovery-modes/ for information about forcing recovery.
2026-03-25 17:13:39 0 [ERROR] InnoDB: Page [page id: space=0, page number=442] log sequence number 1302877 is in the future! Current system log sequence number 367054.
2026-03-25 17:13:39 0 [ERROR] InnoDB: Your database may be corrupt or you may have copied the InnoDB tablespace but not the InnoDB log files. Please refer to https://mariadb.com/kb/en/library/innodb-recovery-modes/ for information about forcing recovery.
2026-03-25 17:13:39 0 [ERROR] InnoDB: Page [page id: space=0, page number=62] log sequence number 1303033 is in the future! Current system log sequence number 367054.
2026-03-25 17:13:39 0 [ERROR] InnoDB: Your database may be corrupt or you may have copied the InnoDB tablespace but not the InnoDB log files. Please refer to https://mariadb.com/kb/en/library/innodb-recovery-modes/ for information about forcing recovery.
2026-03-25 17:13:39 0 [ERROR] InnoDB: Page [page id: space=0, page number=446] log sequence number 1303033 is in the future! Current system log sequence number 367054.
2026-03-25 17:13:39 0 [ERROR] InnoDB: Your database may be corrupt or you may have copied the InnoDB tablespace but not the InnoDB log files. Please refer to https://mariadb.com/kb/en/library/innodb-recovery-modes/ for information about forcing recovery.
2026-03-25 17:13:39 0 [ERROR] InnoDB: Page [page id: space=0, page number=63] log sequence number 1303127 is in the future! Current system log sequence number 367054.
2026-03-25 17:13:39 0 [ERROR] InnoDB: Your database may be corrupt or you may have copied the InnoDB tablespace but not the InnoDB log files. Please refer to https://mariadb.com/kb/en/library/innodb-recovery-modes/ for information about forcing recovery.
2026-03-25 17:13:39 0 [ERROR] InnoDB: Page [page id: space=0, page number=351] log sequence number 1303127 is in the future! Current system log sequence number 367054.
2026-03-25 17:13:39 0 [ERROR] InnoDB: Your database may be corrupt or you may have copied the InnoDB tablespace but not the InnoDB log files. Please refer to https://mariadb.com/kb/en/library/innodb-recovery-modes/ for information about forcing recovery.
2026-03-25 17:13:39 0 [ERROR] InnoDB: Page [page id: space=0, page number=192] log sequence number 1303213 is in the future! Current system log sequence number 367054.
2026-03-25 17:13:39 0 [ERROR] InnoDB: Your database may be corrupt or you may have copied the InnoDB tablespace but not the InnoDB log files. Please refer to https://mariadb.com/kb/en/library/innodb-recovery-modes/ for information about forcing recovery.
2026-03-25 17:13:39 0 [ERROR] InnoDB: Page [page id: space=0, page number=327] log sequence number 1303213 is in the future! Current system log sequence number 367054.
2026-03-25 17:13:39 0 [ERROR] InnoDB: Your database may be corrupt or you may have copied the InnoDB tablespace but not the InnoDB log files. Please refer to https://mariadb.com/kb/en/library/innodb-recovery-modes/ for information about forcing recovery.
2026-03-25 17:13:39 0 [ERROR] InnoDB: Page [page id: space=0, page number=194] log sequence number 1303385 is in the future! Current system log sequence number 367054.
2026-03-25 17:13:39 0 [ERROR] InnoDB: Your database may be corrupt or you may have copied the InnoDB tablespace but not the InnoDB log files. Please refer to https://mariadb.com/kb/en/library/innodb-recovery-modes/ for information about forcing recovery.
2026-03-25 17:13:39 0 [ERROR] InnoDB: Page [page id: space=0, page number=329] log sequence number 1303385 is in the future! Current system log sequence number 367054.
2026-03-25 17:13:39 0 [ERROR] InnoDB: Your database may be corrupt or you may have copied the InnoDB tablespace but not the InnoDB log files. Please refer to https://mariadb.com/kb/en/library/innodb-recovery-modes/ for information about forcing recovery.
2026-03-25 17:13:39 0 [ERROR] InnoDB: Page [page id: space=0, page number=197] log sequence number 1303575 is in the future! Current system log sequence number 367054.
2026-03-25 17:13:39 0 [ERROR] InnoDB: Your database may be corrupt or you may have copied the InnoDB tablespace but not the InnoDB log files. Please refer to https://mariadb.com/kb/en/library/innodb-recovery-modes/ for information about forcing recovery.
2026-03-25 17:13:39 0 [ERROR] InnoDB: Page [page id: space=0, page number=394] log sequence number 1303575 is in the future! Current system log sequence number 367054.
2026-03-25 17:13:39 0 [ERROR] InnoDB: Your database may be corrupt or you may have copied the InnoDB tablespace but not the InnoDB log files. Please refer to https://mariadb.com/kb/en/library/innodb-recovery-modes/ for information about forcing recovery.
2026-03-25 17:13:39 0 [ERROR] InnoDB: Page [page id: space=0, page number=200] log sequence number 1303707 is in the future! Current system log sequence number 367054.
2026-03-25 17:13:39 0 [ERROR] InnoDB: Your database may be corrupt or you may have copied the InnoDB tablespace but not the InnoDB log files. Please refer to https://mariadb.com/kb/en/library/innodb-recovery-modes/ for information about forcing recovery.
2026-03-25 17:13:39 0 [ERROR] InnoDB: Page [page id: space=0, page number=321] log sequence number 1303707 is in the future! Current system log sequence number 367054.
2026-03-25 17:13:39 0 [ERROR] InnoDB: Your database may be corrupt or you may have copied the InnoDB tablespace but not the InnoDB log files. Please refer to https://mariadb.com/kb/en/library/innodb-recovery-modes/ for information about forcing recovery.
2026-03-25 17:13:39 0 [ERROR] InnoDB: Page [page id: space=0, page number=203] log sequence number 1303839 is in the future! Current system log sequence number 367054.
2026-03-25 17:13:39 0 [ERROR] InnoDB: Your database may be corrupt or you may have copied the InnoDB tablespace but not the InnoDB log files. Please refer to https://mariadb.com/kb/en/library/innodb-recovery-modes/ for information about forcing recovery.
2026-03-25 17:13:39 0 [ERROR] InnoDB: Page [page id: space=0, page number=438] log sequence number 1303839 is in the future! Current system log sequence number 367054.
2026-03-25 17:13:39 0 [ERROR] InnoDB: Your database may be corrupt or you may have copied the InnoDB tablespace but not the InnoDB log files. Please refer to https://mariadb.com/kb/en/library/innodb-recovery-modes/ for information about forcing recovery.
2026-03-25 17:13:39 0 [ERROR] InnoDB: Page [page id: space=0, page number=206] log sequence number 1303971 is in the future! Current system log sequence number 367054.
2026-03-25 17:13:39 0 [ERROR] InnoDB: Your database may be corrupt or you may have copied the InnoDB tablespace but not the InnoDB log files. Please refer to https://mariadb.com/kb/en/library/innodb-recovery-modes/ for information about forcing recovery.
2026-03-25 17:13:39 0 [ERROR] InnoDB: Page [page id: space=0, page number=343] log sequence number 1303971 is in the future! Current system log sequence number 367054.
2026-03-25 17:13:39 0 [ERROR] InnoDB: Your database may be corrupt or you may have copied the InnoDB tablespace but not the InnoDB log files. Please refer to https://mariadb.com/kb/en/library/innodb-recovery-modes/ for information about forcing recovery.
2026-03-25 17:13:39 0 [ERROR] InnoDB: Page [page id: space=0, page number=209] log sequence number 1304119 is in the future! Current system log sequence number 367054.
2026-03-25 17:13:39 0 [ERROR] InnoDB: Your database may be corrupt or you may have copied the InnoDB tablespace but not the InnoDB log files. Please refer to https://mariadb.com/kb/en/library/innodb-recovery-modes/ for information about forcing recovery.
2026-03-25 17:13:39 0 [ERROR] InnoDB: Page [page id: space=0, page number=336] log sequence number 1304119 is in the future! Current system log sequence number 367054.
2026-03-25 17:13:39 0 [ERROR] InnoDB: Your database may be corrupt or you may have copied the InnoDB tablespace but not the InnoDB log files. Please refer to https://mariadb.com/kb/en/library/innodb-recovery-modes/ for information about forcing recovery.
2026-03-25 17:13:39 0 [ERROR] InnoDB: Page [page id: space=0, page number=212] log sequence number 1304251 is in the future! Current system log sequence number 367054.
2026-03-25 17:13:39 0 [ERROR] InnoDB: Your database may be corrupt or you may have copied the InnoDB tablespace but not the InnoDB log files. Please refer to https://mariadb.com/kb/en/library/innodb-recovery-modes/ for information about forcing recovery.
2026-03-25 17:13:39 0 [ERROR] InnoDB: Page [page id: space=0, page number=349] log sequence number 1304251 is in the future! Current system log sequence number 367054.
2026-03-25 17:13:39 0 [ERROR] InnoDB: Your database may be corrupt or you may have copied the InnoDB tablespace but not the InnoDB log files. Please refer to https://mariadb.com/kb/en/library/innodb-recovery-modes/ for information about forcing recovery.
2026-03-25 17:13:39 0 [ERROR] InnoDB: Page [page id: space=0, page number=215] log sequence number 1304383 is in the future! Current system log sequence number 367054.
2026-03-25 17:13:39 0 [ERROR] InnoDB: Your database may be corrupt or you may have copied the InnoDB tablespace but not the InnoDB log files. Please refer to https://mariadb.com/kb/en/library/innodb-recovery-modes/ for information about forcing recovery.
2026-03-25 17:13:39 0 [ERROR] InnoDB: Page [page id: space=0, page number=315] log sequence number 1304383 is in the future! Current system log sequence number 367054.
2026-03-25 17:13:39 0 [ERROR] InnoDB: Your database may be corrupt or you may have copied the InnoDB tablespace but not the InnoDB log files. Please refer to https://mariadb.com/kb/en/library/innodb-recovery-modes/ for information about forcing recovery.
2026-03-25 17:13:39 0 [ERROR] InnoDB: Page [page id: space=0, page number=218] log sequence number 1304515 is in the future! Current system log sequence number 367054.
2026-03-25 17:13:39 0 [ERROR] InnoDB: Your database may be corrupt or you may have copied the InnoDB tablespace but not the InnoDB log files. Please refer to https://mariadb.com/kb/en/library/innodb-recovery-modes/ for information about forcing recovery.
2026-03-25 17:13:39 0 [ERROR] InnoDB: Page [page id: space=0, page number=384] log sequence number 1304515 is in the future! Current system log sequence number 367054.
2026-03-25 17:13:39 0 [ERROR] InnoDB: Your database may be corrupt or you may have copied the InnoDB tablespace but not the InnoDB log files. Please refer to https://mariadb.com/kb/en/library/innodb-recovery-modes/ for information about forcing recovery.
2026-03-25 17:13:39 0 [ERROR] InnoDB: Page [page id: space=0, page number=221] log sequence number 1314148 is in the future! Current system log sequence number 367054.
2026-03-25 17:13:39 0 [ERROR] InnoDB: Your database may be corrupt or you may have copied the InnoDB tablespace but not the InnoDB log files. Please refer to https://mariadb.com/kb/en/library/innodb-recovery-modes/ for information about forcing recovery.
2026-03-25 17:13:39 0 [ERROR] InnoDB: Page [page id: space=0, page number=358] log sequence number 1314148 is in the future! Current system log sequence number 367054.
2026-03-25 17:13:39 0 [ERROR] InnoDB: Your database may be corrupt or you may have copied the InnoDB tablespace but not the InnoDB log files. Please refer to https://mariadb.com/kb/en/library/innodb-recovery-modes/ for information about forcing recovery.
2026-03-25 17:13:39 0 [ERROR] InnoDB: Page [page id: space=0, page number=224] log sequence number 1314280 is in the future! Current system log sequence number 367054.
2026-03-25 17:13:39 0 [ERROR] InnoDB: Your database may be corrupt or you may have copied the InnoDB tablespace but not the InnoDB log files. Please refer to https://mariadb.com/kb/en/library/innodb-recovery-modes/ for information about forcing recovery.
2026-03-25 17:13:39 0 [ERROR] InnoDB: Page [page id: space=0, page number=357] log sequence number 1314280 is in the future! Current system log sequence number 367054.
2026-03-25 17:13:39 0 [ERROR] InnoDB: Your database may be corrupt or you may have copied the InnoDB tablespace but not the InnoDB log files. Please refer to https://mariadb.com/kb/en/library/innodb-recovery-modes/ for information about forcing recovery.
2026-03-25 17:13:39 0 [ERROR] InnoDB: Page [page id: space=0, page number=227] log sequence number 1314428 is in the future! Current system log sequence number 367054.
2026-03-25 17:13:39 0 [ERROR] InnoDB: Your database may be corrupt or you may have copied the InnoDB tablespace but not the InnoDB log files. Please refer to https://mariadb.com/kb/en/library/innodb-recovery-modes/ for information about forcing recovery.
2026-03-25 17:13:39 0 [ERROR] InnoDB: Page [page id: space=0, page number=339] log sequence number 1314428 is in the future! Current system log sequence number 367054.
2026-03-25 17:13:39 0 [ERROR] InnoDB: Your database may be corrupt or you may have copied the InnoDB tablespace but not the InnoDB log files. Please refer to https://mariadb.com/kb/en/library/innodb-recovery-modes/ for information about forcing recovery.
2026-03-25 17:13:39 0 [ERROR] InnoDB: Page [page id: space=0, page number=230] log sequence number 1314560 is in the future! Current system log sequence number 367054.
2026-03-25 17:13:39 0 [ERROR] InnoDB: Your database may be corrupt or you may have copied the InnoDB tablespace but not the InnoDB log files. Please refer to https://mariadb.com/kb/en/library/innodb-recovery-modes/ for information about forcing recovery.
2026-03-25 17:13:39 0 [ERROR] InnoDB: Page [page id: space=0, page number=367] log sequence number 1314560 is in the future! Current system log sequence number 367054.
2026-03-25 17:13:39 0 [ERROR] InnoDB: Your database may be corrupt or you may have copied the InnoDB tablespace but not the InnoDB log files. Please refer to https://mariadb.com/kb/en/library/innodb-recovery-modes/ for information about forcing recovery.
2026-03-25 17:13:39 0 [ERROR] InnoDB: Page [page id: space=0, page number=233] log sequence number 1314692 is in the future! Current system log sequence number 367054.
2026-03-25 17:13:39 0 [ERROR] InnoDB: Your database may be corrupt or you may have copied the InnoDB tablespace but not the InnoDB log files. Please refer to https://mariadb.com/kb/en/library/innodb-recovery-modes/ for information about forcing recovery.
2026-03-25 17:13:39 0 [ERROR] InnoDB: Page [page id: space=0, page number=374] log sequence number 1314692 is in the future! Current system log sequence number 367054.
2026-03-25 17:13:39 0 [ERROR] InnoDB: Your database may be corrupt or you may have copied the InnoDB tablespace but not the InnoDB log files. Please refer to https://mariadb.com/kb/en/library/innodb-recovery-modes/ for information about forcing recovery.
2026-03-25 17:13:39 0 [ERROR] InnoDB: Page [page id: space=0, page number=236] log sequence number 1314840 is in the future! Current system log sequence number 367054.
2026-03-25 17:13:39 0 [ERROR] InnoDB: Your database may be corrupt or you may have copied the InnoDB tablespace but not the InnoDB log files. Please refer to https://mariadb.com/kb/en/library/innodb-recovery-modes/ for information about forcing recovery.
2026-03-25 17:13:39 0 [ERROR] InnoDB: Page [page id: space=0, page number=389] log sequence number 1314840 is in the future! Current system log sequence number 367054.
2026-03-25 17:13:39 0 [ERROR] InnoDB: Your database may be corrupt or you may have copied the InnoDB tablespace but not the InnoDB log files. Please refer to https://mariadb.com/kb/en/library/innodb-recovery-modes/ for information about forcing recovery.
2026-03-25 17:13:39 0 [ERROR] InnoDB: Page [page id: space=0, page number=240] log sequence number 1203873 is in the future! Current system log sequence number 367054.
2026-03-25 17:13:39 0 [ERROR] InnoDB: Your database may be corrupt or you may have copied the InnoDB tablespace but not the InnoDB log files. Please refer to https://mariadb.com/kb/en/library/innodb-recovery-modes/ for information about forcing recovery.
2026-03-25 17:13:39 0 [ERROR] InnoDB: Page [page id: space=0, page number=241] log sequence number 1226073 is in the future! Current system log sequence number 367054.
2026-03-25 17:13:39 0 [ERROR] InnoDB: Your database may be corrupt or you may have copied the InnoDB tablespace but not the InnoDB log files. Please refer to https://mariadb.com/kb/en/library/innodb-recovery-modes/ for information about forcing recovery.
2026-03-25 17:13:39 0 [ERROR] InnoDB: Page [page id: space=0, page number=377] log sequence number 1226073 is in the future! Current system log sequence number 367054.
2026-03-25 17:13:39 0 [ERROR] InnoDB: Your database may be corrupt or you may have copied the InnoDB tablespace but not the InnoDB log files. Please refer to https://mariadb.com/kb/en/library/innodb-recovery-modes/ for information about forcing recovery.
2026-03-25 17:13:39 0 [ERROR] InnoDB: Page [page id: space=0, page number=242] log sequence number 1314990 is in the future! Current system log sequence number 367054.
2026-03-25 17:13:39 0 [ERROR] InnoDB: Your database may be corrupt or you may have copied the InnoDB tablespace but not the InnoDB log files. Please refer to https://mariadb.com/kb/en/library/innodb-recovery-modes/ for information about forcing recovery.
2026-03-25 17:13:39 0 [ERROR] InnoDB: Page [page id: space=0, page number=392] log sequence number 1314990 is in the future! Current system log sequence number 367054.
2026-03-25 17:13:39 0 [ERROR] InnoDB: Your database may be corrupt or you may have copied the InnoDB tablespace but not the InnoDB log files. Please refer to https://mariadb.com/kb/en/library/innodb-recovery-modes/ for information about forcing recovery.
2026-03-25 17:13:39 0 [ERROR] InnoDB: Page [page id: space=0, page number=244] log sequence number 1315034 is in the future! Current system log sequence number 367054.
2026-03-25 17:13:39 0 [ERROR] InnoDB: Your database may be corrupt or you may have copied the InnoDB tablespace but not the InnoDB log files. Please refer to https://mariadb.com/kb/en/library/innodb-recovery-modes/ for information about forcing recovery.
2026-03-25 17:13:39 0 [ERROR] InnoDB: Page [page id: space=0, page number=378] log sequence number 1315034 is in the future! Current system log sequence number 367054.
2026-03-25 17:13:39 0 [ERROR] InnoDB: Your database may be corrupt or you may have copied the InnoDB tablespace but not the InnoDB log files. Please refer to https://mariadb.com/kb/en/library/innodb-recovery-modes/ for information about forcing recovery.
2026-03-25 17:13:39 0 [ERROR] InnoDB: Page [page id: space=0, page number=245] log sequence number 1317328 is in the future! Current system log sequence number 367054.
2026-03-25 17:13:39 0 [ERROR] InnoDB: Your database may be corrupt or you may have copied the InnoDB tablespace but not the InnoDB log files. Please refer to https://mariadb.com/kb/en/library/innodb-recovery-modes/ for information about forcing recovery.
2026-03-25 17:13:39 0 [ERROR] InnoDB: Page [page id: space=0, page number=379] log sequence number 1317328 is in the future! Current system log sequence number 367054.
2026-03-25 17:13:39 0 [ERROR] InnoDB: Your database may be corrupt or you may have copied the InnoDB tablespace but not the InnoDB log files. Please refer to https://mariadb.com/kb/en/library/innodb-recovery-modes/ for information about forcing recovery.
2026-03-25 17:13:39 0 [ERROR] InnoDB: Page [page id: space=0, page number=246] log sequence number 1317388 is in the future! Current system log sequence number 367054.
2026-03-25 17:13:39 0 [ERROR] InnoDB: Your database may be corrupt or you may have copied the InnoDB tablespace but not the InnoDB log files. Please refer to https://mariadb.com/kb/en/library/innodb-recovery-modes/ for information about forcing recovery.
2026-03-25 17:13:39 0 [ERROR] InnoDB: Page [page id: space=0, page number=444] log sequence number 1317388 is in the future! Current system log sequence number 367054.
2026-03-25 17:13:39 0 [ERROR] InnoDB: Your database may be corrupt or you may have copied the InnoDB tablespace but not the InnoDB log files. Please refer to https://mariadb.com/kb/en/library/innodb-recovery-modes/ for information about forcing recovery.
2026-03-25 17:13:39 0 [ERROR] InnoDB: Page [page id: space=0, page number=247] log sequence number 1317432 is in the future! Current system log sequence number 367054.
2026-03-25 17:13:39 0 [ERROR] InnoDB: Your database may be corrupt or you may have copied the InnoDB tablespace but not the InnoDB log files. Please refer to https://mariadb.com/kb/en/library/innodb-recovery-modes/ for information about forcing recovery.
2026-03-25 17:13:39 0 [ERROR] InnoDB: Page [page id: space=0, page number=393] log sequence number 1317432 is in the future! Current system log sequence number 367054.
2026-03-25 17:13:39 0 [ERROR] InnoDB: Your database may be corrupt or you may have copied the InnoDB tablespace but not the InnoDB log files. Please refer to https://mariadb.com/kb/en/library/innodb-recovery-modes/ for information about forcing recovery.
2026-03-25 17:13:39 0 [ERROR] InnoDB: Page [page id: space=0, page number=248] log sequence number 1317476 is in the future! Current system log sequence number 367054.
2026-03-25 17:13:39 0 [ERROR] InnoDB: Your database may be corrupt or you may have copied the InnoDB tablespace but not the InnoDB log files. Please refer to https://mariadb.com/kb/en/library/innodb-recovery-modes/ for information about forcing recovery.
2026-03-25 17:13:39 0 [ERROR] InnoDB: Page [page id: space=0, page number=381] log sequence number 1317476 is in the future! Current system log sequence number 367054.
2026-03-25 17:13:39 0 [ERROR] InnoDB: Your database may be corrupt or you may have copied the InnoDB tablespace but not the InnoDB log files. Please refer to https://mariadb.com/kb/en/library/innodb-recovery-modes/ for information about forcing recovery.
2026-03-25 17:13:39 0 [ERROR] InnoDB: Page [page id: space=0, page number=249] log sequence number 1317520 is in the future! Current system log sequence number 367054.
2026-03-25 17:13:39 0 [ERROR] InnoDB: Your database may be corrupt or you may have copied the InnoDB tablespace but not the InnoDB log files. Please refer to https://mariadb.com/kb/en/library/innodb-recovery-modes/ for information about forcing recovery.
2026-03-25 17:13:39 0 [ERROR] InnoDB: Page [page id: space=0, page number=370] log sequence number 1317520 is in the future! Current system log sequence number 367054.
2026-03-25 17:13:39 0 [ERROR] InnoDB: Your database may be corrupt or you may have copied the InnoDB tablespace but not the InnoDB log files. Please refer to https://mariadb.com/kb/en/library/innodb-recovery-modes/ for information about forcing recovery.
2026-03-25 17:13:39 0 [ERROR] InnoDB: Page [page id: space=0, page number=250] log sequence number 1317564 is in the future! Current system log sequence number 367054.
2026-03-25 17:13:39 0 [ERROR] InnoDB: Your database may be corrupt or you may have copied the InnoDB tablespace but not the InnoDB log files. Please refer to https://mariadb.com/kb/en/library/innodb-recovery-modes/ for information about forcing recovery.
2026-03-25 17:13:39 0 [ERROR] InnoDB: Page [page id: space=0, page number=371] log sequence number 1317564 is in the future! Current system log sequence number 367054.
2026-03-25 17:13:39 0 [ERROR] InnoDB: Your database may be corrupt or you may have copied the InnoDB tablespace but not the InnoDB log files. Please refer to https://mariadb.com/kb/en/library/innodb-recovery-modes/ for information about forcing recovery.
2026-03-25 17:13:39 0 [ERROR] InnoDB: Page [page id: space=0, page number=251] log sequence number 1317608 is in the future! Current system log sequence number 367054.
2026-03-25 17:13:39 0 [ERROR] InnoDB: Your database may be corrupt or you may have copied the InnoDB tablespace but not the InnoDB log files. Please refer to https://mariadb.com/kb/en/library/innodb-recovery-modes/ for information about forcing recovery.
2026-03-25 17:13:39 0 [ERROR] InnoDB: Page [page id: space=0, page number=361] log sequence number 1317608 is in the future! Current system log sequence number 367054.
2026-03-25 17:13:39 0 [ERROR] InnoDB: Your database may be corrupt or you may have copied the InnoDB tablespace but not the InnoDB log files. Please refer to https://mariadb.com/kb/en/library/innodb-recovery-modes/ for information about forcing recovery.
2026-03-25 17:13:39 0 [ERROR] InnoDB: Page [page id: space=0, page number=252] log sequence number 1319843 is in the future! Current system log sequence number 367054.
2026-03-25 17:13:39 0 [ERROR] InnoDB: Your database may be corrupt or you may have copied the InnoDB tablespace but not the InnoDB log files. Please refer to https://mariadb.com/kb/en/library/innodb-recovery-modes/ for information about forcing recovery.
2026-03-25 17:13:39 0 [ERROR] InnoDB: Page [page id: space=0, page number=383] log sequence number 1319843 is in the future! Current system log sequence number 367054.
2026-03-25 17:13:39 0 [ERROR] InnoDB: Your database may be corrupt or you may have copied the InnoDB tablespace but not the InnoDB log files. Please refer to https://mariadb.com/kb/en/library/innodb-recovery-modes/ for information about forcing recovery.
2026-03-25 17:13:39 0 [ERROR] InnoDB: Page [page id: space=0, page number=253] log sequence number 1319887 is in the future! Current system log sequence number 367054.
2026-03-25 17:13:39 0 [ERROR] InnoDB: Your database may be corrupt or you may have copied the InnoDB tablespace but not the InnoDB log files. Please refer to https://mariadb.com/kb/en/library/innodb-recovery-modes/ for information about forcing recovery.
2026-03-25 17:13:39 0 [ERROR] InnoDB: Page [page id: space=0, page number=330] log sequence number 1319887 is in the future! Current system log sequence number 367054.
2026-03-25 17:13:39 0 [ERROR] InnoDB: Your database may be corrupt or you may have copied the InnoDB tablespace but not the InnoDB log files. Please refer to https://mariadb.com/kb/en/library/innodb-recovery-modes/ for information about forcing recovery.
2026-03-25 17:13:39 0 [ERROR] InnoDB: Page [page id: space=0, page number=254] log sequence number 1319931 is in the future! Current system log sequence number 367054.
2026-03-25 17:13:39 0 [ERROR] InnoDB: Your database may be corrupt or you may have copied the InnoDB tablespace but not the InnoDB log files. Please refer to https://mariadb.com/kb/en/library/innodb-recovery-modes/ for information about forcing recovery.
2026-03-25 17:13:39 0 [ERROR] InnoDB: Page [page id: space=0, page number=386] log sequence number 1319931 is in the future! Current system log sequence number 367054.
2026-03-25 17:13:39 0 [ERROR] InnoDB: Your database may be corrupt or you may have copied the InnoDB tablespace but not the InnoDB log files. Please refer to https://mariadb.com/kb/en/library/innodb-recovery-modes/ for information about forcing recovery.
2026-03-25 17:13:39 0 [ERROR] InnoDB: Page [page id: space=0, page number=255] log sequence number 1319991 is in the future! Current system log sequence number 367054.
2026-03-25 17:13:39 0 [ERROR] InnoDB: Your database may be corrupt or you may have copied the InnoDB tablespace but not the InnoDB log files. Please refer to https://mariadb.com/kb/en/library/innodb-recovery-modes/ for information about forcing recovery.
2026-03-25 17:13:39 0 [ERROR] InnoDB: Page [page id: space=0, page number=364] log sequence number 1319991 is in the future! Current system log sequence number 367054.
2026-03-25 17:13:39 0 [ERROR] InnoDB: Your database may be corrupt or you may have copied the InnoDB tablespace but not the InnoDB log files. Please refer to https://mariadb.com/kb/en/library/innodb-recovery-modes/ for information about forcing recovery.
2026-03-25 17:13:39 0 [ERROR] InnoDB: Page [page id: space=0, page number=256] log sequence number 1320035 is in the future! Current system log sequence number 367054.
2026-03-25 17:13:39 0 [ERROR] InnoDB: Your database may be corrupt or you may have copied the InnoDB tablespace but not the InnoDB log files. Please refer to https://mariadb.com/kb/en/library/innodb-recovery-modes/ for information about forcing recovery.
2026-03-25 17:13:39 0 [ERROR] InnoDB: Page [page id: space=0, page number=385] log sequence number 1320035 is in the future! Current system log sequence number 367054.
2026-03-25 17:13:39 0 [ERROR] InnoDB: Your database may be corrupt or you may have copied the InnoDB tablespace but not the InnoDB log files. Please refer to https://mariadb.com/kb/en/library/innodb-recovery-modes/ for information about forcing recovery.
2026-03-25 17:13:39 0 [ERROR] InnoDB: Page [page id: space=0, page number=257] log sequence number 1320079 is in the future! Current system log sequence number 367054.
2026-03-25 17:13:39 0 [ERROR] InnoDB: Your database may be corrupt or you may have copied the InnoDB tablespace but not the InnoDB log files. Please refer to https://mariadb.com/kb/en/library/innodb-recovery-modes/ for information about forcing recovery.
2026-03-25 17:13:39 0 [ERROR] InnoDB: Page [page id: space=0, page number=387] log sequence number 1320079 is in the future! Current system log sequence number 367054.
2026-03-25 17:13:39 0 [ERROR] InnoDB: Your database may be corrupt or you may have copied the InnoDB tablespace but not the InnoDB log files. Please refer to https://mariadb.com/kb/en/library/innodb-recovery-modes/ for information about forcing recovery.
2026-03-25 17:13:39 0 [ERROR] InnoDB: Page [page id: space=0, page number=258] log sequence number 1226809 is in the future! Current system log sequence number 367054.
2026-03-25 17:13:39 0 [ERROR] InnoDB: Your database may be corrupt or you may have copied the InnoDB tablespace but not the InnoDB log files. Please refer to https://mariadb.com/kb/en/library/innodb-recovery-modes/ for information about forcing recovery.
2026-03-25 17:13:39 0 [ERROR] InnoDB: Page [page id: space=0, page number=396] log sequence number 1226809 is in the future! Current system log sequence number 367054.
2026-03-25 17:13:39 0 [ERROR] InnoDB: Your database may be corrupt or you may have copied the InnoDB tablespace but not the InnoDB log files. Please refer to https://mariadb.com/kb/en/library/innodb-recovery-modes/ for information about forcing recovery.
2026-03-25 17:13:39 0 [ERROR] InnoDB: Page [page id: space=0, page number=259] log sequence number 1320123 is in the future! Current system log sequence number 367054.
2026-03-25 17:13:39 0 [ERROR] InnoDB: Your database may be corrupt or you may have copied the InnoDB tablespace but not the InnoDB log files. Please refer to https://mariadb.com/kb/en/library/innodb-recovery-modes/ for information about forcing recovery.
2026-03-25 17:13:39 0 [ERROR] InnoDB: Page [page id: space=0, page number=331] log sequence number 1320123 is in the future! Current system log sequence number 367054.
2026-03-25 17:13:39 0 [ERROR] InnoDB: Your database may be corrupt or you may have copied the InnoDB tablespace but not the InnoDB log files. Please refer to https://mariadb.com/kb/en/library/innodb-recovery-modes/ for information about forcing recovery.
2026-03-25 17:13:39 0 [ERROR] InnoDB: Page [page id: space=0, page number=260] log sequence number 1648633 is in the future! Current system log sequence number 367054.
2026-03-25 17:13:39 0 [ERROR] InnoDB: Your database may be corrupt or you may have copied the InnoDB tablespace but not the InnoDB log files. Please refer to https://mariadb.com/kb/en/library/innodb-recovery-modes/ for information about forcing recovery.
2026-03-25 17:13:39 0 [ERROR] InnoDB: Page [page id: space=0, page number=395] log sequence number 1648633 is in the future! Current system log sequence number 367054.
2026-03-25 17:13:39 0 [ERROR] InnoDB: Your database may be corrupt or you may have copied the InnoDB tablespace but not the InnoDB log files. Please refer to https://mariadb.com/kb/en/library/innodb-recovery-modes/ for information about forcing recovery.
2026-03-25 17:13:39 0 [ERROR] InnoDB: Page [page id: space=0, page number=261] log sequence number 1648693 is in the future! Current system log sequence number 367054.
2026-03-25 17:13:39 0 [ERROR] InnoDB: Your database may be corrupt or you may have copied the InnoDB tablespace but not the InnoDB log files. Please refer to https://mariadb.com/kb/en/library/innodb-recovery-modes/ for information about forcing recovery.
2026-03-25 17:13:39 0 [ERROR] InnoDB: Page [page id: space=0, page number=398] log sequence number 1648693 is in the future! Current system log sequence number 367054.
2026-03-25 17:13:39 0 [ERROR] InnoDB: Your database may be corrupt or you may have copied the InnoDB tablespace but not the InnoDB log files. Please refer to https://mariadb.com/kb/en/library/innodb-recovery-modes/ for information about forcing recovery.
2026-03-25 17:13:39 0 [ERROR] InnoDB: Page [page id: space=0, page number=262] log sequence number 1648737 is in the future! Current system log sequence number 367054.
2026-03-25 17:13:39 0 [ERROR] InnoDB: Your database may be corrupt or you may have copied the InnoDB tablespace but not the InnoDB log files. Please refer to https://mariadb.com/kb/en/library/innodb-recovery-modes/ for information about forcing recovery.
2026-03-25 17:13:39 0 [ERROR] InnoDB: Page [page id: space=0, page number=397] log sequence number 1648737 is in the future! Current system log sequence number 367054.
2026-03-25 17:13:39 0 [ERROR] InnoDB: Your database may be corrupt or you may have copied the InnoDB tablespace but not the InnoDB log files. Please refer to https://mariadb.com/kb/en/library/innodb-recovery-modes/ for information about forcing recovery.
2026-03-25 17:13:39 0 [ERROR] InnoDB: Page [page id: space=0, page number=263] log sequence number 1648781 is in the future! Current system log sequence number 367054.
2026-03-25 17:13:39 0 [ERROR] InnoDB: Your database may be corrupt or you may have copied the InnoDB tablespace but not the InnoDB log files. Please refer to https://mariadb.com/kb/en/library/innodb-recovery-modes/ for information about forcing recovery.
2026-03-25 17:13:39 0 [ERROR] InnoDB: Page [page id: space=0, page number=405] log sequence number 1648781 is in the future! Current system log sequence number 367054.
2026-03-25 17:13:39 0 [ERROR] InnoDB: Your database may be corrupt or you may have copied the InnoDB tablespace but not the InnoDB log files. Please refer to https://mariadb.com/kb/en/library/innodb-recovery-modes/ for information about forcing recovery.
2026-03-25 17:13:39 0 [ERROR] InnoDB: Page [page id: space=0, page number=264] log sequence number 1648825 is in the future! Current system log sequence number 367054.
2026-03-25 17:13:39 0 [ERROR] InnoDB: Your database may be corrupt or you may have copied the InnoDB tablespace but not the InnoDB log files. Please refer to https://mariadb.com/kb/en/library/innodb-recovery-modes/ for information about forcing recovery.
2026-03-25 17:13:39 0 [ERROR] InnoDB: Page [page id: space=0, page number=399] log sequence number 1648825 is in the future! Current system log sequence number 367054.
2026-03-25 17:13:39 0 [ERROR] InnoDB: Your database may be corrupt or you may have copied the InnoDB tablespace but not the InnoDB log files. Please refer to https://mariadb.com/kb/en/library/innodb-recovery-modes/ for information about forcing recovery.
2026-03-25 17:13:39 0 [ERROR] InnoDB: Page [page id: space=0, page number=265] log sequence number 1648869 is in the future! Current system log sequence number 367054.
2026-03-25 17:13:39 0 [ERROR] InnoDB: Your database may be corrupt or you may have copied the InnoDB tablespace but not the InnoDB log files. Please refer to https://mariadb.com/kb/en/library/innodb-recovery-modes/ for information about forcing recovery.
2026-03-25 17:13:39 0 [ERROR] InnoDB: Page [page id: space=0, page number=400] log sequence number 1648869 is in the future! Current system log sequence number 367054.
2026-03-25 17:13:39 0 [ERROR] InnoDB: Your database may be corrupt or you may have copied the InnoDB tablespace but not the InnoDB log files. Please refer to https://mariadb.com/kb/en/library/innodb-recovery-modes/ for information about forcing recovery.
2026-03-25 17:13:39 0 [ERROR] InnoDB: Page [page id: space=0, page number=266] log sequence number 1648913 is in the future! Current system log sequence number 367054.
2026-03-25 17:13:39 0 [ERROR] InnoDB: Your database may be corrupt or you may have copied the InnoDB tablespace but not the InnoDB log files. Please refer to https://mariadb.com/kb/en/library/innodb-recovery-modes/ for information about forcing recovery.
2026-03-25 17:13:39 0 [ERROR] InnoDB: Page [page id: space=0, page number=437] log sequence number 1648913 is in the future! Current system log sequence number 367054.
2026-03-25 17:13:39 0 [ERROR] InnoDB: Your database may be corrupt or you may have copied the InnoDB tablespace but not the InnoDB log files. Please refer to https://mariadb.com/kb/en/library/innodb-recovery-modes/ for information about forcing recovery.
2026-03-25 17:13:39 0 [ERROR] InnoDB: Page [page id: space=0, page number=267] log sequence number 1648957 is in the future! Current system log sequence number 367054.
2026-03-25 17:13:39 0 [ERROR] InnoDB: Your database may be corrupt or you may have copied the InnoDB tablespace but not the InnoDB log files. Please refer to https://mariadb.com/kb/en/library/innodb-recovery-modes/ for information about forcing recovery.
2026-03-25 17:13:39 0 [ERROR] InnoDB: Page [page id: space=0, page number=401] log sequence number 1648957 is in the future! Current system log sequence number 367054.
2026-03-25 17:13:39 0 [ERROR] InnoDB: Your database may be corrupt or you may have copied the InnoDB tablespace but not the InnoDB log files. Please refer to https://mariadb.com/kb/en/library/innodb-recovery-modes/ for information about forcing recovery.
2026-03-25 17:13:39 0 [ERROR] InnoDB: Page [page id: space=0, page number=268] log sequence number 1649001 is in the future! Current system log sequence number 367054.
2026-03-25 17:13:39 0 [ERROR] InnoDB: Your database may be corrupt or you may have copied the InnoDB tablespace but not the InnoDB log files. Please refer to https://mariadb.com/kb/en/library/innodb-recovery-modes/ for information about forcing recovery.
2026-03-25 17:13:39 0 [ERROR] InnoDB: Page [page id: space=0, page number=332] log sequence number 1649001 is in the future! Current system log sequence number 367054.
2026-03-25 17:13:39 0 [ERROR] InnoDB: Your database may be corrupt or you may have copied the InnoDB tablespace but not the InnoDB log files. Please refer to https://mariadb.com/kb/en/library/innodb-recovery-modes/ for information about forcing recovery.
2026-03-25 17:13:39 0 [ERROR] InnoDB: Page [page id: space=0, page number=269] log sequence number 1649045 is in the future! Current system log sequence number 367054.
2026-03-25 17:13:39 0 [ERROR] InnoDB: Your database may be corrupt or you may have copied the InnoDB tablespace but not the InnoDB log files. Please refer to https://mariadb.com/kb/en/library/innodb-recovery-modes/ for information about forcing recovery.
2026-03-25 17:13:39 0 [ERROR] InnoDB: Page [page id: space=0, page number=403] log sequence number 1649045 is in the future! Current system log sequence number 367054.
2026-03-25 17:13:39 0 [ERROR] InnoDB: Your database may be corrupt or you may have copied the InnoDB tablespace but not the InnoDB log files. Please refer to https://mariadb.com/kb/en/library/innodb-recovery-modes/ for information about forcing recovery.
2026-03-25 17:13:39 0 [ERROR] InnoDB: Page [page id: space=0, page number=270] log sequence number 1649089 is in the future! Current system log sequence number 367054.
2026-03-25 17:13:39 0 [ERROR] InnoDB: Your database may be corrupt or you may have copied the InnoDB tablespace but not the InnoDB log files. Please refer to https://mariadb.com/kb/en/library/innodb-recovery-modes/ for information about forcing recovery.
2026-03-25 17:13:39 0 [ERROR] InnoDB: Page [page id: space=0, page number=404] log sequence number 1649089 is in the future! Current system log sequence number 367054.
2026-03-25 17:13:39 0 [ERROR] InnoDB: Your database may be corrupt or you may have copied the InnoDB tablespace but not the InnoDB log files. Please refer to https://mariadb.com/kb/en/library/innodb-recovery-modes/ for information about forcing recovery.
2026-03-25 17:13:39 0 [ERROR] InnoDB: Page [page id: space=0, page number=271] log sequence number 1649133 is in the future! Current system log sequence number 367054.
2026-03-25 17:13:39 0 [ERROR] InnoDB: Your database may be corrupt or you may have copied the InnoDB tablespace but not the InnoDB log files. Please refer to https://mariadb.com/kb/en/library/innodb-recovery-modes/ for information about forcing recovery.
2026-03-25 17:13:39 0 [ERROR] InnoDB: Page [page id: space=0, page number=317] log sequence number 1649133 is in the future! Current system log sequence number 367054.
2026-03-25 17:13:39 0 [ERROR] InnoDB: Your database may be corrupt or you may have copied the InnoDB tablespace but not the InnoDB log files. Please refer to https://mariadb.com/kb/en/library/innodb-recovery-modes/ for information about forcing recovery.
2026-03-25 17:13:39 0 [ERROR] InnoDB: Page [page id: space=0, page number=272] log sequence number 1649193 is in the future! Current system log sequence number 367054.
2026-03-25 17:13:39 0 [ERROR] InnoDB: Your database may be corrupt or you may have copied the InnoDB tablespace but not the InnoDB log files. Please refer to https://mariadb.com/kb/en/library/innodb-recovery-modes/ for information about forcing recovery.
2026-03-25 17:13:39 0 [ERROR] InnoDB: Page [page id: space=0, page number=406] log sequence number 1649193 is in the future! Current system log sequence number 367054.
2026-03-25 17:13:39 0 [ERROR] InnoDB: Your database may be corrupt or you may have copied the InnoDB tablespace but not the InnoDB log files. Please refer to https://mariadb.com/kb/en/library/innodb-recovery-modes/ for information about forcing recovery.
2026-03-25 17:13:39 0 [ERROR] InnoDB: Page [page id: space=0, page number=273] log sequence number 1649237 is in the future! Current system log sequence number 367054.
2026-03-25 17:13:39 0 [ERROR] InnoDB: Your database may be corrupt or you may have copied the InnoDB tablespace but not the InnoDB log files. Please refer to https://mariadb.com/kb/en/library/innodb-recovery-modes/ for information about forcing recovery.
2026-03-25 17:13:39 0 [ERROR] InnoDB: Page [page id: space=0, page number=334] log sequence number 1649237 is in the future! Current system log sequence number 367054.
2026-03-25 17:13:39 0 [ERROR] InnoDB: Your database may be corrupt or you may have copied the InnoDB tablespace but not the InnoDB log files. Please refer to https://mariadb.com/kb/en/library/innodb-recovery-modes/ for information about forcing recovery.
2026-03-25 17:13:39 0 [ERROR] InnoDB: Page [page id: space=0, page number=274] log sequence number 1649281 is in the future! Current system log sequence number 367054.
2026-03-25 17:13:39 0 [ERROR] InnoDB: Your database may be corrupt or you may have copied the InnoDB tablespace but not the InnoDB log files. Please refer to https://mariadb.com/kb/en/library/innodb-recovery-modes/ for information about forcing recovery.
2026-03-25 17:13:39 0 [ERROR] InnoDB: Page [page id: space=0, page number=409] log sequence number 1649281 is in the future! Current system log sequence number 367054.
2026-03-25 17:13:39 0 [ERROR] InnoDB: Your database may be corrupt or you may have copied the InnoDB tablespace but not the InnoDB log files. Please refer to https://mariadb.com/kb/en/library/innodb-recovery-modes/ for information about forcing recovery.
2026-03-25 17:13:39 0 [ERROR] InnoDB: Page [page id: space=0, page number=275] log sequence number 1649325 is in the future! Current system log sequence number 367054.
2026-03-25 17:13:39 0 [ERROR] InnoDB: Your database may be corrupt or you may have copied the InnoDB tablespace but not the InnoDB log files. Please refer to https://mariadb.com/kb/en/library/innodb-recovery-modes/ for information about forcing recovery.
2026-03-25 17:13:39 0 [ERROR] InnoDB: Page [page id: space=0, page number=352] log sequence number 1649325 is in the future! Current system log sequence number 367054.
2026-03-25 17:13:39 0 [ERROR] InnoDB: Your database may be corrupt or you may have copied the InnoDB tablespace but not the InnoDB log files. Please refer to https://mariadb.com/kb/en/library/innodb-recovery-modes/ for information about forcing recovery.
2026-03-25 17:13:39 0 [ERROR] InnoDB: Page [page id: space=0, page number=278] log sequence number 1236052 is in the future! Current system log sequence number 367054.
2026-03-25 17:13:39 0 [ERROR] InnoDB: Your database may be corrupt or you may have copied the InnoDB tablespace but not the InnoDB log files. Please refer to https://mariadb.com/kb/en/library/innodb-recovery-modes/ for information about forcing recovery.
2026-03-25 17:13:39 0 [ERROR] InnoDB: Page [page id: space=0, page number=413] log sequence number 1236052 is in the future! Current system log sequence number 367054.
2026-03-25 17:13:39 0 [ERROR] InnoDB: Your database may be corrupt or you may have copied the InnoDB tablespace but not the InnoDB log files. Please refer to https://mariadb.com/kb/en/library/innodb-recovery-modes/ for information about forcing recovery.
2026-03-25 17:13:39 0 [ERROR] InnoDB: Page [page id: space=0, page number=279] log sequence number 1237075 is in the future! Current system log sequence number 367054.
2026-03-25 17:13:39 0 [ERROR] InnoDB: Your database may be corrupt or you may have copied the InnoDB tablespace but not the InnoDB log files. Please refer to https://mariadb.com/kb/en/library/innodb-recovery-modes/ for information about forcing recovery.
2026-03-25 17:13:39 0 [ERROR] InnoDB: Page [page id: space=0, page number=414] log sequence number 1237075 is in the future! Current system log sequence number 367054.
2026-03-25 17:13:39 0 [ERROR] InnoDB: Your database may be corrupt or you may have copied the InnoDB tablespace but not the InnoDB log files. Please refer to https://mariadb.com/kb/en/library/innodb-recovery-modes/ for information about forcing recovery.
2026-03-25 17:13:39 0 [ERROR] InnoDB: Page [page id: space=0, page number=280] log sequence number 1237119 is in the future! Current system log sequence number 367054.
2026-03-25 17:13:39 0 [ERROR] InnoDB: Your database may be corrupt or you may have copied the InnoDB tablespace but not the InnoDB log files. Please refer to https://mariadb.com/kb/en/library/innodb-recovery-modes/ for information about forcing recovery.
2026-03-25 17:13:39 0 [ERROR] InnoDB: Page [page id: space=0, page number=415] log sequence number 1237119 is in the future! Current system log sequence number 367054.
2026-03-25 17:13:39 0 [ERROR] InnoDB: Your database may be corrupt or you may have copied the InnoDB tablespace but not the InnoDB log files. Please refer to https://mariadb.com/kb/en/library/innodb-recovery-modes/ for information about forcing recovery.
2026-03-25 17:13:39 0 [ERROR] InnoDB: Page [page id: space=0, page number=281] log sequence number 1266772 is in the future! Current system log sequence number 367054.
2026-03-25 17:13:39 0 [ERROR] InnoDB: Your database may be corrupt or you may have copied the InnoDB tablespace but not the InnoDB log files. Please refer to https://mariadb.com/kb/en/library/innodb-recovery-modes/ for information about forcing recovery.
2026-03-25 17:13:39 0 [ERROR] InnoDB: Page [page id: space=0, page number=416] log sequence number 1266772 is in the future! Current system log sequence number 367054.
2026-03-25 17:13:39 0 [ERROR] InnoDB: Your database may be corrupt or you may have copied the InnoDB tablespace but not the InnoDB log files. Please refer to https://mariadb.com/kb/en/library/innodb-recovery-modes/ for information about forcing recovery.
2026-03-25 17:13:39 0 [ERROR] InnoDB: Page [page id: space=0, page number=282] log sequence number 1266816 is in the future! Current system log sequence number 367054.
2026-03-25 17:13:39 0 [ERROR] InnoDB: Your database may be corrupt or you may have copied the InnoDB tablespace but not the InnoDB log files. Please refer to https://mariadb.com/kb/en/library/innodb-recovery-modes/ for information about forcing recovery.
2026-03-25 17:13:39 0 [ERROR] InnoDB: Page [page id: space=0, page number=417] log sequence number 1266816 is in the future! Current system log sequence number 367054.
2026-03-25 17:13:39 0 [ERROR] InnoDB: Your database may be corrupt or you may have copied the InnoDB tablespace but not the InnoDB log files. Please refer to https://mariadb.com/kb/en/library/innodb-recovery-modes/ for information about forcing recovery.
2026-03-25 17:13:39 0 [ERROR] InnoDB: Page [page id: space=0, page number=283] log sequence number 1266860 is in the future! Current system log sequence number 367054.
2026-03-25 17:13:39 0 [ERROR] InnoDB: Your database may be corrupt or you may have copied the InnoDB tablespace but not the InnoDB log files. Please refer to https://mariadb.com/kb/en/library/innodb-recovery-modes/ for information about forcing recovery.
2026-03-25 17:13:39 0 [ERROR] InnoDB: Page [page id: space=0, page number=418] log sequence number 1266860 is in the future! Current system log sequence number 367054.
2026-03-25 17:13:39 0 [ERROR] InnoDB: Your database may be corrupt or you may have copied the InnoDB tablespace but not the InnoDB log files. Please refer to https://mariadb.com/kb/en/library/innodb-recovery-modes/ for information about forcing recovery.
2026-03-25 17:13:39 0 [ERROR] InnoDB: Page [page id: space=0, page number=284] log sequence number 1266904 is in the future! Current system log sequence number 367054.
2026-03-25 17:13:39 0 [ERROR] InnoDB: Your database may be corrupt or you may have copied the InnoDB tablespace but not the InnoDB log files. Please refer to https://mariadb.com/kb/en/library/innodb-recovery-modes/ for information about forcing recovery.
2026-03-25 17:13:39 0 [ERROR] InnoDB: Page [page id: space=0, page number=419] log sequence number 1266904 is in the future! Current system log sequence number 367054.
2026-03-25 17:13:39 0 [ERROR] InnoDB: Your database may be corrupt or you may have copied the InnoDB tablespace but not the InnoDB log files. Please refer to https://mariadb.com/kb/en/library/innodb-recovery-modes/ for information about forcing recovery.
2026-03-25 17:13:39 0 [ERROR] InnoDB: Page [page id: space=0, page number=285] log sequence number 1267010 is in the future! Current system log sequence number 367054.
2026-03-25 17:13:39 0 [ERROR] InnoDB: Your database may be corrupt or you may have copied the InnoDB tablespace but not the InnoDB log files. Please refer to https://mariadb.com/kb/en/library/innodb-recovery-modes/ for information about forcing recovery.
2026-03-25 17:13:39 0 [ERROR] InnoDB: Page [page id: space=0, page number=286] log sequence number 1267054 is in the future! Current system log sequence number 367054.
2026-03-25 17:13:39 0 [ERROR] InnoDB: Your database may be corrupt or you may have copied the InnoDB tablespace but not the InnoDB log files. Please refer to https://mariadb.com/kb/en/library/innodb-recovery-modes/ for information about forcing recovery.
2026-03-25 17:13:39 0 [ERROR] InnoDB: Page [page id: space=0, page number=421] log sequence number 1267054 is in the future! Current system log sequence number 367054.
2026-03-25 17:13:39 0 [ERROR] InnoDB: Your database may be corrupt or you may have copied the InnoDB tablespace but not the InnoDB log files. Please refer to https://mariadb.com/kb/en/library/innodb-recovery-modes/ for information about forcing recovery.
2026-03-25 17:13:39 0 [ERROR] InnoDB: Page [page id: space=0, page number=287] log sequence number 1267098 is in the future! Current system log sequence number 367054.
2026-03-25 17:13:39 0 [ERROR] InnoDB: Your database may be corrupt or you may have copied the InnoDB tablespace but not the InnoDB log files. Please refer to https://mariadb.com/kb/en/library/innodb-recovery-modes/ for information about forcing recovery.
2026-03-25 17:13:39 0 [ERROR] InnoDB: Page [page id: space=0, page number=422] log sequence number 1267098 is in the future! Current system log sequence number 367054.
2026-03-25 17:13:39 0 [ERROR] InnoDB: Your database may be corrupt or you may have copied the InnoDB tablespace but not the InnoDB log files. Please refer to https://mariadb.com/kb/en/library/innodb-recovery-modes/ for information about forcing recovery.
2026-03-25 17:13:39 0 [ERROR] InnoDB: Page [page id: space=0, page number=288] log sequence number 1267220 is in the future! Current system log sequence number 367054.
2026-03-25 17:13:39 0 [ERROR] InnoDB: Your database may be corrupt or you may have copied the InnoDB tablespace but not the InnoDB log files. Please refer to https://mariadb.com/kb/en/library/innodb-recovery-modes/ for information about forcing recovery.
2026-03-25 17:13:39 0 [ERROR] InnoDB: Page [page id: space=0, page number=289] log sequence number 1267264 is in the future! Current system log sequence number 367054.
2026-03-25 17:13:39 0 [ERROR] InnoDB: Your database may be corrupt or you may have copied the InnoDB tablespace but not the InnoDB log files. Please refer to https://mariadb.com/kb/en/library/innodb-recovery-modes/ for information about forcing recovery.
2026-03-25 17:13:39 0 [ERROR] InnoDB: Page [page id: space=0, page number=424] log sequence number 1267264 is in the future! Current system log sequence number 367054.
2026-03-25 17:13:39 0 [ERROR] InnoDB: Your database may be corrupt or you may have copied the InnoDB tablespace but not the InnoDB log files. Please refer to https://mariadb.com/kb/en/library/innodb-recovery-modes/ for information about forcing recovery.
2026-03-25 17:13:39 0 [ERROR] InnoDB: Page [page id: space=0, page number=290] log sequence number 1267308 is in the future! Current system log sequence number 367054.
2026-03-25 17:13:39 0 [ERROR] InnoDB: Your database may be corrupt or you may have copied the InnoDB tablespace but not the InnoDB log files. Please refer to https://mariadb.com/kb/en/library/innodb-recovery-modes/ for information about forcing recovery.
2026-03-25 17:13:39 0 [ERROR] InnoDB: Page [page id: space=0, page number=425] log sequence number 1267308 is in the future! Current system log sequence number 367054.
2026-03-25 17:13:39 0 [ERROR] InnoDB: Your database may be corrupt or you may have copied the InnoDB tablespace but not the InnoDB log files. Please refer to https://mariadb.com/kb/en/library/innodb-recovery-modes/ for information about forcing recovery.
2026-03-25 17:13:39 0 [ERROR] InnoDB: Page [page id: space=0, page number=291] log sequence number 1267352 is in the future! Current system log sequence number 367054.
2026-03-25 17:13:39 0 [ERROR] InnoDB: Your database may be corrupt or you may have copied the InnoDB tablespace but not the InnoDB log files. Please refer to https://mariadb.com/kb/en/library/innodb-recovery-modes/ for information about forcing recovery.
2026-03-25 17:13:39 0 [ERROR] InnoDB: Page [page id: space=0, page number=337] log sequence number 1267352 is in the future! Current system log sequence number 367054.
2026-03-25 17:13:39 0 [ERROR] InnoDB: Your database may be corrupt or you may have copied the InnoDB tablespace but not the InnoDB log files. Please refer to https://mariadb.com/kb/en/library/innodb-recovery-modes/ for information about forcing recovery.
2026-03-25 17:13:39 0 [ERROR] InnoDB: Page [page id: space=0, page number=292] log sequence number 1267396 is in the future! Current system log sequence number 367054.
2026-03-25 17:13:39 0 [ERROR] InnoDB: Your database may be corrupt or you may have copied the InnoDB tablespace but not the InnoDB log files. Please refer to https://mariadb.com/kb/en/library/innodb-recovery-modes/ for information about forcing recovery.
2026-03-25 17:13:39 0 [ERROR] InnoDB: Page [page id: space=0, page number=427] log sequence number 1267396 is in the future! Current system log sequence number 367054.
2026-03-25 17:13:39 0 [ERROR] InnoDB: Your database may be corrupt or you may have copied the InnoDB tablespace but not the InnoDB log files. Please refer to https://mariadb.com/kb/en/library/innodb-recovery-modes/ for information about forcing recovery.
2026-03-25 17:13:39 0 [ERROR] InnoDB: Page [page id: space=0, page number=293] log sequence number 1267440 is in the future! Current system log sequence number 367054.
2026-03-25 17:13:39 0 [ERROR] InnoDB: Your database may be corrupt or you may have copied the InnoDB tablespace but not the InnoDB log files. Please refer to https://mariadb.com/kb/en/library/innodb-recovery-modes/ for information about forcing recovery.
2026-03-25 17:13:39 0 [ERROR] InnoDB: Page [page id: space=0, page number=428] log sequence number 1267440 is in the future! Current system log sequence number 367054.
2026-03-25 17:13:39 0 [ERROR] InnoDB: Your database may be corrupt or you may have copied the InnoDB tablespace but not the InnoDB log files. Please refer to https://mariadb.com/kb/en/library/innodb-recovery-modes/ for information about forcing recovery.
2026-03-25 17:13:39 0 [ERROR] InnoDB: Page [page id: space=0, page number=294] log sequence number 1267484 is in the future! Current system log sequence number 367054.
2026-03-25 17:13:39 0 [ERROR] InnoDB: Your database may be corrupt or you may have copied the InnoDB tablespace but not the InnoDB log files. Please refer to https://mariadb.com/kb/en/library/innodb-recovery-modes/ for information about forcing recovery.
2026-03-25 17:13:39 0 [ERROR] InnoDB: Page [page id: space=0, page number=429] log sequence number 1267484 is in the future! Current system log sequence number 367054.
2026-03-25 17:13:39 0 [ERROR] InnoDB: Your database may be corrupt or you may have copied the InnoDB tablespace but not the InnoDB log files. Please refer to https://mariadb.com/kb/en/library/innodb-recovery-modes/ for information about forcing recovery.
2026-03-25 17:13:39 0 [ERROR] InnoDB: Page [page id: space=0, page number=295] log sequence number 1267528 is in the future! Current system log sequence number 367054.
2026-03-25 17:13:39 0 [ERROR] InnoDB: Your database may be corrupt or you may have copied the InnoDB tablespace but not the InnoDB log files. Please refer to https://mariadb.com/kb/en/library/innodb-recovery-modes/ for information about forcing recovery.
2026-03-25 17:13:39 0 [ERROR] InnoDB: Page [page id: space=0, page number=430] log sequence number 1267528 is in the future! Current system log sequence number 367054.
2026-03-25 17:13:39 0 [ERROR] InnoDB: Your database may be corrupt or you may have copied the InnoDB tablespace but not the InnoDB log files. Please refer to https://mariadb.com/kb/en/library/innodb-recovery-modes/ for information about forcing recovery.
2026-03-25 17:13:39 0 [ERROR] InnoDB: Page [page id: space=0, page number=296] log sequence number 1267572 is in the future! Current system log sequence number 367054.
2026-03-25 17:13:39 0 [ERROR] InnoDB: Your database may be corrupt or you may have copied the InnoDB tablespace but not the InnoDB log files. Please refer to https://mariadb.com/kb/en/library/innodb-recovery-modes/ for information about forcing recovery.
2026-03-25 17:13:39 0 [ERROR] InnoDB: Page [page id: space=0, page number=431] log sequence number 1267572 is in the future! Current system log sequence number 367054.
2026-03-25 17:13:39 0 [ERROR] InnoDB: Your database may be corrupt or you may have copied the InnoDB tablespace but not the InnoDB log files. Please refer to https://mariadb.com/kb/en/library/innodb-recovery-modes/ for information about forcing recovery.
2026-03-25 17:13:39 0 [ERROR] InnoDB: Page [page id: space=0, page number=297] log sequence number 1280930 is in the future! Current system log sequence number 367054.
2026-03-25 17:13:39 0 [ERROR] InnoDB: Your database may be corrupt or you may have copied the InnoDB tablespace but not the InnoDB log files. Please refer to https://mariadb.com/kb/en/library/innodb-recovery-modes/ for information about forcing recovery.
2026-03-25 17:13:39 0 [ERROR] InnoDB: Page [page id: space=0, page number=380] log sequence number 1280930 is in the future! Current system log sequence number 367054.
2026-03-25 17:13:39 0 [ERROR] InnoDB: Your database may be corrupt or you may have copied the InnoDB tablespace but not the InnoDB log files. Please refer to https://mariadb.com/kb/en/library/innodb-recovery-modes/ for information about forcing recovery.
2026-03-25 17:13:39 0 [ERROR] InnoDB: Page [page id: space=0, page number=298] log sequence number 1280974 is in the future! Current system log sequence number 367054.
2026-03-25 17:13:39 0 [ERROR] InnoDB: Your database may be corrupt or you may have copied the InnoDB tablespace but not the InnoDB log files. Please refer to https://mariadb.com/kb/en/library/innodb-recovery-modes/ for information about forcing recovery.
2026-03-25 17:13:39 0 [ERROR] InnoDB: Page [page id: space=0, page number=433] log sequence number 1280974 is in the future! Current system log sequence number 367054.
2026-03-25 17:13:39 0 [ERROR] InnoDB: Your database may be corrupt or you may have copied the InnoDB tablespace but not the InnoDB log files. Please refer to https://mariadb.com/kb/en/library/innodb-recovery-modes/ for information about forcing recovery.
2026-03-25 17:13:39 0 [ERROR] InnoDB: Page [page id: space=0, page number=299] log sequence number 1281018 is in the future! Current system log sequence number 367054.
2026-03-25 17:13:39 0 [ERROR] InnoDB: Your database may be corrupt or you may have copied the InnoDB tablespace but not the InnoDB log files. Please refer to https://mariadb.com/kb/en/library/innodb-recovery-modes/ for information about forcing recovery.
2026-03-25 17:13:39 0 [ERROR] InnoDB: Page [page id: space=0, page number=434] log sequence number 1281018 is in the future! Current system log sequence number 367054.
2026-03-25 17:13:39 0 [ERROR] InnoDB: Your database may be corrupt or you may have copied the InnoDB tablespace but not the InnoDB log files. Please refer to https://mariadb.com/kb/en/library/innodb-recovery-modes/ for information about forcing recovery.
2026-03-25 17:13:39 0 [ERROR] InnoDB: Page [page id: space=0, page number=300] log sequence number 1281078 is in the future! Current system log sequence number 367054.
2026-03-25 17:13:39 0 [ERROR] InnoDB: Your database may be corrupt or you may have copied the InnoDB tablespace but not the InnoDB log files. Please refer to https://mariadb.com/kb/en/library/innodb-recovery-modes/ for information about forcing recovery.
2026-03-25 17:13:39 0 [ERROR] InnoDB: Page [page id: space=0, page number=435] log sequence number 1281078 is in the future! Current system log sequence number 367054.
2026-03-25 17:13:39 0 [ERROR] InnoDB: Your database may be corrupt or you may have copied the InnoDB tablespace but not the InnoDB log files. Please refer to https://mariadb.com/kb/en/library/innodb-recovery-modes/ for information about forcing recovery.
2026-03-25 17:13:39 0 [ERROR] InnoDB: Page [page id: space=0, page number=8] log sequence number 1151310 is in the future! Current system log sequence number 367054.
2026-03-25 17:13:39 0 [ERROR] InnoDB: Your database may be corrupt or you may have copied the InnoDB tablespace but not the InnoDB log files. Please refer to https://mariadb.com/kb/en/library/innodb-recovery-modes/ for information about forcing recovery.
2026-03-25 17:13:39 0 [ERROR] InnoDB: Page [page id: space=0, page number=10] log sequence number 4947534 is in the future! Current system log sequence number 367054.
2026-03-25 17:13:39 0 [ERROR] InnoDB: Your database may be corrupt or you may have copied the InnoDB tablespace but not the InnoDB log files. Please refer to https://mariadb.com/kb/en/library/innodb-recovery-modes/ for information about forcing recovery.
2026-03-25 17:13:39 0 [ERROR] InnoDB: Page [page id: space=0, page number=439] log sequence number 4947534 is in the future! Current system log sequence number 367054.
2026-03-25 17:13:39 0 [ERROR] InnoDB: Your database may be corrupt or you may have copied the InnoDB tablespace but not the InnoDB log files. Please refer to https://mariadb.com/kb/en/library/innodb-recovery-modes/ for information about forcing recovery.
2026-03-25 17:13:39 0 [ERROR] InnoDB: Page [page id: space=0, page number=12] log sequence number 1079573 is in the future! Current system log sequence number 367054.
2026-03-25 17:13:39 0 [ERROR] InnoDB: Your database may be corrupt or you may have copied the InnoDB tablespace but not the InnoDB log files. Please refer to https://mariadb.com/kb/en/library/innodb-recovery-modes/ for information about forcing recovery.
2026-03-25 17:13:39 0 [ERROR] InnoDB: Page [page id: space=0, page number=307] log sequence number 1079543 is in the future! Current system log sequence number 367054.
2026-03-25 17:13:39 0 [ERROR] InnoDB: Your database may be corrupt or you may have copied the InnoDB tablespace but not the InnoDB log files. Please refer to https://mariadb.com/kb/en/library/innodb-recovery-modes/ for information about forcing recovery.
2026-03-25 17:13:39 0 [ERROR] InnoDB: Page [page id: space=0, page number=302] log sequence number 1056243 is in the future! Current system log sequence number 367054.
2026-03-25 17:13:39 0 [ERROR] InnoDB: Your database may be corrupt or you may have copied the InnoDB tablespace but not the InnoDB log files. Please refer to https://mariadb.com/kb/en/library/innodb-recovery-modes/ for information about forcing recovery.
2026-03-25 17:13:39 0 [ERROR] InnoDB: Page [page id: space=0, page number=303] log sequence number 1053251 is in the future! Current system log sequence number 367054.
2026-03-25 17:13:39 0 [ERROR] InnoDB: Your database may be corrupt or you may have copied the InnoDB tablespace but not the InnoDB log files. Please refer to https://mariadb.com/kb/en/library/innodb-recovery-modes/ for information about forcing recovery.
2026-03-25 17:13:39 0 [ERROR] InnoDB: Page [page id: space=0, page number=304] log sequence number 1053304 is in the future! Current system log sequence number 367054.
2026-03-25 17:13:39 0 [ERROR] InnoDB: Your database may be corrupt or you may have copied the InnoDB tablespace but not the InnoDB log files. Please refer to https://mariadb.com/kb/en/library/innodb-recovery-modes/ for information about forcing recovery.
2026-03-25 17:13:39 0 [ERROR] InnoDB: Page [page id: space=0, page number=308] log sequence number 1079621 is in the future! Current system log sequence number 367054.
2026-03-25 17:13:39 0 [ERROR] InnoDB: Your database may be corrupt or you may have copied the InnoDB tablespace but not the InnoDB log files. Please refer to https://mariadb.com/kb/en/library/innodb-recovery-modes/ for information about forcing recovery.
2026-03-25 17:13:39 0 [ERROR] InnoDB: Operating system error number 3 in a file operation.
2026-03-25 17:13:39 0 [ERROR] InnoDB: The error means the system cannot find the path specified.
2026-03-25 17:13:39 0 [ERROR] InnoDB: If you are installing InnoDB, remember that you must create directories yourself, InnoDB does not create them.
2026-03-25 17:13:39 0 [ERROR] InnoDB: Cannot open datafile for read-only: '.\mydb\sathwik.ibd' OS error: 203
2026-03-25 17:13:39 0 [ERROR] InnoDB: Operating system error number 203 in a file operation.
2026-03-25 17:13:39 0 [Note] InnoDB: Some operating system error numbers are described at https://mariadb.com/kb/en/library/operating-system-error-codes/
2026-03-25 17:13:39 0 [ERROR] InnoDB: Could not find a valid tablespace file for ``mydb`.`sathwik``. Please refer to https://mariadb.com/kb/en/innodb-data-dictionary-troubleshooting/ for how to resolve the issue.
2026-03-25 17:13:39 0 [Warning] InnoDB: Ignoring tablespace for `mydb`.`sathwik` because it could not be opened.
2026-03-25 17:13:39 0 [Note] InnoDB: 128 out of 128 rollback segments are active.
2026-03-25 17:13:39 0 [ERROR] InnoDB: Page [page id: space=0, page number=305] log sequence number 1056098 is in the future! Current system log sequence number 367054.
2026-03-25 17:13:39 0 [ERROR] InnoDB: Your database may be corrupt or you may have copied the InnoDB tablespace but not the InnoDB log files. Please refer to https://mariadb.com/kb/en/library/innodb-recovery-modes/ for information about forcing recovery.
2026-03-25 17:13:39 0 [Note] InnoDB: Removed temporary tablespace data file: "ibtmp1"
2026-03-25 17:13:39 0 [Note] InnoDB: Creating shared tablespace for temporary tables
2026-03-25 17:13:39 0 [Note] InnoDB: Setting file 'C:\xampp\mysql\data\ibtmp1' size to 12 MB. Physically writing the file full; Please wait ...
2026-03-25 17:13:39 0 [Note] InnoDB: File 'C:\xampp\mysql\data\ibtmp1' size is now 12 MB.
2026-03-25 17:13:39 0 [Note] InnoDB: Waiting for purge to start
2026-03-25 17:13:39 2 [ERROR] InnoDB: Page [page id: space=0, page number=9] log sequence number 1077020 is in the future! Current system log sequence number 367054.
2026-03-25 17:13:39 2 [ERROR] InnoDB: Your database may be corrupt or you may have copied the InnoDB tablespace but not the InnoDB log files. Please refer to https://mariadb.com/kb/en/library/innodb-recovery-modes/ for information about forcing recovery.
2026-03-25 17:13:39 0 [Note] InnoDB: 10.4.32 started; log sequence number 367045; transaction id 5594
2026-03-25 17:13:39 0 [Note] InnoDB: Loading buffer pool(s) from C:\xampp\mysql\data\ib_buffer_pool
2026-03-25 17:13:39 0 [Note] Plugin 'FEEDBACK' is disabled.
2026-03-25 17:13:39 0 [ERROR] InnoDB: Page [page id: space=0, page number=243] log sequence number 397747 is in the future! Current system log sequence number 367054.
2026-03-25 17:13:39 0 [ERROR] InnoDB: Your database may be corrupt or you may have copied the InnoDB tablespace but not the InnoDB log files. Please refer to https://mariadb.com/kb/en/library/innodb-recovery-modes/ for information about forcing recovery.
2026-03-25 17:13:39 0 [Note] Server socket created on IP: '::'.
2026-03-26 10:50:58 0 [Note] Starting MariaDB 10.4.32-MariaDB source revision c4143f909528e3fab0677a28631d10389354c491 as process 15532
2026-03-26 10:50:58 0 [Note] InnoDB: Mutexes and rw_locks use Windows interlocked functions
2026-03-26 10:50:58 0 [Note] InnoDB: Uses event mutexes
2026-03-26 10:50:58 0 [Note] InnoDB: Compressed tables use zlib 1.3
2026-03-26 10:50:58 0 [Note] InnoDB: Number of pools: 1
2026-03-26 10:50:58 0 [Note] InnoDB: Using SSE2 crc32 instructions
2026-03-26 10:50:58 0 [Note] InnoDB: Initializing buffer pool, total size = 16M, instances = 1, chunk size = 16M
2026-03-26 10:50:58 0 [Note] InnoDB: Completed initialization of buffer pool
2026-03-26 10:50:58 0 [Note] InnoDB: Starting crash recovery from checkpoint LSN=367054
2026-03-26 10:50:58 0 [Warning] InnoDB: Are you sure you are using the right ib_logfiles to start up the database? Log sequence number in the ib_logfiles is 367054, less than the log sequence number in the first system tablespace file header, 1651414.
2026-03-26 10:50:58 0 [Warning] InnoDB: Ignoring a doublewrite copy of page [page id: space=0, page number=292] with future log sequence number 1117093
2026-03-26 10:50:58 0 [Warning] InnoDB: Ignoring a doublewrite copy of page [page id: space=0, page number=427] with future log sequence number 1117093
2026-03-26 10:50:58 0 [Warning] InnoDB: Ignoring a doublewrite copy of page [page id: space=0, page number=291] with future log sequence number 1117049
2026-03-26 10:50:58 0 [Warning] InnoDB: Ignoring a doublewrite copy of page [page id: space=0, page number=426] with future log sequence number 1117049
2026-03-26 10:50:58 0 [Warning] InnoDB: Ignoring a doublewrite copy of page [page id: space=0, page number=408] with future log sequence number 1117049
2026-03-26 10:50:58 0 [Warning] InnoDB: Ignoring a doublewrite copy of page [page id: space=0, page number=290] with future log sequence number 1116942
2026-03-26 10:50:58 0 [Warning] InnoDB: Ignoring a doublewrite copy of page [page id: space=0, page number=425] with future log sequence number 1116942
2026-03-26 10:50:58 0 [Warning] InnoDB: Ignoring a doublewrite copy of page [page id: space=0, page number=289] with future log sequence number 1116898
2026-03-26 10:50:58 0 [Warning] InnoDB: Ignoring a doublewrite copy of page [page id: space=0, page number=424] with future log sequence number 1116898
2026-03-26 10:50:58 0 [Warning] InnoDB: Ignoring a doublewrite copy of page [page id: space=0, page number=288] with future log sequence number 1116854
2026-03-26 10:50:58 0 [Warning] InnoDB: Ignoring a doublewrite copy of page [page id: space=0, page number=423] with future log sequence number 1116854
2026-03-26 10:50:58 0 [Warning] InnoDB: Ignoring a doublewrite copy of page [page id: space=0, page number=287] with future log sequence number 1116810
2026-03-26 10:50:58 0 [Warning] InnoDB: Ignoring a doublewrite copy of page [page id: space=0, page number=422] with future log sequence number 1116810
2026-03-26 10:50:58 0 [Warning] InnoDB: Ignoring a doublewrite copy of page [page id: space=0, page number=286] with future log sequence number 1116766
2026-03-26 10:50:58 0 [Warning] InnoDB: Ignoring a doublewrite copy of page [page id: space=0, page number=421] with future log sequence number 1116766
2026-03-26 10:50:58 0 [Warning] InnoDB: Ignoring a doublewrite copy of page [page id: space=0, page number=285] with future log sequence number 1116722
2026-03-26 10:50:58 0 [Warning] InnoDB: Ignoring a doublewrite copy of page [page id: space=0, page number=420] with future log sequence number 1116722
2026-03-26 10:50:58 0 [Warning] InnoDB: Ignoring a doublewrite copy of page [page id: space=0, page number=284] with future log sequence number 1116662
2026-03-26 10:50:58 0 [Warning] InnoDB: Ignoring a doublewrite copy of page [page id: space=0, page number=419] with future log sequence number 1116662
2026-03-26 10:50:58 0 [Warning] InnoDB: Ignoring a doublewrite copy of page [page id: space=0, page number=300] with future log sequence number 674742
2026-03-26 10:50:58 0 [Warning] InnoDB: Ignoring a doublewrite copy of page [page id: space=0, page number=435] with future log sequence number 674742
2026-03-26 10:50:58 0 [Warning] InnoDB: Ignoring a doublewrite copy of page [page id: space=0, page number=299] with future log sequence number 674698
2026-03-26 10:50:58 0 [Warning] InnoDB: Ignoring a doublewrite copy of page [page id: space=0, page number=434] with future log sequence number 674698
2026-03-26 10:50:58 0 [Warning] InnoDB: Ignoring a doublewrite copy of page [page id: space=0, page number=298] with future log sequence number 674654
2026-03-26 10:50:58 0 [Warning] InnoDB: Ignoring a doublewrite copy of page [page id: space=0, page number=433] with future log sequence number 674654
2026-03-26 10:50:58 0 [Warning] InnoDB: Ignoring a doublewrite copy of page [page id: space=0, page number=297] with future log sequence number 674610
2026-03-26 10:50:58 0 [Warning] InnoDB: Ignoring a doublewrite copy of page [page id: space=0, page number=432] with future log sequence number 674610
2026-03-26 10:50:58 0 [Warning] InnoDB: Ignoring a doublewrite copy of page [page id: space=0, page number=296] with future log sequence number 674503
2026-03-26 10:50:58 0 [Warning] InnoDB: Ignoring a doublewrite copy of page [page id: space=0, page number=431] with future log sequence number 674503
2026-03-26 10:50:58 0 [Warning] InnoDB: Ignoring a doublewrite copy of page [page id: space=0, page number=295] with future log sequence number 674459
2026-03-26 10:50:58 0 [Warning] InnoDB: Ignoring a doublewrite copy of page [page id: space=0, page number=430] with future log sequence number 674459
2026-03-26 10:50:58 0 [Warning] InnoDB: Ignoring a doublewrite copy of page [page id: space=0, page number=294] with future log sequence number 674415
2026-03-26 10:50:58 0 [Warning] InnoDB: Ignoring a doublewrite copy of page [page id: space=0, page number=429] with future log sequence number 674415
2026-03-26 10:50:58 0 [Warning] InnoDB: Ignoring a doublewrite copy of page [page id: space=0, page number=293] with future log sequence number 674371
2026-03-26 10:50:58 0 [Warning] InnoDB: Ignoring a doublewrite copy of page [page id: space=0, page number=222] with future log sequence number 1305314
2026-03-26 10:50:58 0 [Warning] InnoDB: Ignoring a doublewrite copy of page [page id: space=0, page number=359] with future log sequence number 1305314
2026-03-26 10:50:58 0 [Warning] InnoDB: Ignoring a doublewrite copy of page [page id: space=0, page number=221] with future log sequence number 1305043
2026-03-26 10:50:58 0 [Warning] InnoDB: Ignoring a doublewrite copy of page [page id: space=0, page number=358] with future log sequence number 1305043
2026-03-26 10:50:58 0 [Warning] InnoDB: Ignoring a doublewrite copy of page [page id: space=0, page number=220] with future log sequence number 1304788
2026-03-26 10:50:58 0 [Warning] InnoDB: Ignoring a doublewrite copy of page [page id: space=0, page number=402] with future log sequence number 1304788
2026-03-26 10:50:58 0 [Warning] InnoDB: Ignoring a doublewrite copy of page [page id: space=0, page number=215] with future log sequence number 1304383
2026-03-26 10:50:58 0 [Warning] InnoDB: Ignoring a doublewrite copy of page [page id: space=0, page number=315] with future log sequence number 1304383
2026-03-26 10:50:58 0 [Warning] InnoDB: Ignoring a doublewrite copy of page [page id: space=0, page number=214] with future log sequence number 1304339
2026-03-26 10:50:58 0 [Warning] InnoDB: Ignoring a doublewrite copy of page [page id: space=0, page number=326] with future log sequence number 1304339
2026-03-26 10:50:58 0 [Warning] InnoDB: Ignoring a doublewrite copy of page [page id: space=0, page number=213] with future log sequence number 1304295
2026-03-26 10:50:58 0 [Warning] InnoDB: Ignoring a doublewrite copy of page [page id: space=0, page number=350] with future log sequence number 1304295
2026-03-26 10:50:58 0 [Warning] InnoDB: Ignoring a doublewrite copy of page [page id: space=0, page number=212] with future log sequence number 1304251
2026-03-26 10:50:58 0 [Warning] InnoDB: Ignoring a doublewrite copy of page [page id: space=0, page number=349] with future log sequence number 1304251
2026-03-26 10:50:58 0 [Warning] InnoDB: Ignoring a doublewrite copy of page [page id: space=0, page number=211] with future log sequence number 1304207
2026-03-26 10:50:58 0 [Warning] InnoDB: Ignoring a doublewrite copy of page [page id: space=0, page number=325] with future log sequence number 1304207
2026-03-26 10:50:58 0 [ERROR] InnoDB: Page [page id: space=0, page number=7] log sequence number 1078060 is in the future! Current system log sequence number 367072.
2026-03-26 10:50:58 0 [ERROR] InnoDB: Your database may be corrupt or you may have copied the InnoDB tablespace but not the InnoDB log files. Please refer to https://mariadb.com/kb/en/library/innodb-recovery-modes/ for information about forcing recovery.
2026-03-26 10:50:58 0 [ERROR] InnoDB: Page [page id: space=0, page number=2] log sequence number 862100 is in the future! Current system log sequence number 367072.
2026-03-26 10:50:58 0 [ERROR] InnoDB: Your database may be corrupt or you may have copied the InnoDB tablespace but not the InnoDB log files. Please refer to https://mariadb.com/kb/en/library/innodb-recovery-modes/ for information about forcing recovery.
2026-03-26 10:50:58 0 [ERROR] InnoDB: Page [page id: space=0, page number=11] log sequence number 1151164 is in the future! Current system log sequence number 367072.
2026-03-26 10:50:58 0 [ERROR] InnoDB: Your database may be corrupt or you may have copied the InnoDB tablespace but not the InnoDB log files. Please refer to https://mariadb.com/kb/en/library/innodb-recovery-modes/ for information about forcing recovery.
2026-03-26 10:50:58 0 [ERROR] InnoDB: Page [page id: space=0, page number=6] log sequence number 1280363 is in the future! Current system log sequence number 367072.
2026-03-26 10:50:58 0 [ERROR] InnoDB: Your database may be corrupt or you may have copied the InnoDB tablespace but not the InnoDB log files. Please refer to https://mariadb.com/kb/en/library/innodb-recovery-modes/ for information about forcing recovery.
2026-03-26 10:50:58 0 [ERROR] InnoDB: Page [page id: space=0, page number=382] log sequence number 1280363 is in the future! Current system log sequence number 367072.
2026-03-26 10:50:58 0 [ERROR] InnoDB: Your database may be corrupt or you may have copied the InnoDB tablespace but not the InnoDB log files. Please refer to https://mariadb.com/kb/en/library/innodb-recovery-modes/ for information about forcing recovery.
2026-03-26 10:50:58 0 [ERROR] InnoDB: Page [page id: space=0, page number=45] log sequence number 1280402 is in the future! Current system log sequence number 367072.
2026-03-26 10:50:58 0 [ERROR] InnoDB: Your database may be corrupt or you may have copied the InnoDB tablespace but not the InnoDB log files. Please refer to https://mariadb.com/kb/en/library/innodb-recovery-modes/ for information about forcing recovery.
2026-03-26 10:50:58 0 [ERROR] InnoDB: Page [page id: space=0, page number=306] log sequence number 1280402 is in the future! Current system log sequence number 367072.
2026-03-26 10:50:58 0 [ERROR] InnoDB: Your database may be corrupt or you may have copied the InnoDB tablespace but not the InnoDB log files. Please refer to https://mariadb.com/kb/en/library/innodb-recovery-modes/ for information about forcing recovery.
2026-03-26 10:50:58 0 [ERROR] InnoDB: Page [page id: space=0, page number=46] log sequence number 1280441 is in the future! Current system log sequence number 367072.
2026-03-26 10:50:58 0 [ERROR] InnoDB: Your database may be corrupt or you may have copied the InnoDB tablespace but not the InnoDB log files. Please refer to https://mariadb.com/kb/en/library/innodb-recovery-modes/ for information about forcing recovery.
2026-03-26 10:50:58 0 [ERROR] InnoDB: Page [page id: space=0, page number=340] log sequence number 1280441 is in the future! Current system log sequence number 367072.
2026-03-26 10:50:58 0 [ERROR] InnoDB: Your database may be corrupt or you may have copied the InnoDB tablespace but not the InnoDB log files. Please refer to https://mariadb.com/kb/en/library/innodb-recovery-modes/ for information about forcing recovery.
2026-03-26 10:50:58 0 [ERROR] InnoDB: Page [page id: space=0, page number=47] log sequence number 1280480 is in the future! Current system log sequence number 367072.
2026-03-26 10:50:58 0 [ERROR] InnoDB: Your database may be corrupt or you may have copied the InnoDB tablespace but not the InnoDB log files. Please refer to https://mariadb.com/kb/en/library/innodb-recovery-modes/ for information about forcing recovery.
2026-03-26 10:50:58 0 [ERROR] InnoDB: Page [page id: space=0, page number=311] log sequence number 1280480 is in the future! Current system log sequence number 367072.
2026-03-26 10:50:58 0 [ERROR] InnoDB: Your database may be corrupt or you may have copied the InnoDB tablespace but not the InnoDB log files. Please refer to https://mariadb.com/kb/en/library/innodb-recovery-modes/ for information about forcing recovery.
2026-03-26 10:50:58 0 [ERROR] InnoDB: Page [page id: space=0, page number=48] log sequence number 1280535 is in the future! Current system log sequence number 367072.
2026-03-26 10:50:58 0 [ERROR] InnoDB: Your database may be corrupt or you may have copied the InnoDB tablespace but not the InnoDB log files. Please refer to https://mariadb.com/kb/en/library/innodb-recovery-modes/ for information about forcing recovery.
2026-03-26 10:50:58 0 [ERROR] InnoDB: Page [page id: space=0, page number=312] log sequence number 1280535 is in the future! Current system log sequence number 367072.
2026-03-26 10:50:58 0 [ERROR] InnoDB: Your database may be corrupt or you may have copied the InnoDB tablespace but not the InnoDB log files. Please refer to https://mariadb.com/kb/en/library/innodb-recovery-modes/ for information about forcing recovery.
2026-03-26 10:50:58 0 [ERROR] InnoDB: Page [page id: space=0, page number=49] log sequence number 1280574 is in the future! Current system log sequence number 367072.
2026-03-26 10:50:58 0 [ERROR] InnoDB: Your database may be corrupt or you may have copied the InnoDB tablespace but not the InnoDB log files. Please refer to https://mariadb.com/kb/en/library/innodb-recovery-modes/ for information about forcing recovery.
2026-03-26 10:50:58 0 [ERROR] InnoDB: Page [page id: space=0, page number=313] log sequence number 1280574 is in the future! Current system log sequence number 367072.
2026-03-26 10:50:58 0 [ERROR] InnoDB: Your database may be corrupt or you may have copied the InnoDB tablespace but not the InnoDB log files. Please refer to https://mariadb.com/kb/en/library/innodb-recovery-modes/ for information about forcing recovery.
2026-03-26 10:50:58 0 [ERROR] InnoDB: Page [page id: space=0, page number=50] log sequence number 1280613 is in the future! Current system log sequence number 367072.
2026-03-26 10:50:58 0 [ERROR] InnoDB: Your database may be corrupt or you may have copied the InnoDB tablespace but not the InnoDB log files. Please refer to https://mariadb.com/kb/en/library/innodb-recovery-modes/ for information about forcing recovery.
2026-03-26 10:50:58 0 [ERROR] InnoDB: Page [page id: space=0, page number=314] log sequence number 1280613 is in the future! Current system log sequence number 367072.
2026-03-26 10:50:58 0 [ERROR] InnoDB: Your database may be corrupt or you may have copied the InnoDB tablespace but not the InnoDB log files. Please refer to https://mariadb.com/kb/en/library/innodb-recovery-modes/ for information about forcing recovery.
2026-03-26 10:50:58 0 [ERROR] InnoDB: Page [page id: space=0, page number=51] log sequence number 1280652 is in the future! Current system log sequence number 367072.
2026-03-26 10:50:58 0 [ERROR] InnoDB: Your database may be corrupt or you may have copied the InnoDB tablespace but not the InnoDB log files. Please refer to https://mariadb.com/kb/en/library/innodb-recovery-modes/ for information about forcing recovery.
2026-03-26 10:50:58 0 [ERROR] InnoDB: Page [page id: space=0, page number=348] log sequence number 1280652 is in the future! Current system log sequence number 367072.
2026-03-26 10:50:58 0 [ERROR] InnoDB: Your database may be corrupt or you may have copied the InnoDB tablespace but not the InnoDB log files. Please refer to https://mariadb.com/kb/en/library/innodb-recovery-modes/ for information about forcing recovery.
2026-03-26 10:50:58 0 [ERROR] InnoDB: Page [page id: space=0, page number=52] log sequence number 1280691 is in the future! Current system log sequence number 367072.
2026-03-26 10:50:58 0 [ERROR] InnoDB: Your database may be corrupt or you may have copied the InnoDB tablespace but not the InnoDB log files. Please refer to https://mariadb.com/kb/en/library/innodb-recovery-modes/ for information about forcing recovery.
2026-03-26 10:50:58 0 [ERROR] InnoDB: Page [page id: space=0, page number=316] log sequence number 1280691 is in the future! Current system log sequence number 367072.
2026-03-26 10:50:58 0 [ERROR] InnoDB: Your database may be corrupt or you may have copied the InnoDB tablespace but not the InnoDB log files. Please refer to https://mariadb.com/kb/en/library/innodb-recovery-modes/ for information about forcing recovery.
2026-03-26 10:50:58 0 [ERROR] InnoDB: Page [page id: space=0, page number=53] log sequence number 1280730 is in the future! Current system log sequence number 367072.
2026-03-26 10:50:58 0 [ERROR] InnoDB: Your database may be corrupt or you may have copied the InnoDB tablespace but not the InnoDB log files. Please refer to https://mariadb.com/kb/en/library/innodb-recovery-modes/ for information about forcing recovery.
2026-03-26 10:50:58 0 [ERROR] InnoDB: Page [page id: space=0, page number=426] log sequence number 1280730 is in the future! Current system log sequence number 367072.
2026-03-26 10:50:58 0 [ERROR] InnoDB: Your database may be corrupt or you may have copied the InnoDB tablespace but not the InnoDB log files. Please refer to https://mariadb.com/kb/en/library/innodb-recovery-modes/ for information about forcing recovery.
2026-03-26 10:50:58 0 [ERROR] InnoDB: Page [page id: space=0, page number=54] log sequence number 1302432 is in the future! Current system log sequence number 367072.
2026-03-26 10:50:58 0 [ERROR] InnoDB: Your database may be corrupt or you may have copied the InnoDB tablespace but not the InnoDB log files. Please refer to https://mariadb.com/kb/en/library/innodb-recovery-modes/ for information about forcing recovery.
2026-03-26 10:50:58 0 [ERROR] InnoDB: Page [page id: space=0, page number=318] log sequence number 1302432 is in the future! Current system log sequence number 367072.
2026-03-26 10:50:58 0 [ERROR] InnoDB: Your database may be corrupt or you may have copied the InnoDB tablespace but not the InnoDB log files. Please refer to https://mariadb.com/kb/en/library/innodb-recovery-modes/ for information about forcing recovery.
2026-03-26 10:50:58 0 [ERROR] InnoDB: Page [page id: space=0, page number=55] log sequence number 1302471 is in the future! Current system log sequence number 367072.
2026-03-26 10:50:58 0 [ERROR] InnoDB: Your database may be corrupt or you may have copied the InnoDB tablespace but not the InnoDB log files. Please refer to https://mariadb.com/kb/en/library/innodb-recovery-modes/ for information about forcing recovery.
2026-03-26 10:50:58 0 [ERROR] InnoDB: Page [page id: space=0, page number=365] log sequence number 1302471 is in the future! Current system log sequence number 367072.
2026-03-26 10:50:58 0 [ERROR] InnoDB: Your database may be corrupt or you may have copied the InnoDB tablespace but not the InnoDB log files. Please refer to https://mariadb.com/kb/en/library/innodb-recovery-modes/ for information about forcing recovery.
2026-03-26 10:50:58 0 [ERROR] InnoDB: Page [page id: space=0, page number=56] log sequence number 1302510 is in the future! Current system log sequence number 367072.
2026-03-26 10:50:58 0 [ERROR] InnoDB: Your database may be corrupt or you may have copied the InnoDB tablespace but not the InnoDB log files. Please refer to https://mariadb.com/kb/en/library/innodb-recovery-modes/ for information about forcing recovery.
2026-03-26 10:50:58 0 [ERROR] InnoDB: Page [page id: space=0, page number=320] log sequence number 1302510 is in the future! Current system log sequence number 367072.
2026-03-26 10:50:58 0 [ERROR] InnoDB: Your database may be corrupt or you may have copied the InnoDB tablespace but not the InnoDB log files. Please refer to https://mariadb.com/kb/en/library/innodb-recovery-modes/ for information about forcing recovery.
2026-03-26 10:50:58 0 [ERROR] InnoDB: Page [page id: space=0, page number=57] log sequence number 1302565 is in the future! Current system log sequence number 367072.
2026-03-26 10:50:58 0 [ERROR] InnoDB: Your database may be corrupt or you may have copied the InnoDB tablespace but not the InnoDB log files. Please refer to https://mariadb.com/kb/en/library/innodb-recovery-modes/ for information about forcing recovery.
2026-03-26 10:50:58 0 [ERROR] InnoDB: Page [page id: space=0, page number=344] log sequence number 1302565 is in the future! Current system log sequence number 367072.
2026-03-26 10:50:58 0 [ERROR] InnoDB: Your database may be corrupt or you may have copied the InnoDB tablespace but not the InnoDB log files. Please refer to https://mariadb.com/kb/en/library/innodb-recovery-modes/ for information about forcing recovery.
2026-03-26 10:50:58 0 [ERROR] InnoDB: Page [page id: space=0, page number=58] log sequence number 1302682 is in the future! Current system log sequence number 367072.
2026-03-26 10:50:58 0 [ERROR] InnoDB: Your database may be corrupt or you may have copied the InnoDB tablespace but not the InnoDB log files. Please refer to https://mariadb.com/kb/en/library/innodb-recovery-modes/ for information about forcing recovery.
2026-03-26 10:50:58 0 [ERROR] InnoDB: Page [page id: space=0, page number=301] log sequence number 1302682 is in the future! Current system log sequence number 367072.
2026-03-26 10:50:58 0 [ERROR] InnoDB: Your database may be corrupt or you may have copied the InnoDB tablespace but not the InnoDB log files. Please refer to https://mariadb.com/kb/en/library/innodb-recovery-modes/ for information about forcing recovery.
2026-03-26 10:50:58 0 [ERROR] InnoDB: Page [page id: space=0, page number=59] log sequence number 1302799 is in the future! Current system log sequence number 367072.
2026-03-26 10:50:58 0 [ERROR] InnoDB: Your database may be corrupt or you may have copied the InnoDB tablespace but not the InnoDB log files. Please refer to https://mariadb.com/kb/en/library/innodb-recovery-modes/ for information about forcing recovery.
2026-03-26 10:50:58 0 [ERROR] InnoDB: Page [page id: space=0, page number=324] log sequence number 1302799 is in the future! Current system log sequence number 367072.
2026-03-26 10:50:58 0 [ERROR] InnoDB: Your database may be corrupt or you may have copied the InnoDB tablespace but not the InnoDB log files. Please refer to https://mariadb.com/kb/en/library/innodb-recovery-modes/ for information about forcing recovery.
2026-03-26 10:50:58 0 [ERROR] InnoDB: Page [page id: space=0, page number=60] log sequence number 1302877 is in the future! Current system log sequence number 367072.
2026-03-26 10:50:58 0 [ERROR] InnoDB: Your database may be corrupt or you may have copied the InnoDB tablespace but not the InnoDB log files. Please refer to https://mariadb.com/kb/en/library/innodb-recovery-modes/ for information about forcing recovery.
2026-03-26 10:50:58 0 [ERROR] InnoDB: Page [page id: space=0, page number=442] log sequence number 1302877 is in the future! Current system log sequence number 367072.
2026-03-26 10:50:58 0 [ERROR] InnoDB: Your database may be corrupt or you may have copied the InnoDB tablespace but not the InnoDB log files. Please refer to https://mariadb.com/kb/en/library/innodb-recovery-modes/ for information about forcing recovery.
2026-03-26 10:50:58 0 [ERROR] InnoDB: Page [page id: space=0, page number=62] log sequence number 1303033 is in the future! Current system log sequence number 367072.
2026-03-26 10:50:58 0 [ERROR] InnoDB: Your database may be corrupt or you may have copied the InnoDB tablespace but not the InnoDB log files. Please refer to https://mariadb.com/kb/en/library/innodb-recovery-modes/ for information about forcing recovery.
2026-03-26 10:50:58 0 [ERROR] InnoDB: Page [page id: space=0, page number=446] log sequence number 1303033 is in the future! Current system log sequence number 367072.
2026-03-26 10:50:58 0 [ERROR] InnoDB: Your database may be corrupt or you may have copied the InnoDB tablespace but not the InnoDB log files. Please refer to https://mariadb.com/kb/en/library/innodb-recovery-modes/ for information about forcing recovery.
2026-03-26 10:50:58 0 [ERROR] InnoDB: Page [page id: space=0, page number=63] log sequence number 1303127 is in the future! Current system log sequence number 367072.
2026-03-26 10:50:58 0 [ERROR] InnoDB: Your database may be corrupt or you may have copied the InnoDB tablespace but not the InnoDB log files. Please refer to https://mariadb.com/kb/en/library/innodb-recovery-modes/ for information about forcing recovery.
2026-03-26 10:50:58 0 [ERROR] InnoDB: Page [page id: space=0, page number=351] log sequence number 1303127 is in the future! Current system log sequence number 367072.
2026-03-26 10:50:58 0 [ERROR] InnoDB: Your database may be corrupt or you may have copied the InnoDB tablespace but not the InnoDB log files. Please refer to https://mariadb.com/kb/en/library/innodb-recovery-modes/ for information about forcing recovery.
2026-03-26 10:50:58 0 [ERROR] InnoDB: Page [page id: space=0, page number=192] log sequence number 1303213 is in the future! Current system log sequence number 367072.
2026-03-26 10:50:58 0 [ERROR] InnoDB: Your database may be corrupt or you may have copied the InnoDB tablespace but not the InnoDB log files. Please refer to https://mariadb.com/kb/en/library/innodb-recovery-modes/ for information about forcing recovery.
2026-03-26 10:50:58 0 [ERROR] InnoDB: Page [page id: space=0, page number=327] log sequence number 1303213 is in the future! Current system log sequence number 367072.
2026-03-26 10:50:58 0 [ERROR] InnoDB: Your database may be corrupt or you may have copied the InnoDB tablespace but not the InnoDB log files. Please refer to https://mariadb.com/kb/en/library/innodb-recovery-modes/ for information about forcing recovery.
2026-03-26 10:50:58 0 [ERROR] InnoDB: Page [page id: space=0, page number=194] log sequence number 1303385 is in the future! Current system log sequence number 367072.
2026-03-26 10:50:58 0 [ERROR] InnoDB: Your database may be corrupt or you may have copied the InnoDB tablespace but not the InnoDB log files. Please refer to https://mariadb.com/kb/en/library/innodb-recovery-modes/ for information about forcing recovery.
2026-03-26 10:50:58 0 [ERROR] InnoDB: Page [page id: space=0, page number=329] log sequence number 1303385 is in the future! Current system log sequence number 367072.
2026-03-26 10:50:58 0 [ERROR] InnoDB: Your database may be corrupt or you may have copied the InnoDB tablespace but not the InnoDB log files. Please refer to https://mariadb.com/kb/en/library/innodb-recovery-modes/ for information about forcing recovery.
2026-03-26 10:50:58 0 [ERROR] InnoDB: Page [page id: space=0, page number=197] log sequence number 1303575 is in the future! Current system log sequence number 367072.
2026-03-26 10:50:58 0 [ERROR] InnoDB: Your database may be corrupt or you may have copied the InnoDB tablespace but not the InnoDB log files. Please refer to https://mariadb.com/kb/en/library/innodb-recovery-modes/ for information about forcing recovery.
2026-03-26 10:50:58 0 [ERROR] InnoDB: Page [page id: space=0, page number=394] log sequence number 1303575 is in the future! Current system log sequence number 367072.
2026-03-26 10:50:58 0 [ERROR] InnoDB: Your database may be corrupt or you may have copied the InnoDB tablespace but not the InnoDB log files. Please refer to https://mariadb.com/kb/en/library/innodb-recovery-modes/ for information about forcing recovery.
2026-03-26 10:50:58 0 [ERROR] InnoDB: Page [page id: space=0, page number=200] log sequence number 1303707 is in the future! Current system log sequence number 367072.
2026-03-26 10:50:58 0 [ERROR] InnoDB: Your database may be corrupt or you may have copied the InnoDB tablespace but not the InnoDB log files. Please refer to https://mariadb.com/kb/en/library/innodb-recovery-modes/ for information about forcing recovery.
2026-03-26 10:50:58 0 [ERROR] InnoDB: Page [page id: space=0, page number=321] log sequence number 1303707 is in the future! Current system log sequence number 367072.
2026-03-26 10:50:58 0 [ERROR] InnoDB: Your database may be corrupt or you may have copied the InnoDB tablespace but not the InnoDB log files. Please refer to https://mariadb.com/kb/en/library/innodb-recovery-modes/ for information about forcing recovery.
2026-03-26 10:50:58 0 [ERROR] InnoDB: Page [page id: space=0, page number=203] log sequence number 1303839 is in the future! Current system log sequence number 367072.
2026-03-26 10:50:58 0 [ERROR] InnoDB: Your database may be corrupt or you may have copied the InnoDB tablespace but not the InnoDB log files. Please refer to https://mariadb.com/kb/en/library/innodb-recovery-modes/ for information about forcing recovery.
2026-03-26 10:50:58 0 [ERROR] InnoDB: Page [page id: space=0, page number=438] log sequence number 1303839 is in the future! Current system log sequence number 367072.
2026-03-26 10:50:58 0 [ERROR] InnoDB: Your database may be corrupt or you may have copied the InnoDB tablespace but not the InnoDB log files. Please refer to https://mariadb.com/kb/en/library/innodb-recovery-modes/ for information about forcing recovery.
2026-03-26 10:50:58 0 [ERROR] InnoDB: Page [page id: space=0, page number=206] log sequence number 1303971 is in the future! Current system log sequence number 367072.
2026-03-26 10:50:58 0 [ERROR] InnoDB: Your database may be corrupt or you may have copied the InnoDB tablespace but not the InnoDB log files. Please refer to https://mariadb.com/kb/en/library/innodb-recovery-modes/ for information about forcing recovery.
2026-03-26 10:50:58 0 [ERROR] InnoDB: Page [page id: space=0, page number=343] log sequence number 1303971 is in the future! Current system log sequence number 367072.
2026-03-26 10:50:58 0 [ERROR] InnoDB: Your database may be corrupt or you may have copied the InnoDB tablespace but not the InnoDB log files. Please refer to https://mariadb.com/kb/en/library/innodb-recovery-modes/ for information about forcing recovery.
2026-03-26 10:50:58 0 [ERROR] InnoDB: Page [page id: space=0, page number=209] log sequence number 1304119 is in the future! Current system log sequence number 367072.
2026-03-26 10:50:58 0 [ERROR] InnoDB: Your database may be corrupt or you may have copied the InnoDB tablespace but not the InnoDB log files. Please refer to https://mariadb.com/kb/en/library/innodb-recovery-modes/ for information about forcing recovery.
2026-03-26 10:50:58 0 [ERROR] InnoDB: Page [page id: space=0, page number=336] log sequence number 1304119 is in the future! Current system log sequence number 367072.
2026-03-26 10:50:58 0 [ERROR] InnoDB: Your database may be corrupt or you may have copied the InnoDB tablespace but not the InnoDB log files. Please refer to https://mariadb.com/kb/en/library/innodb-recovery-modes/ for information about forcing recovery.
2026-03-26 10:50:58 0 [ERROR] InnoDB: Page [page id: space=0, page number=212] log sequence number 1304251 is in the future! Current system log sequence number 367072.
2026-03-26 10:50:58 0 [ERROR] InnoDB: Your database may be corrupt or you may have copied the InnoDB tablespace but not the InnoDB log files. Please refer to https://mariadb.com/kb/en/library/innodb-recovery-modes/ for information about forcing recovery.
2026-03-26 10:50:58 0 [ERROR] InnoDB: Page [page id: space=0, page number=349] log sequence number 1304251 is in the future! Current system log sequence number 367072.
2026-03-26 10:50:58 0 [ERROR] InnoDB: Your database may be corrupt or you may have copied the InnoDB tablespace but not the InnoDB log files. Please refer to https://mariadb.com/kb/en/library/innodb-recovery-modes/ for information about forcing recovery.
2026-03-26 10:50:58 0 [ERROR] InnoDB: Page [page id: space=0, page number=215] log sequence number 1304383 is in the future! Current system log sequence number 367072.
2026-03-26 10:50:58 0 [ERROR] InnoDB: Your database may be corrupt or you may have copied the InnoDB tablespace but not the InnoDB log files. Please refer to https://mariadb.com/kb/en/library/innodb-recovery-modes/ for information about forcing recovery.
2026-03-26 10:50:58 0 [ERROR] InnoDB: Page [page id: space=0, page number=315] log sequence number 1304383 is in the future! Current system log sequence number 367072.
2026-03-26 10:50:58 0 [ERROR] InnoDB: Your database may be corrupt or you may have copied the InnoDB tablespace but not the InnoDB log files. Please refer to https://mariadb.com/kb/en/library/innodb-recovery-modes/ for information about forcing recovery.
2026-03-26 10:50:58 0 [ERROR] InnoDB: Page [page id: space=0, page number=218] log sequence number 1304515 is in the future! Current system log sequence number 367072.
2026-03-26 10:50:58 0 [ERROR] InnoDB: Your database may be corrupt or you may have copied the InnoDB tablespace but not the InnoDB log files. Please refer to https://mariadb.com/kb/en/library/innodb-recovery-modes/ for information about forcing recovery.
2026-03-26 10:50:58 0 [ERROR] InnoDB: Page [page id: space=0, page number=384] log sequence number 1304515 is in the future! Current system log sequence number 367072.
2026-03-26 10:50:58 0 [ERROR] InnoDB: Your database may be corrupt or you may have copied the InnoDB tablespace but not the InnoDB log files. Please refer to https://mariadb.com/kb/en/library/innodb-recovery-modes/ for information about forcing recovery.
2026-03-26 10:50:58 0 [ERROR] InnoDB: Page [page id: space=0, page number=221] log sequence number 1314148 is in the future! Current system log sequence number 367072.
2026-03-26 10:50:58 0 [ERROR] InnoDB: Your database may be corrupt or you may have copied the InnoDB tablespace but not the InnoDB log files. Please refer to https://mariadb.com/kb/en/library/innodb-recovery-modes/ for information about forcing recovery.
2026-03-26 10:50:58 0 [ERROR] InnoDB: Page [page id: space=0, page number=358] log sequence number 1314148 is in the future! Current system log sequence number 367072.
2026-03-26 10:50:58 0 [ERROR] InnoDB: Your database may be corrupt or you may have copied the InnoDB tablespace but not the InnoDB log files. Please refer to https://mariadb.com/kb/en/library/innodb-recovery-modes/ for information about forcing recovery.
2026-03-26 10:50:58 0 [ERROR] InnoDB: Page [page id: space=0, page number=224] log sequence number 1314280 is in the future! Current system log sequence number 367072.
2026-03-26 10:50:58 0 [ERROR] InnoDB: Your database may be corrupt or you may have copied the InnoDB tablespace but not the InnoDB log files. Please refer to https://mariadb.com/kb/en/library/innodb-recovery-modes/ for information about forcing recovery.
2026-03-26 10:50:58 0 [ERROR] InnoDB: Page [page id: space=0, page number=357] log sequence number 1314280 is in the future! Current system log sequence number 367072.
2026-03-26 10:50:58 0 [ERROR] InnoDB: Your database may be corrupt or you may have copied the InnoDB tablespace but not the InnoDB log files. Please refer to https://mariadb.com/kb/en/library/innodb-recovery-modes/ for information about forcing recovery.
2026-03-26 10:50:58 0 [ERROR] InnoDB: Page [page id: space=0, page number=227] log sequence number 1314428 is in the future! Current system log sequence number 367072.
2026-03-26 10:50:58 0 [ERROR] InnoDB: Your database may be corrupt or you may have copied the InnoDB tablespace but not the InnoDB log files. Please refer to https://mariadb.com/kb/en/library/innodb-recovery-modes/ for information about forcing recovery.
2026-03-26 10:50:58 0 [ERROR] InnoDB: Page [page id: space=0, page number=339] log sequence number 1314428 is in the future! Current system log sequence number 367072.
2026-03-26 10:50:58 0 [ERROR] InnoDB: Your database may be corrupt or you may have copied the InnoDB tablespace but not the InnoDB log files. Please refer to https://mariadb.com/kb/en/library/innodb-recovery-modes/ for information about forcing recovery.
2026-03-26 10:50:58 0 [ERROR] InnoDB: Page [page id: space=0, page number=230] log sequence number 1314560 is in the future! Current system log sequence number 367072.
2026-03-26 10:50:58 0 [ERROR] InnoDB: Your database may be corrupt or you may have copied the InnoDB tablespace but not the InnoDB log files. Please refer to https://mariadb.com/kb/en/library/innodb-recovery-modes/ for information about forcing recovery.
2026-03-26 10:50:58 0 [ERROR] InnoDB: Page [page id: space=0, page number=367] log sequence number 1314560 is in the future! Current system log sequence number 367072.
2026-03-26 10:50:58 0 [ERROR] InnoDB: Your database may be corrupt or you may have copied the InnoDB tablespace but not the InnoDB log files. Please refer to https://mariadb.com/kb/en/library/innodb-recovery-modes/ for information about forcing recovery.
2026-03-26 10:50:58 0 [ERROR] InnoDB: Page [page id: space=0, page number=233] log sequence number 1314692 is in the future! Current system log sequence number 367072.
2026-03-26 10:50:58 0 [ERROR] InnoDB: Your database may be corrupt or you may have copied the InnoDB tablespace but not the InnoDB log files. Please refer to https://mariadb.com/kb/en/library/innodb-recovery-modes/ for information about forcing recovery.
2026-03-26 10:50:58 0 [ERROR] InnoDB: Page [page id: space=0, page number=374] log sequence number 1314692 is in the future! Current system log sequence number 367072.
2026-03-26 10:50:58 0 [ERROR] InnoDB: Your database may be corrupt or you may have copied the InnoDB tablespace but not the InnoDB log files. Please refer to https://mariadb.com/kb/en/library/innodb-recovery-modes/ for information about forcing recovery.
2026-03-26 10:50:58 0 [ERROR] InnoDB: Page [page id: space=0, page number=236] log sequence number 1314840 is in the future! Current system log sequence number 367072.
2026-03-26 10:50:58 0 [ERROR] InnoDB: Your database may be corrupt or you may have copied the InnoDB tablespace but not the InnoDB log files. Please refer to https://mariadb.com/kb/en/library/innodb-recovery-modes/ for information about forcing recovery.
2026-03-26 10:50:58 0 [ERROR] InnoDB: Page [page id: space=0, page number=389] log sequence number 1314840 is in the future! Current system log sequence number 367072.
2026-03-26 10:50:58 0 [ERROR] InnoDB: Your database may be corrupt or you may have copied the InnoDB tablespace but not the InnoDB log files. Please refer to https://mariadb.com/kb/en/library/innodb-recovery-modes/ for information about forcing recovery.
2026-03-26 10:50:58 0 [ERROR] InnoDB: Page [page id: space=0, page number=240] log sequence number 1203873 is in the future! Current system log sequence number 367072.
2026-03-26 10:50:58 0 [ERROR] InnoDB: Your database may be corrupt or you may have copied the InnoDB tablespace but not the InnoDB log files. Please refer to https://mariadb.com/kb/en/library/innodb-recovery-modes/ for information about forcing recovery.
2026-03-26 10:50:58 0 [ERROR] InnoDB: Page [page id: space=0, page number=241] log sequence number 1226073 is in the future! Current system log sequence number 367072.
2026-03-26 10:50:58 0 [ERROR] InnoDB: Your database may be corrupt or you may have copied the InnoDB tablespace but not the InnoDB log files. Please refer to https://mariadb.com/kb/en/library/innodb-recovery-modes/ for information about forcing recovery.
2026-03-26 10:50:58 0 [ERROR] InnoDB: Page [page id: space=0, page number=377] log sequence number 1226073 is in the future! Current system log sequence number 367072.
2026-03-26 10:50:58 0 [ERROR] InnoDB: Your database may be corrupt or you may have copied the InnoDB tablespace but not the InnoDB log files. Please refer to https://mariadb.com/kb/en/library/innodb-recovery-modes/ for information about forcing recovery.
2026-03-26 10:50:58 0 [ERROR] InnoDB: Page [page id: space=0, page number=242] log sequence number 1314990 is in the future! Current system log sequence number 367072.
2026-03-26 10:50:58 0 [ERROR] InnoDB: Your database may be corrupt or you may have copied the InnoDB tablespace but not the InnoDB log files. Please refer to https://mariadb.com/kb/en/library/innodb-recovery-modes/ for information about forcing recovery.
2026-03-26 10:50:58 0 [ERROR] InnoDB: Page [page id: space=0, page number=392] log sequence number 1314990 is in the future! Current system log sequence number 367072.
2026-03-26 10:50:58 0 [ERROR] InnoDB: Your database may be corrupt or you may have copied the InnoDB tablespace but not the InnoDB log files. Please refer to https://mariadb.com/kb/en/library/innodb-recovery-modes/ for information about forcing recovery.
2026-03-26 10:50:58 0 [ERROR] InnoDB: Page [page id: space=0, page number=244] log sequence number 1315034 is in the future! Current system log sequence number 367072.
2026-03-26 10:50:58 0 [ERROR] InnoDB: Your database may be corrupt or you may have copied the InnoDB tablespace but not the InnoDB log files. Please refer to https://mariadb.com/kb/en/library/innodb-recovery-modes/ for information about forcing recovery.
2026-03-26 10:50:58 0 [ERROR] InnoDB: Page [page id: space=0, page number=378] log sequence number 1315034 is in the future! Current system log sequence number 367072.
2026-03-26 10:50:58 0 [ERROR] InnoDB: Your database may be corrupt or you may have copied the InnoDB tablespace but not the InnoDB log files. Please refer to https://mariadb.com/kb/en/library/innodb-recovery-modes/ for information about forcing recovery.
2026-03-26 10:50:58 0 [ERROR] InnoDB: Page [page id: space=0, page number=245] log sequence number 1317328 is in the future! Current system log sequence number 367072.
2026-03-26 10:50:58 0 [ERROR] InnoDB: Your database may be corrupt or you may have copied the InnoDB tablespace but not the InnoDB log files. Please refer to https://mariadb.com/kb/en/library/innodb-recovery-modes/ for information about forcing recovery.
2026-03-26 10:50:58 0 [ERROR] InnoDB: Page [page id: space=0, page number=379] log sequence number 1317328 is in the future! Current system log sequence number 367072.
2026-03-26 10:50:58 0 [ERROR] InnoDB: Your database may be corrupt or you may have copied the InnoDB tablespace but not the InnoDB log files. Please refer to https://mariadb.com/kb/en/library/innodb-recovery-modes/ for information about forcing recovery.
2026-03-26 10:50:58 0 [ERROR] InnoDB: Page [page id: space=0, page number=246] log sequence number 1317388 is in the future! Current system log sequence number 367072.
2026-03-26 10:50:58 0 [ERROR] InnoDB: Your database may be corrupt or you may have copied the InnoDB tablespace but not the InnoDB log files. Please refer to https://mariadb.com/kb/en/library/innodb-recovery-modes/ for information about forcing recovery.
2026-03-26 10:50:58 0 [ERROR] InnoDB: Page [page id: space=0, page number=444] log sequence number 1317388 is in the future! Current system log sequence number 367072.
2026-03-26 10:50:58 0 [ERROR] InnoDB: Your database may be corrupt or you may have copied the InnoDB tablespace but not the InnoDB log files. Please refer to https://mariadb.com/kb/en/library/innodb-recovery-modes/ for information about forcing recovery.
2026-03-26 10:50:58 0 [ERROR] InnoDB: Page [page id: space=0, page number=247] log sequence number 1317432 is in the future! Current system log sequence number 367072.
2026-03-26 10:50:58 0 [ERROR] InnoDB: Your database may be corrupt or you may have copied the InnoDB tablespace but not the InnoDB log files. Please refer to https://mariadb.com/kb/en/library/innodb-recovery-modes/ for information about forcing recovery.
2026-03-26 10:50:58 0 [ERROR] InnoDB: Page [page id: space=0, page number=393] log sequence number 1317432 is in the future! Current system log sequence number 367072.
2026-03-26 10:50:58 0 [ERROR] InnoDB: Your database may be corrupt or you may have copied the InnoDB tablespace but not the InnoDB log files. Please refer to https://mariadb.com/kb/en/library/innodb-recovery-modes/ for information about forcing recovery.
2026-03-26 10:50:58 0 [ERROR] InnoDB: Page [page id: space=0, page number=248] log sequence number 1317476 is in the future! Current system log sequence number 367072.
2026-03-26 10:50:58 0 [ERROR] InnoDB: Your database may be corrupt or you may have copied the InnoDB tablespace but not the InnoDB log files. Please refer to https://mariadb.com/kb/en/library/innodb-recovery-modes/ for information about forcing recovery.
2026-03-26 10:50:58 0 [ERROR] InnoDB: Page [page id: space=0, page number=381] log sequence number 1317476 is in the future! Current system log sequence number 367072.
2026-03-26 10:50:58 0 [ERROR] InnoDB: Your database may be corrupt or you may have copied the InnoDB tablespace but not the InnoDB log files. Please refer to https://mariadb.com/kb/en/library/innodb-recovery-modes/ for information about forcing recovery.
2026-03-26 10:50:58 0 [ERROR] InnoDB: Page [page id: space=0, page number=249] log sequence number 1317520 is in the future! Current system log sequence number 367072.
2026-03-26 10:50:58 0 [ERROR] InnoDB: Your database may be corrupt or you may have copied the InnoDB tablespace but not the InnoDB log files. Please refer to https://mariadb.com/kb/en/library/innodb-recovery-modes/ for information about forcing recovery.
2026-03-26 10:50:58 0 [ERROR] InnoDB: Page [page id: space=0, page number=370] log sequence number 1317520 is in the future! Current system log sequence number 367072.
2026-03-26 10:50:58 0 [ERROR] InnoDB: Your database may be corrupt or you may have copied the InnoDB tablespace but not the InnoDB log files. Please refer to https://mariadb.com/kb/en/library/innodb-recovery-modes/ for information about forcing recovery.
2026-03-26 10:50:58 0 [ERROR] InnoDB: Page [page id: space=0, page number=250] log sequence number 1317564 is in the future! Current system log sequence number 367072.
2026-03-26 10:50:58 0 [ERROR] InnoDB: Your database may be corrupt or you may have copied the InnoDB tablespace but not the InnoDB log files. Please refer to https://mariadb.com/kb/en/library/innodb-recovery-modes/ for information about forcing recovery.
2026-03-26 10:50:58 0 [ERROR] InnoDB: Page [page id: space=0, page number=371] log sequence number 1317564 is in the future! Current system log sequence number 367072.
2026-03-26 10:50:58 0 [ERROR] InnoDB: Your database may be corrupt or you may have copied the InnoDB tablespace but not the InnoDB log files. Please refer to https://mariadb.com/kb/en/library/innodb-recovery-modes/ for information about forcing recovery.
2026-03-26 10:50:58 0 [ERROR] InnoDB: Page [page id: space=0, page number=251] log sequence number 1317608 is in the future! Current system log sequence number 367072.
2026-03-26 10:50:58 0 [ERROR] InnoDB: Your database may be corrupt or you may have copied the InnoDB tablespace but not the InnoDB log files. Please refer to https://mariadb.com/kb/en/library/innodb-recovery-modes/ for information about forcing recovery.
2026-03-26 10:50:58 0 [ERROR] InnoDB: Page [page id: space=0, page number=361] log sequence number 1317608 is in the future! Current system log sequence number 367072.
2026-03-26 10:50:58 0 [ERROR] InnoDB: Your database may be corrupt or you may have copied the InnoDB tablespace but not the InnoDB log files. Please refer to https://mariadb.com/kb/en/library/innodb-recovery-modes/ for information about forcing recovery.
2026-03-26 10:50:58 0 [ERROR] InnoDB: Page [page id: space=0, page number=252] log sequence number 1319843 is in the future! Current system log sequence number 367072.
2026-03-26 10:50:58 0 [ERROR] InnoDB: Your database may be corrupt or you may have copied the InnoDB tablespace but not the InnoDB log files. Please refer to https://mariadb.com/kb/en/library/innodb-recovery-modes/ for information about forcing recovery.
2026-03-26 10:50:58 0 [ERROR] InnoDB: Page [page id: space=0, page number=383] log sequence number 1319843 is in the future! Current system log sequence number 367072.
2026-03-26 10:50:58 0 [ERROR] InnoDB: Your database may be corrupt or you may have copied the InnoDB tablespace but not the InnoDB log files. Please refer to https://mariadb.com/kb/en/library/innodb-recovery-modes/ for information about forcing recovery.
2026-03-26 10:50:58 0 [ERROR] InnoDB: Page [page id: space=0, page number=253] log sequence number 1319887 is in the future! Current system log sequence number 367072.
2026-03-26 10:50:58 0 [ERROR] InnoDB: Your database may be corrupt or you may have copied the InnoDB tablespace but not the InnoDB log files. Please refer to https://mariadb.com/kb/en/library/innodb-recovery-modes/ for information about forcing recovery.
2026-03-26 10:50:58 0 [ERROR] InnoDB: Page [page id: space=0, page number=330] log sequence number 1319887 is in the future! Current system log sequence number 367072.
2026-03-26 10:50:58 0 [ERROR] InnoDB: Your database may be corrupt or you may have copied the InnoDB tablespace but not the InnoDB log files. Please refer to https://mariadb.com/kb/en/library/innodb-recovery-modes/ for information about forcing recovery.
2026-03-26 10:50:58 0 [ERROR] InnoDB: Page [page id: space=0, page number=254] log sequence number 1319931 is in the future! Current system log sequence number 367072.
2026-03-26 10:50:58 0 [ERROR] InnoDB: Your database may be corrupt or you may have copied the InnoDB tablespace but not the InnoDB log files. Please refer to https://mariadb.com/kb/en/library/innodb-recovery-modes/ for information about forcing recovery.
2026-03-26 10:50:58 0 [ERROR] InnoDB: Page [page id: space=0, page number=386] log sequence number 1319931 is in the future! Current system log sequence number 367072.
2026-03-26 10:50:58 0 [ERROR] InnoDB: Your database may be corrupt or you may have copied the InnoDB tablespace but not the InnoDB log files. Please refer to https://mariadb.com/kb/en/library/innodb-recovery-modes/ for information about forcing recovery.
2026-03-26 10:50:58 0 [ERROR] InnoDB: Page [page id: space=0, page number=255] log sequence number 1319991 is in the future! Current system log sequence number 367072.
2026-03-26 10:50:58 0 [ERROR] InnoDB: Your database may be corrupt or you may have copied the InnoDB tablespace but not the InnoDB log files. Please refer to https://mariadb.com/kb/en/library/innodb-recovery-modes/ for information about forcing recovery.
2026-03-26 10:50:58 0 [ERROR] InnoDB: Page [page id: space=0, page number=364] log sequence number 1319991 is in the future! Current system log sequence number 367072.
2026-03-26 10:50:58 0 [ERROR] InnoDB: Your database may be corrupt or you may have copied the InnoDB tablespace but not the InnoDB log files. Please refer to https://mariadb.com/kb/en/library/innodb-recovery-modes/ for information about forcing recovery.
2026-03-26 10:50:58 0 [ERROR] InnoDB: Page [page id: space=0, page number=256] log sequence number 1320035 is in the future! Current system log sequence number 367072.
2026-03-26 10:50:58 0 [ERROR] InnoDB: Your database may be corrupt or you may have copied the InnoDB tablespace but not the InnoDB log files. Please refer to https://mariadb.com/kb/en/library/innodb-recovery-modes/ for information about forcing recovery.
2026-03-26 10:50:58 0 [ERROR] InnoDB: Page [page id: space=0, page number=385] log sequence number 1320035 is in the future! Current system log sequence number 367072.
2026-03-26 10:50:58 0 [ERROR] InnoDB: Your database may be corrupt or you may have copied the InnoDB tablespace but not the InnoDB log files. Please refer to https://mariadb.com/kb/en/library/innodb-recovery-modes/ for information about forcing recovery.
2026-03-26 10:50:58 0 [ERROR] InnoDB: Page [page id: space=0, page number=257] log sequence number 1320079 is in the future! Current system log sequence number 367072.
2026-03-26 10:50:58 0 [ERROR] InnoDB: Your database may be corrupt or you may have copied the InnoDB tablespace but not the InnoDB log files. Please refer to https://mariadb.com/kb/en/library/innodb-recovery-modes/ for information about forcing recovery.
2026-03-26 10:50:58 0 [ERROR] InnoDB: Page [page id: space=0, page number=387] log sequence number 1320079 is in the future! Current system log sequence number 367072.
2026-03-26 10:50:58 0 [ERROR] InnoDB: Your database may be corrupt or you may have copied the InnoDB tablespace but not the InnoDB log files. Please refer to https://mariadb.com/kb/en/library/innodb-recovery-modes/ for information about forcing recovery.
2026-03-26 10:50:58 0 [ERROR] InnoDB: Page [page id: space=0, page number=258] log sequence number 1226809 is in the future! Current system log sequence number 367072.
2026-03-26 10:50:58 0 [ERROR] InnoDB: Your database may be corrupt or you may have copied the InnoDB tablespace but not the InnoDB log files. Please refer to https://mariadb.com/kb/en/library/innodb-recovery-modes/ for information about forcing recovery.
2026-03-26 10:50:58 0 [ERROR] InnoDB: Page [page id: space=0, page number=396] log sequence number 1226809 is in the future! Current system log sequence number 367072.
2026-03-26 10:50:58 0 [ERROR] InnoDB: Your database may be corrupt or you may have copied the InnoDB tablespace but not the InnoDB log files. Please refer to https://mariadb.com/kb/en/library/innodb-recovery-modes/ for information about forcing recovery.
2026-03-26 10:50:58 0 [ERROR] InnoDB: Page [page id: space=0, page number=259] log sequence number 1320123 is in the future! Current system log sequence number 367072.
2026-03-26 10:50:58 0 [ERROR] InnoDB: Your database may be corrupt or you may have copied the InnoDB tablespace but not the InnoDB log files. Please refer to https://mariadb.com/kb/en/library/innodb-recovery-modes/ for information about forcing recovery.
2026-03-26 10:50:58 0 [ERROR] InnoDB: Page [page id: space=0, page number=331] log sequence number 1320123 is in the future! Current system log sequence number 367072.
2026-03-26 10:50:58 0 [ERROR] InnoDB: Your database may be corrupt or you may have copied the InnoDB tablespace but not the InnoDB log files. Please refer to https://mariadb.com/kb/en/library/innodb-recovery-modes/ for information about forcing recovery.
2026-03-26 10:50:58 0 [ERROR] InnoDB: Page [page id: space=0, page number=260] log sequence number 1648633 is in the future! Current system log sequence number 367072.
2026-03-26 10:50:58 0 [ERROR] InnoDB: Your database may be corrupt or you may have copied the InnoDB tablespace but not the InnoDB log files. Please refer to https://mariadb.com/kb/en/library/innodb-recovery-modes/ for information about forcing recovery.
2026-03-26 10:50:58 0 [ERROR] InnoDB: Page [page id: space=0, page number=395] log sequence number 1648633 is in the future! Current system log sequence number 367072.
2026-03-26 10:50:58 0 [ERROR] InnoDB: Your database may be corrupt or you may have copied the InnoDB tablespace but not the InnoDB log files. Please refer to https://mariadb.com/kb/en/library/innodb-recovery-modes/ for information about forcing recovery.
2026-03-26 10:50:58 0 [ERROR] InnoDB: Page [page id: space=0, page number=261] log sequence number 1648693 is in the future! Current system log sequence number 367072.
2026-03-26 10:50:58 0 [ERROR] InnoDB: Your database may be corrupt or you may have copied the InnoDB tablespace but not the InnoDB log files. Please refer to https://mariadb.com/kb/en/library/innodb-recovery-modes/ for information about forcing recovery.
2026-03-26 10:50:58 0 [ERROR] InnoDB: Page [page id: space=0, page number=398] log sequence number 1648693 is in the future! Current system log sequence number 367072.
2026-03-26 10:50:58 0 [ERROR] InnoDB: Your database may be corrupt or you may have copied the InnoDB tablespace but not the InnoDB log files. Please refer to https://mariadb.com/kb/en/library/innodb-recovery-modes/ for information about forcing recovery.
2026-03-26 10:50:58 0 [ERROR] InnoDB: Page [page id: space=0, page number=262] log sequence number 1648737 is in the future! Current system log sequence number 367072.
2026-03-26 10:50:58 0 [ERROR] InnoDB: Your database may be corrupt or you may have copied the InnoDB tablespace but not the InnoDB log files. Please refer to https://mariadb.com/kb/en/library/innodb-recovery-modes/ for information about forcing recovery.
2026-03-26 10:50:58 0 [ERROR] InnoDB: Page [page id: space=0, page number=397] log sequence number 1648737 is in the future! Current system log sequence number 367072.
2026-03-26 10:50:58 0 [ERROR] InnoDB: Your database may be corrupt or you may have copied the InnoDB tablespace but not the InnoDB log files. Please refer to https://mariadb.com/kb/en/library/innodb-recovery-modes/ for information about forcing recovery.
2026-03-26 10:50:58 0 [ERROR] InnoDB: Page [page id: space=0, page number=263] log sequence number 1648781 is in the future! Current system log sequence number 367072.
2026-03-26 10:50:58 0 [ERROR] InnoDB: Your database may be corrupt or you may have copied the InnoDB tablespace but not the InnoDB log files. Please refer to https://mariadb.com/kb/en/library/innodb-recovery-modes/ for information about forcing recovery.
2026-03-26 10:50:58 0 [ERROR] InnoDB: Page [page id: space=0, page number=405] log sequence number 1648781 is in the future! Current system log sequence number 367072.
2026-03-26 10:50:58 0 [ERROR] InnoDB: Your database may be corrupt or you may have copied the InnoDB tablespace but not the InnoDB log files. Please refer to https://mariadb.com/kb/en/library/innodb-recovery-modes/ for information about forcing recovery.
2026-03-26 10:50:58 0 [ERROR] InnoDB: Page [page id: space=0, page number=264] log sequence number 1648825 is in the future! Current system log sequence number 367072.
2026-03-26 10:50:58 0 [ERROR] InnoDB: Your database may be corrupt or you may have copied the InnoDB tablespace but not the InnoDB log files. Please refer to https://mariadb.com/kb/en/library/innodb-recovery-modes/ for information about forcing recovery.
2026-03-26 10:50:58 0 [ERROR] InnoDB: Page [page id: space=0, page number=399] log sequence number 1648825 is in the future! Current system log sequence number 367072.
2026-03-26 10:50:58 0 [ERROR] InnoDB: Your database may be corrupt or you may have copied the InnoDB tablespace but not the InnoDB log files. Please refer to https://mariadb.com/kb/en/library/innodb-recovery-modes/ for information about forcing recovery.
2026-03-26 10:50:58 0 [ERROR] InnoDB: Page [page id: space=0, page number=265] log sequence number 1648869 is in the future! Current system log sequence number 367072.
2026-03-26 10:50:58 0 [ERROR] InnoDB: Your database may be corrupt or you may have copied the InnoDB tablespace but not the InnoDB log files. Please refer to https://mariadb.com/kb/en/library/innodb-recovery-modes/ for information about forcing recovery.
2026-03-26 10:50:58 0 [ERROR] InnoDB: Page [page id: space=0, page number=400] log sequence number 1648869 is in the future! Current system log sequence number 367072.
2026-03-26 10:50:58 0 [ERROR] InnoDB: Your database may be corrupt or you may have copied the InnoDB tablespace but not the InnoDB log files. Please refer to https://mariadb.com/kb/en/library/innodb-recovery-modes/ for information about forcing recovery.
2026-03-26 10:50:58 0 [ERROR] InnoDB: Page [page id: space=0, page number=266] log sequence number 1648913 is in the future! Current system log sequence number 367072.
2026-03-26 10:50:58 0 [ERROR] InnoDB: Your database may be corrupt or you may have copied the InnoDB tablespace but not the InnoDB log files. Please refer to https://mariadb.com/kb/en/library/innodb-recovery-modes/ for information about forcing recovery.
2026-03-26 10:50:58 0 [ERROR] InnoDB: Page [page id: space=0, page number=437] log sequence number 1648913 is in the future! Current system log sequence number 367072.
2026-03-26 10:50:58 0 [ERROR] InnoDB: Your database may be corrupt or you may have copied the InnoDB tablespace but not the InnoDB log files. Please refer to https://mariadb.com/kb/en/library/innodb-recovery-modes/ for information about forcing recovery.
2026-03-26 10:50:58 0 [ERROR] InnoDB: Page [page id: space=0, page number=267] log sequence number 1648957 is in the future! Current system log sequence number 367072.
2026-03-26 10:50:58 0 [ERROR] InnoDB: Your database may be corrupt or you may have copied the InnoDB tablespace but not the InnoDB log files. Please refer to https://mariadb.com/kb/en/library/innodb-recovery-modes/ for information about forcing recovery.
2026-03-26 10:50:58 0 [ERROR] InnoDB: Page [page id: space=0, page number=401] log sequence number 1648957 is in the future! Current system log sequence number 367072.
2026-03-26 10:50:58 0 [ERROR] InnoDB: Your database may be corrupt or you may have copied the InnoDB tablespace but not the InnoDB log files. Please refer to https://mariadb.com/kb/en/library/innodb-recovery-modes/ for information about forcing recovery.
2026-03-26 10:50:58 0 [ERROR] InnoDB: Page [page id: space=0, page number=268] log sequence number 1649001 is in the future! Current system log sequence number 367072.
2026-03-26 10:50:58 0 [ERROR] InnoDB: Your database may be corrupt or you may have copied the InnoDB tablespace but not the InnoDB log files. Please refer to https://mariadb.com/kb/en/library/innodb-recovery-modes/ for information about forcing recovery.
2026-03-26 10:50:58 0 [ERROR] InnoDB: Page [page id: space=0, page number=332] log sequence number 1649001 is in the future! Current system log sequence number 367072.
2026-03-26 10:50:58 0 [ERROR] InnoDB: Your database may be corrupt or you may have copied the InnoDB tablespace but not the InnoDB log files. Please refer to https://mariadb.com/kb/en/library/innodb-recovery-modes/ for information about forcing recovery.
2026-03-26 10:50:58 0 [ERROR] InnoDB: Page [page id: space=0, page number=269] log sequence number 1649045 is in the future! Current system log sequence number 367072.
2026-03-26 10:50:58 0 [ERROR] InnoDB: Your database may be corrupt or you may have copied the InnoDB tablespace but not the InnoDB log files. Please refer to https://mariadb.com/kb/en/library/innodb-recovery-modes/ for information about forcing recovery.
2026-03-26 10:50:58 0 [ERROR] InnoDB: Page [page id: space=0, page number=403] log sequence number 1649045 is in the future! Current system log sequence number 367072.
2026-03-26 10:50:58 0 [ERROR] InnoDB: Your database may be corrupt or you may have copied the InnoDB tablespace but not the InnoDB log files. Please refer to https://mariadb.com/kb/en/library/innodb-recovery-modes/ for information about forcing recovery.
2026-03-26 10:50:58 0 [ERROR] InnoDB: Page [page id: space=0, page number=270] log sequence number 1649089 is in the future! Current system log sequence number 367072.
2026-03-26 10:50:58 0 [ERROR] InnoDB: Your database may be corrupt or you may have copied the InnoDB tablespace but not the InnoDB log files. Please refer to https://mariadb.com/kb/en/library/innodb-recovery-modes/ for information about forcing recovery.
2026-03-26 10:50:58 0 [ERROR] InnoDB: Page [page id: space=0, page number=404] log sequence number 1649089 is in the future! Current system log sequence number 367072.
2026-03-26 10:50:58 0 [ERROR] InnoDB: Your database may be corrupt or you may have copied the InnoDB tablespace but not the InnoDB log files. Please refer to https://mariadb.com/kb/en/library/innodb-recovery-modes/ for information about forcing recovery.
2026-03-26 10:50:58 0 [ERROR] InnoDB: Page [page id: space=0, page number=271] log sequence number 1649133 is in the future! Current system log sequence number 367072.
2026-03-26 10:50:58 0 [ERROR] InnoDB: Your database may be corrupt or you may have copied the InnoDB tablespace but not the InnoDB log files. Please refer to https://mariadb.com/kb/en/library/innodb-recovery-modes/ for information about forcing recovery.
2026-03-26 10:50:58 0 [ERROR] InnoDB: Page [page id: space=0, page number=317] log sequence number 1649133 is in the future! Current system log sequence number 367072.
2026-03-26 10:50:58 0 [ERROR] InnoDB: Your database may be corrupt or you may have copied the InnoDB tablespace but not the InnoDB log files. Please refer to https://mariadb.com/kb/en/library/innodb-recovery-modes/ for information about forcing recovery.
2026-03-26 10:50:58 0 [ERROR] InnoDB: Page [page id: space=0, page number=272] log sequence number 1649193 is in the future! Current system log sequence number 367072.
2026-03-26 10:50:58 0 [ERROR] InnoDB: Your database may be corrupt or you may have copied the InnoDB tablespace but not the InnoDB log files. Please refer to https://mariadb.com/kb/en/library/innodb-recovery-modes/ for information about forcing recovery.
2026-03-26 10:50:58 0 [ERROR] InnoDB: Page [page id: space=0, page number=406] log sequence number 1649193 is in the future! Current system log sequence number 367072.
2026-03-26 10:50:58 0 [ERROR] InnoDB: Your database may be corrupt or you may have copied the InnoDB tablespace but not the InnoDB log files. Please refer to https://mariadb.com/kb/en/library/innodb-recovery-modes/ for information about forcing recovery.
2026-03-26 10:50:58 0 [ERROR] InnoDB: Page [page id: space=0, page number=273] log sequence number 1649237 is in the future! Current system log sequence number 367072.
2026-03-26 10:50:58 0 [ERROR] InnoDB: Your database may be corrupt or you may have copied the InnoDB tablespace but not the InnoDB log files. Please refer to https://mariadb.com/kb/en/library/innodb-recovery-modes/ for information about forcing recovery.
2026-03-26 10:50:58 0 [ERROR] InnoDB: Page [page id: space=0, page number=334] log sequence number 1649237 is in the future! Current system log sequence number 367072.
2026-03-26 10:50:58 0 [ERROR] InnoDB: Your database may be corrupt or you may have copied the InnoDB tablespace but not the InnoDB log files. Please refer to https://mariadb.com/kb/en/library/innodb-recovery-modes/ for information about forcing recovery.
2026-03-26 10:50:58 0 [ERROR] InnoDB: Page [page id: space=0, page number=274] log sequence number 1649281 is in the future! Current system log sequence number 367072.
2026-03-26 10:50:58 0 [ERROR] InnoDB: Your database may be corrupt or you may have copied the InnoDB tablespace but not the InnoDB log files. Please refer to https://mariadb.com/kb/en/library/innodb-recovery-modes/ for information about forcing recovery.
2026-03-26 10:50:58 0 [ERROR] InnoDB: Page [page id: space=0, page number=409] log sequence number 1649281 is in the future! Current system log sequence number 367072.
2026-03-26 10:50:58 0 [ERROR] InnoDB: Your database may be corrupt or you may have copied the InnoDB tablespace but not the InnoDB log files. Please refer to https://mariadb.com/kb/en/library/innodb-recovery-modes/ for information about forcing recovery.
2026-03-26 10:50:58 0 [ERROR] InnoDB: Page [page id: space=0, page number=275] log sequence number 1649325 is in the future! Current system log sequence number 367072.
2026-03-26 10:50:58 0 [ERROR] InnoDB: Your database may be corrupt or you may have copied the InnoDB tablespace but not the InnoDB log files. Please refer to https://mariadb.com/kb/en/library/innodb-recovery-modes/ for information about forcing recovery.
2026-03-26 10:50:58 0 [ERROR] InnoDB: Page [page id: space=0, page number=352] log sequence number 1649325 is in the future! Current system log sequence number 367072.
2026-03-26 10:50:58 0 [ERROR] InnoDB: Your database may be corrupt or you may have copied the InnoDB tablespace but not the InnoDB log files. Please refer to https://mariadb.com/kb/en/library/innodb-recovery-modes/ for information about forcing recovery.
2026-03-26 10:50:58 0 [ERROR] InnoDB: Page [page id: space=0, page number=278] log sequence number 1236052 is in the future! Current system log sequence number 367072.
2026-03-26 10:50:58 0 [ERROR] InnoDB: Your database may be corrupt or you may have copied the InnoDB tablespace but not the InnoDB log files. Please refer to https://mariadb.com/kb/en/library/innodb-recovery-modes/ for information about forcing recovery.
2026-03-26 10:50:58 0 [ERROR] InnoDB: Page [page id: space=0, page number=413] log sequence number 1236052 is in the future! Current system log sequence number 367072.
2026-03-26 10:50:58 0 [ERROR] InnoDB: Your database may be corrupt or you may have copied the InnoDB tablespace but not the InnoDB log files. Please refer to https://mariadb.com/kb/en/library/innodb-recovery-modes/ for information about forcing recovery.
2026-03-26 10:50:58 0 [ERROR] InnoDB: Page [page id: space=0, page number=279] log sequence number 1237075 is in the future! Current system log sequence number 367072.
2026-03-26 10:50:58 0 [ERROR] InnoDB: Your database may be corrupt or you may have copied the InnoDB tablespace but not the InnoDB log files. Please refer to https://mariadb.com/kb/en/library/innodb-recovery-modes/ for information about forcing recovery.
2026-03-26 10:50:58 0 [ERROR] InnoDB: Page [page id: space=0, page number=414] log sequence number 1237075 is in the future! Current system log sequence number 367072.
2026-03-26 10:50:58 0 [ERROR] InnoDB: Your database may be corrupt or you may have copied the InnoDB tablespace but not the InnoDB log files. Please refer to https://mariadb.com/kb/en/library/innodb-recovery-modes/ for information about forcing recovery.
2026-03-26 10:50:58 0 [ERROR] InnoDB: Page [page id: space=0, page number=280] log sequence number 1237119 is in the future! Current system log sequence number 367072.
2026-03-26 10:50:58 0 [ERROR] InnoDB: Your database may be corrupt or you may have copied the InnoDB tablespace but not the InnoDB log files. Please refer to https://mariadb.com/kb/en/library/innodb-recovery-modes/ for information about forcing recovery.
2026-03-26 10:50:58 0 [ERROR] InnoDB: Page [page id: space=0, page number=415] log sequence number 1237119 is in the future! Current system log sequence number 367072.
2026-03-26 10:50:58 0 [ERROR] InnoDB: Your database may be corrupt or you may have copied the InnoDB tablespace but not the InnoDB log files. Please refer to https://mariadb.com/kb/en/library/innodb-recovery-modes/ for information about forcing recovery.
2026-03-26 10:50:58 0 [ERROR] InnoDB: Page [page id: space=0, page number=281] log sequence number 1266772 is in the future! Current system log sequence number 367072.
2026-03-26 10:50:58 0 [ERROR] InnoDB: Your database may be corrupt or you may have copied the InnoDB tablespace but not the InnoDB log files. Please refer to https://mariadb.com/kb/en/library/innodb-recovery-modes/ for information about forcing recovery.
2026-03-26 10:50:58 0 [ERROR] InnoDB: Page [page id: space=0, page number=416] log sequence number 1266772 is in the future! Current system log sequence number 367072.
2026-03-26 10:50:58 0 [ERROR] InnoDB: Your database may be corrupt or you may have copied the InnoDB tablespace but not the InnoDB log files. Please refer to https://mariadb.com/kb/en/library/innodb-recovery-modes/ for information about forcing recovery.
2026-03-26 10:50:58 0 [ERROR] InnoDB: Page [page id: space=0, page number=282] log sequence number 1266816 is in the future! Current system log sequence number 367072.
2026-03-26 10:50:58 0 [ERROR] InnoDB: Your database may be corrupt or you may have copied the InnoDB tablespace but not the InnoDB log files. Please refer to https://mariadb.com/kb/en/library/innodb-recovery-modes/ for information about forcing recovery.
2026-03-26 10:50:58 0 [ERROR] InnoDB: Page [page id: space=0, page number=417] log sequence number 1266816 is in the future! Current system log sequence number 367072.
2026-03-26 10:50:58 0 [ERROR] InnoDB: Your database may be corrupt or you may have copied the InnoDB tablespace but not the InnoDB log files. Please refer to https://mariadb.com/kb/en/library/innodb-recovery-modes/ for information about forcing recovery.
2026-03-26 10:50:58 0 [ERROR] InnoDB: Page [page id: space=0, page number=283] log sequence number 1266860 is in the future! Current system log sequence number 367072.
2026-03-26 10:50:58 0 [ERROR] InnoDB: Your database may be corrupt or you may have copied the InnoDB tablespace but not the InnoDB log files. Please refer to https://mariadb.com/kb/en/library/innodb-recovery-modes/ for information about forcing recovery.
2026-03-26 10:50:58 0 [ERROR] InnoDB: Page [page id: space=0, page number=418] log sequence number 1266860 is in the future! Current system log sequence number 367072.
2026-03-26 10:50:58 0 [ERROR] InnoDB: Your database may be corrupt or you may have copied the InnoDB tablespace but not the InnoDB log files. Please refer to https://mariadb.com/kb/en/library/innodb-recovery-modes/ for information about forcing recovery.
2026-03-26 10:50:58 0 [ERROR] InnoDB: Page [page id: space=0, page number=284] log sequence number 1266904 is in the future! Current system log sequence number 367072.
2026-03-26 10:50:58 0 [ERROR] InnoDB: Your database may be corrupt or you may have copied the InnoDB tablespace but not the InnoDB log files. Please refer to https://mariadb.com/kb/en/library/innodb-recovery-modes/ for information about forcing recovery.
2026-03-26 10:50:58 0 [ERROR] InnoDB: Page [page id: space=0, page number=419] log sequence number 1266904 is in the future! Current system log sequence number 367072.
2026-03-26 10:50:58 0 [ERROR] InnoDB: Your database may be corrupt or you may have copied the InnoDB tablespace but not the InnoDB log files. Please refer to https://mariadb.com/kb/en/library/innodb-recovery-modes/ for information about forcing recovery.
2026-03-26 10:50:58 0 [ERROR] InnoDB: Page [page id: space=0, page number=285] log sequence number 1267010 is in the future! Current system log sequence number 367072.
2026-03-26 10:50:58 0 [ERROR] InnoDB: Your database may be corrupt or you may have copied the InnoDB tablespace but not the InnoDB log files. Please refer to https://mariadb.com/kb/en/library/innodb-recovery-modes/ for information about forcing recovery.
2026-03-26 10:50:58 0 [ERROR] InnoDB: Page [page id: space=0, page number=286] log sequence number 1267054 is in the future! Current system log sequence number 367072.
2026-03-26 10:50:58 0 [ERROR] InnoDB: Your database may be corrupt or you may have copied the InnoDB tablespace but not the InnoDB log files. Please refer to https://mariadb.com/kb/en/library/innodb-recovery-modes/ for information about forcing recovery.
2026-03-26 10:50:58 0 [ERROR] InnoDB: Page [page id: space=0, page number=421] log sequence number 1267054 is in the future! Current system log sequence number 367072.
2026-03-26 10:50:58 0 [ERROR] InnoDB: Your database may be corrupt or you may have copied the InnoDB tablespace but not the InnoDB log files. Please refer to https://mariadb.com/kb/en/library/innodb-recovery-modes/ for information about forcing recovery.
2026-03-26 10:50:58 0 [ERROR] InnoDB: Page [page id: space=0, page number=287] log sequence number 1267098 is in the future! Current system log sequence number 367072.
2026-03-26 10:50:58 0 [ERROR] InnoDB: Your database may be corrupt or you may have copied the InnoDB tablespace but not the InnoDB log files. Please refer to https://mariadb.com/kb/en/library/innodb-recovery-modes/ for information about forcing recovery.
2026-03-26 10:50:58 0 [ERROR] InnoDB: Page [page id: space=0, page number=422] log sequence number 1267098 is in the future! Current system log sequence number 367072.
2026-03-26 10:50:58 0 [ERROR] InnoDB: Your database may be corrupt or you may have copied the InnoDB tablespace but not the InnoDB log files. Please refer to https://mariadb.com/kb/en/library/innodb-recovery-modes/ for information about forcing recovery.
2026-03-26 10:50:58 0 [ERROR] InnoDB: Page [page id: space=0, page number=288] log sequence number 1267220 is in the future! Current system log sequence number 367072.
2026-03-26 10:50:58 0 [ERROR] InnoDB: Your database may be corrupt or you may have copied the InnoDB tablespace but not the InnoDB log files. Please refer to https://mariadb.com/kb/en/library/innodb-recovery-modes/ for information about forcing recovery.
2026-03-26 10:50:58 0 [ERROR] InnoDB: Page [page id: space=0, page number=289] log sequence number 1267264 is in the future! Current system log sequence number 367072.
2026-03-26 10:50:58 0 [ERROR] InnoDB: Your database may be corrupt or you may have copied the InnoDB tablespace but not the InnoDB log files. Please refer to https://mariadb.com/kb/en/library/innodb-recovery-modes/ for information about forcing recovery.
2026-03-26 10:50:58 0 [ERROR] InnoDB: Page [page id: space=0, page number=424] log sequence number 1267264 is in the future! Current system log sequence number 367072.
2026-03-26 10:50:58 0 [ERROR] InnoDB: Your database may be corrupt or you may have copied the InnoDB tablespace but not the InnoDB log files. Please refer to https://mariadb.com/kb/en/library/innodb-recovery-modes/ for information about forcing recovery.
2026-03-26 10:50:58 0 [ERROR] InnoDB: Page [page id: space=0, page number=290] log sequence number 1267308 is in the future! Current system log sequence number 367072.
2026-03-26 10:50:58 0 [ERROR] InnoDB: Your database may be corrupt or you may have copied the InnoDB tablespace but not the InnoDB log files. Please refer to https://mariadb.com/kb/en/library/innodb-recovery-modes/ for information about forcing recovery.
2026-03-26 10:50:58 0 [ERROR] InnoDB: Page [page id: space=0, page number=425] log sequence number 1267308 is in the future! Current system log sequence number 367072.
2026-03-26 10:50:58 0 [ERROR] InnoDB: Your database may be corrupt or you may have copied the InnoDB tablespace but not the InnoDB log files. Please refer to https://mariadb.com/kb/en/library/innodb-recovery-modes/ for information about forcing recovery.
2026-03-26 10:50:58 0 [ERROR] InnoDB: Page [page id: space=0, page number=291] log sequence number 1267352 is in the future! Current system log sequence number 367072.
2026-03-26 10:50:58 0 [ERROR] InnoDB: Your database may be corrupt or you may have copied the InnoDB tablespace but not the InnoDB log files. Please refer to https://mariadb.com/kb/en/library/innodb-recovery-modes/ for information about forcing recovery.
2026-03-26 10:50:58 0 [ERROR] InnoDB: Page [page id: space=0, page number=337] log sequence number 1267352 is in the future! Current system log sequence number 367072.
2026-03-26 10:50:58 0 [ERROR] InnoDB: Your database may be corrupt or you may have copied the InnoDB tablespace but not the InnoDB log files. Please refer to https://mariadb.com/kb/en/library/innodb-recovery-modes/ for information about forcing recovery.
2026-03-26 10:50:58 0 [ERROR] InnoDB: Page [page id: space=0, page number=292] log sequence number 1267396 is in the future! Current system log sequence number 367072.
2026-03-26 10:50:58 0 [ERROR] InnoDB: Your database may be corrupt or you may have copied the InnoDB tablespace but not the InnoDB log files. Please refer to https://mariadb.com/kb/en/library/innodb-recovery-modes/ for information about forcing recovery.
2026-03-26 10:50:58 0 [ERROR] InnoDB: Page [page id: space=0, page number=427] log sequence number 1267396 is in the future! Current system log sequence number 367072.
2026-03-26 10:50:58 0 [ERROR] InnoDB: Your database may be corrupt or you may have copied the InnoDB tablespace but not the InnoDB log files. Please refer to https://mariadb.com/kb/en/library/innodb-recovery-modes/ for information about forcing recovery.
2026-03-26 10:50:58 0 [ERROR] InnoDB: Page [page id: space=0, page number=293] log sequence number 1267440 is in the future! Current system log sequence number 367072.
2026-03-26 10:50:58 0 [ERROR] InnoDB: Your database may be corrupt or you may have copied the InnoDB tablespace but not the InnoDB log files. Please refer to https://mariadb.com/kb/en/library/innodb-recovery-modes/ for information about forcing recovery.
2026-03-26 10:50:58 0 [ERROR] InnoDB: Page [page id: space=0, page number=428] log sequence number 1267440 is in the future! Current system log sequence number 367072.
2026-03-26 10:50:58 0 [ERROR] InnoDB: Your database may be corrupt or you may have copied the InnoDB tablespace but not the InnoDB log files. Please refer to https://mariadb.com/kb/en/library/innodb-recovery-modes/ for information about forcing recovery.
2026-03-26 10:50:58 0 [ERROR] InnoDB: Page [page id: space=0, page number=294] log sequence number 1267484 is in the future! Current system log sequence number 367072.
2026-03-26 10:50:58 0 [ERROR] InnoDB: Your database may be corrupt or you may have copied the InnoDB tablespace but not the InnoDB log files. Please refer to https://mariadb.com/kb/en/library/innodb-recovery-modes/ for information about forcing recovery.
2026-03-26 10:50:58 0 [ERROR] InnoDB: Page [page id: space=0, page number=429] log sequence number 1267484 is in the future! Current system log sequence number 367072.
2026-03-26 10:50:58 0 [ERROR] InnoDB: Your database may be corrupt or you may have copied the InnoDB tablespace but not the InnoDB log files. Please refer to https://mariadb.com/kb/en/library/innodb-recovery-modes/ for information about forcing recovery.
2026-03-26 10:50:58 0 [ERROR] InnoDB: Page [page id: space=0, page number=295] log sequence number 1267528 is in the future! Current system log sequence number 367072.
2026-03-26 10:50:58 0 [ERROR] InnoDB: Your database may be corrupt or you may have copied the InnoDB tablespace but not the InnoDB log files. Please refer to https://mariadb.com/kb/en/library/innodb-recovery-modes/ for information about forcing recovery.
2026-03-26 10:50:58 0 [ERROR] InnoDB: Page [page id: space=0, page number=430] log sequence number 1267528 is in the future! Current system log sequence number 367072.
2026-03-26 10:50:58 0 [ERROR] InnoDB: Your database may be corrupt or you may have copied the InnoDB tablespace but not the InnoDB log files. Please refer to https://mariadb.com/kb/en/library/innodb-recovery-modes/ for information about forcing recovery.
2026-03-26 10:50:58 0 [ERROR] InnoDB: Page [page id: space=0, page number=296] log sequence number 1267572 is in the future! Current system log sequence number 367072.
2026-03-26 10:50:58 0 [ERROR] InnoDB: Your database may be corrupt or you may have copied the InnoDB tablespace but not the InnoDB log files. Please refer to https://mariadb.com/kb/en/library/innodb-recovery-modes/ for information about forcing recovery.
2026-03-26 10:50:58 0 [ERROR] InnoDB: Page [page id: space=0, page number=431] log sequence number 1267572 is in the future! Current system log sequence number 367072.
2026-03-26 10:50:58 0 [ERROR] InnoDB: Your database may be corrupt or you may have copied the InnoDB tablespace but not the InnoDB log files. Please refer to https://mariadb.com/kb/en/library/innodb-recovery-modes/ for information about forcing recovery.
2026-03-26 10:50:58 0 [ERROR] InnoDB: Page [page id: space=0, page number=297] log sequence number 1280930 is in the future! Current system log sequence number 367072.
2026-03-26 10:50:58 0 [ERROR] InnoDB: Your database may be corrupt or you may have copied the InnoDB tablespace but not the InnoDB log files. Please refer to https://mariadb.com/kb/en/library/innodb-recovery-modes/ for information about forcing recovery.
2026-03-26 10:50:58 0 [ERROR] InnoDB: Page [page id: space=0, page number=380] log sequence number 1280930 is in the future! Current system log sequence number 367072.
2026-03-26 10:50:58 0 [ERROR] InnoDB: Your database may be corrupt or you may have copied the InnoDB tablespace but not the InnoDB log files. Please refer to https://mariadb.com/kb/en/library/innodb-recovery-modes/ for information about forcing recovery.
2026-03-26 10:50:58 0 [ERROR] InnoDB: Page [page id: space=0, page number=298] log sequence number 1280974 is in the future! Current system log sequence number 367072.
2026-03-26 10:50:58 0 [ERROR] InnoDB: Your database may be corrupt or you may have copied the InnoDB tablespace but not the InnoDB log files. Please refer to https://mariadb.com/kb/en/library/innodb-recovery-modes/ for information about forcing recovery.
2026-03-26 10:50:58 0 [ERROR] InnoDB: Page [page id: space=0, page number=433] log sequence number 1280974 is in the future! Current system log sequence number 367072.
2026-03-26 10:50:58 0 [ERROR] InnoDB: Your database may be corrupt or you may have copied the InnoDB tablespace but not the InnoDB log files. Please refer to https://mariadb.com/kb/en/library/innodb-recovery-modes/ for information about forcing recovery.
2026-03-26 10:50:58 0 [ERROR] InnoDB: Page [page id: space=0, page number=299] log sequence number 1281018 is in the future! Current system log sequence number 367072.
2026-03-26 10:50:58 0 [ERROR] InnoDB: Your database may be corrupt or you may have copied the InnoDB tablespace but not the InnoDB log files. Please refer to https://mariadb.com/kb/en/library/innodb-recovery-modes/ for information about forcing recovery.
2026-03-26 10:50:58 0 [ERROR] InnoDB: Page [page id: space=0, page number=434] log sequence number 1281018 is in the future! Current system log sequence number 367072.
2026-03-26 10:50:58 0 [ERROR] InnoDB: Your database may be corrupt or you may have copied the InnoDB tablespace but not the InnoDB log files. Please refer to https://mariadb.com/kb/en/library/innodb-recovery-modes/ for information about forcing recovery.
2026-03-26 10:50:58 0 [ERROR] InnoDB: Page [page id: space=0, page number=300] log sequence number 1281078 is in the future! Current system log sequence number 367072.
2026-03-26 10:50:58 0 [ERROR] InnoDB: Your database may be corrupt or you may have copied the InnoDB tablespace but not the InnoDB log files. Please refer to https://mariadb.com/kb/en/library/innodb-recovery-modes/ for information about forcing recovery.
2026-03-26 10:50:58 0 [ERROR] InnoDB: Page [page id: space=0, page number=435] log sequence number 1281078 is in the future! Current system log sequence number 367072.
2026-03-26 10:50:58 0 [ERROR] InnoDB: Your database may be corrupt or you may have copied the InnoDB tablespace but not the InnoDB log files. Please refer to https://mariadb.com/kb/en/library/innodb-recovery-modes/ for information about forcing recovery.
2026-03-26 10:50:58 0 [ERROR] InnoDB: Page [page id: space=0, page number=8] log sequence number 1151310 is in the future! Current system log sequence number 367072.
2026-03-26 10:50:58 0 [ERROR] InnoDB: Your database may be corrupt or you may have copied the InnoDB tablespace but not the InnoDB log files. Please refer to https://mariadb.com/kb/en/library/innodb-recovery-modes/ for information about forcing recovery.
2026-03-26 10:50:58 0 [ERROR] InnoDB: Page [page id: space=0, page number=10] log sequence number 4947534 is in the future! Current system log sequence number 367072.
2026-03-26 10:50:58 0 [ERROR] InnoDB: Your database may be corrupt or you may have copied the InnoDB tablespace but not the InnoDB log files. Please refer to https://mariadb.com/kb/en/library/innodb-recovery-modes/ for information about forcing recovery.
2026-03-26 10:50:58 0 [ERROR] InnoDB: Page [page id: space=0, page number=439] log sequence number 4947534 is in the future! Current system log sequence number 367072.
2026-03-26 10:50:58 0 [ERROR] InnoDB: Your database may be corrupt or you may have copied the InnoDB tablespace but not the InnoDB log files. Please refer to https://mariadb.com/kb/en/library/innodb-recovery-modes/ for information about forcing recovery.
2026-03-26 10:50:58 0 [ERROR] InnoDB: Page [page id: space=0, page number=12] log sequence number 1079573 is in the future! Current system log sequence number 367072.
2026-03-26 10:50:58 0 [ERROR] InnoDB: Your database may be corrupt or you may have copied the InnoDB tablespace but not the InnoDB log files. Please refer to https://mariadb.com/kb/en/library/innodb-recovery-modes/ for information about forcing recovery.
2026-03-26 10:50:58 0 [ERROR] InnoDB: Page [page id: space=0, page number=307] log sequence number 1079543 is in the future! Current system log sequence number 367072.
2026-03-26 10:50:58 0 [ERROR] InnoDB: Your database may be corrupt or you may have copied the InnoDB tablespace but not the InnoDB log files. Please refer to https://mariadb.com/kb/en/library/innodb-recovery-modes/ for information about forcing recovery.
2026-03-26 10:50:58 0 [ERROR] InnoDB: Page [page id: space=0, page number=302] log sequence number 1056243 is in the future! Current system log sequence number 367072.
2026-03-26 10:50:58 0 [ERROR] InnoDB: Your database may be corrupt or you may have copied the InnoDB tablespace but not the InnoDB log files. Please refer to https://mariadb.com/kb/en/library/innodb-recovery-modes/ for information about forcing recovery.
2026-03-26 10:50:58 0 [ERROR] InnoDB: Page [page id: space=0, page number=303] log sequence number 1053251 is in the future! Current system log sequence number 367072.
2026-03-26 10:50:58 0 [ERROR] InnoDB: Your database may be corrupt or you may have copied the InnoDB tablespace but not the InnoDB log files. Please refer to https://mariadb.com/kb/en/library/innodb-recovery-modes/ for information about forcing recovery.
2026-03-26 10:50:58 0 [ERROR] InnoDB: Page [page id: space=0, page number=304] log sequence number 1053304 is in the future! Current system log sequence number 367072.
2026-03-26 10:50:58 0 [ERROR] InnoDB: Your database may be corrupt or you may have copied the InnoDB tablespace but not the InnoDB log files. Please refer to https://mariadb.com/kb/en/library/innodb-recovery-modes/ for information about forcing recovery.
2026-03-26 10:50:58 0 [ERROR] InnoDB: Page [page id: space=0, page number=308] log sequence number 1079621 is in the future! Current system log sequence number 367072.
2026-03-26 10:50:58 0 [ERROR] InnoDB: Your database may be corrupt or you may have copied the InnoDB tablespace but not the InnoDB log files. Please refer to https://mariadb.com/kb/en/library/innodb-recovery-modes/ for information about forcing recovery.
2026-03-26 10:50:58 0 [ERROR] InnoDB: Operating system error number 3 in a file operation.
2026-03-26 10:50:58 0 [ERROR] InnoDB: The error means the system cannot find the path specified.
2026-03-26 10:50:58 0 [ERROR] InnoDB: If you are installing InnoDB, remember that you must create directories yourself, InnoDB does not create them.
2026-03-26 10:50:58 0 [ERROR] InnoDB: Cannot open datafile for read-only: '.\mydb\sathwik.ibd' OS error: 203
2026-03-26 10:50:58 0 [ERROR] InnoDB: Operating system error number 203 in a file operation.
2026-03-26 10:50:58 0 [Note] InnoDB: Some operating system error numbers are described at https://mariadb.com/kb/en/library/operating-system-error-codes/
2026-03-26 10:50:58 0 [ERROR] InnoDB: Could not find a valid tablespace file for ``mydb`.`sathwik``. Please refer to https://mariadb.com/kb/en/innodb-data-dictionary-troubleshooting/ for how to resolve the issue.
2026-03-26 10:50:58 0 [Warning] InnoDB: Ignoring tablespace for `mydb`.`sathwik` because it could not be opened.
2026-03-26 10:50:58 0 [Note] InnoDB: 128 out of 128 rollback segments are active.
2026-03-26 10:50:58 0 [ERROR] InnoDB: Page [page id: space=0, page number=305] log sequence number 1056098 is in the future! Current system log sequence number 367072.
2026-03-26 10:50:58 0 [ERROR] InnoDB: Your database may be corrupt or you may have copied the InnoDB tablespace but not the InnoDB log files. Please refer to https://mariadb.com/kb/en/library/innodb-recovery-modes/ for information about forcing recovery.
2026-03-26 10:50:59 0 [Note] InnoDB: Removed temporary tablespace data file: "ibtmp1"
2026-03-26 10:50:59 0 [Note] InnoDB: Creating shared tablespace for temporary tables
2026-03-26 10:50:59 0 [Note] InnoDB: Setting file 'C:\xampp\mysql\data\ibtmp1' size to 12 MB. Physically writing the file full; Please wait ...
2026-03-26 10:50:59 0 [Note] InnoDB: File 'C:\xampp\mysql\data\ibtmp1' size is now 12 MB.
2026-03-26 10:50:59 0 [Note] InnoDB: Waiting for purge to start
2026-03-26 10:50:59 3 [ERROR] InnoDB: Page [page id: space=0, page number=9] log sequence number 1077020 is in the future! Current system log sequence number 367072.
2026-03-26 10:50:59 3 [ERROR] InnoDB: Your database may be corrupt or you may have copied the InnoDB tablespace but not the InnoDB log files. Please refer to https://mariadb.com/kb/en/library/innodb-recovery-modes/ for information about forcing recovery.
2026-03-26 10:50:59 0 [Note] InnoDB: 10.4.32 started; log sequence number 367063; transaction id 5594
2026-03-26 10:50:59 0 [Note] InnoDB: Loading buffer pool(s) from C:\xampp\mysql\data\ib_buffer_pool
2026-03-26 10:50:59 0 [Note] Plugin 'FEEDBACK' is disabled.
2026-03-26 10:50:59 0 [ERROR] InnoDB: Page [page id: space=0, page number=243] log sequence number 397747 is in the future! Current system log sequence number 367072.
2026-03-26 10:50:59 0 [ERROR] InnoDB: Your database may be corrupt or you may have copied the InnoDB tablespace but not the InnoDB log files. Please refer to https://mariadb.com/kb/en/library/innodb-recovery-modes/ for information about forcing recovery.
2026-03-26 10:50:59 0 [Note] Server socket created on IP: '::'.
2026-03-26 13:20:10 0 [Note] Starting MariaDB 10.4.32-MariaDB source revision c4143f909528e3fab0677a28631d10389354c491 as process 7772
2026-03-26 13:20:10 0 [Note] InnoDB: Mutexes and rw_locks use Windows interlocked functions
2026-03-26 13:20:10 0 [Note] InnoDB: Uses event mutexes
2026-03-26 13:20:10 0 [Note] InnoDB: Compressed tables use zlib 1.3
2026-03-26 13:20:10 0 [Note] InnoDB: Number of pools: 1
2026-03-26 13:20:10 0 [Note] InnoDB: Using SSE2 crc32 instructions
2026-03-26 13:20:10 0 [Note] InnoDB: Initializing buffer pool, total size = 16M, instances = 1, chunk size = 16M
2026-03-26 13:20:10 0 [Note] InnoDB: Completed initialization of buffer pool
2026-03-26 13:20:10 0 [Note] InnoDB: Starting crash recovery from checkpoint LSN=367072
2026-03-26 13:20:10 0 [Warning] InnoDB: Are you sure you are using the right ib_logfiles to start up the database? Log sequence number in the ib_logfiles is 367072, less than the log sequence number in the first system tablespace file header, 1651414.
2026-03-26 13:20:10 0 [Warning] InnoDB: Ignoring a doublewrite copy of page [page id: space=0, page number=292] with future log sequence number 1117093
2026-03-26 13:20:10 0 [Warning] InnoDB: Ignoring a doublewrite copy of page [page id: space=0, page number=427] with future log sequence number 1117093
2026-03-26 13:20:10 0 [Warning] InnoDB: Ignoring a doublewrite copy of page [page id: space=0, page number=291] with future log sequence number 1117049
2026-03-26 13:20:10 0 [Warning] InnoDB: Ignoring a doublewrite copy of page [page id: space=0, page number=426] with future log sequence number 1117049
2026-03-26 13:20:10 0 [Warning] InnoDB: Ignoring a doublewrite copy of page [page id: space=0, page number=408] with future log sequence number 1117049
2026-03-26 13:20:10 0 [Warning] InnoDB: Ignoring a doublewrite copy of page [page id: space=0, page number=290] with future log sequence number 1116942
2026-03-26 13:20:10 0 [Warning] InnoDB: Ignoring a doublewrite copy of page [page id: space=0, page number=425] with future log sequence number 1116942
2026-03-26 13:20:10 0 [Warning] InnoDB: Ignoring a doublewrite copy of page [page id: space=0, page number=289] with future log sequence number 1116898
2026-03-26 13:20:10 0 [Warning] InnoDB: Ignoring a doublewrite copy of page [page id: space=0, page number=424] with future log sequence number 1116898
2026-03-26 13:20:10 0 [Warning] InnoDB: Ignoring a doublewrite copy of page [page id: space=0, page number=288] with future log sequence number 1116854
2026-03-26 13:20:10 0 [Warning] InnoDB: Ignoring a doublewrite copy of page [page id: space=0, page number=423] with future log sequence number 1116854
2026-03-26 13:20:10 0 [Warning] InnoDB: Ignoring a doublewrite copy of page [page id: space=0, page number=287] with future log sequence number 1116810
2026-03-26 13:20:10 0 [Warning] InnoDB: Ignoring a doublewrite copy of page [page id: space=0, page number=422] with future log sequence number 1116810
2026-03-26 13:20:10 0 [Warning] InnoDB: Ignoring a doublewrite copy of page [page id: space=0, page number=286] with future log sequence number 1116766
2026-03-26 13:20:10 0 [Warning] InnoDB: Ignoring a doublewrite copy of page [page id: space=0, page number=421] with future log sequence number 1116766
2026-03-26 13:20:10 0 [Warning] InnoDB: Ignoring a doublewrite copy of page [page id: space=0, page number=285] with future log sequence number 1116722
2026-03-26 13:20:10 0 [Warning] InnoDB: Ignoring a doublewrite copy of page [page id: space=0, page number=420] with future log sequence number 1116722
2026-03-26 13:20:11 0 [Warning] InnoDB: Ignoring a doublewrite copy of page [page id: space=0, page number=284] with future log sequence number 1116662
2026-03-26 13:20:11 0 [Warning] InnoDB: Ignoring a doublewrite copy of page [page id: space=0, page number=419] with future log sequence number 1116662
2026-03-26 13:20:11 0 [Warning] InnoDB: Ignoring a doublewrite copy of page [page id: space=0, page number=300] with future log sequence number 674742
2026-03-26 13:20:11 0 [Warning] InnoDB: Ignoring a doublewrite copy of page [page id: space=0, page number=435] with future log sequence number 674742
2026-03-26 13:20:11 0 [Warning] InnoDB: Ignoring a doublewrite copy of page [page id: space=0, page number=299] with future log sequence number 674698
2026-03-26 13:20:11 0 [Warning] InnoDB: Ignoring a doublewrite copy of page [page id: space=0, page number=434] with future log sequence number 674698
2026-03-26 13:20:11 0 [Warning] InnoDB: Ignoring a doublewrite copy of page [page id: space=0, page number=298] with future log sequence number 674654
2026-03-26 13:20:11 0 [Warning] InnoDB: Ignoring a doublewrite copy of page [page id: space=0, page number=433] with future log sequence number 674654
2026-03-26 13:20:11 0 [Warning] InnoDB: Ignoring a doublewrite copy of page [page id: space=0, page number=297] with future log sequence number 674610
2026-03-26 13:20:11 0 [Warning] InnoDB: Ignoring a doublewrite copy of page [page id: space=0, page number=432] with future log sequence number 674610
2026-03-26 13:20:11 0 [Warning] InnoDB: Ignoring a doublewrite copy of page [page id: space=0, page number=296] with future log sequence number 674503
2026-03-26 13:20:11 0 [Warning] InnoDB: Ignoring a doublewrite copy of page [page id: space=0, page number=431] with future log sequence number 674503
2026-03-26 13:20:11 0 [Warning] InnoDB: Ignoring a doublewrite copy of page [page id: space=0, page number=295] with future log sequence number 674459
2026-03-26 13:20:11 0 [Warning] InnoDB: Ignoring a doublewrite copy of page [page id: space=0, page number=430] with future log sequence number 674459
2026-03-26 13:20:11 0 [Warning] InnoDB: Ignoring a doublewrite copy of page [page id: space=0, page number=294] with future log sequence number 674415
2026-03-26 13:20:11 0 [Warning] InnoDB: Ignoring a doublewrite copy of page [page id: space=0, page number=429] with future log sequence number 674415
2026-03-26 13:20:11 0 [Warning] InnoDB: Ignoring a doublewrite copy of page [page id: space=0, page number=293] with future log sequence number 674371
2026-03-26 13:20:11 0 [Warning] InnoDB: Ignoring a doublewrite copy of page [page id: space=0, page number=222] with future log sequence number 1305314
2026-03-26 13:20:11 0 [Warning] InnoDB: Ignoring a doublewrite copy of page [page id: space=0, page number=359] with future log sequence number 1305314
2026-03-26 13:20:11 0 [Warning] InnoDB: Ignoring a doublewrite copy of page [page id: space=0, page number=221] with future log sequence number 1305043
2026-03-26 13:20:11 0 [Warning] InnoDB: Ignoring a doublewrite copy of page [page id: space=0, page number=358] with future log sequence number 1305043
2026-03-26 13:20:11 0 [Warning] InnoDB: Ignoring a doublewrite copy of page [page id: space=0, page number=220] with future log sequence number 1304788
2026-03-26 13:20:11 0 [Warning] InnoDB: Ignoring a doublewrite copy of page [page id: space=0, page number=402] with future log sequence number 1304788
2026-03-26 13:20:11 0 [Warning] InnoDB: Ignoring a doublewrite copy of page [page id: space=0, page number=215] with future log sequence number 1304383
2026-03-26 13:20:11 0 [Warning] InnoDB: Ignoring a doublewrite copy of page [page id: space=0, page number=315] with future log sequence number 1304383
2026-03-26 13:20:11 0 [Warning] InnoDB: Ignoring a doublewrite copy of page [page id: space=0, page number=214] with future log sequence number 1304339
2026-03-26 13:20:11 0 [Warning] InnoDB: Ignoring a doublewrite copy of page [page id: space=0, page number=326] with future log sequence number 1304339
2026-03-26 13:20:11 0 [Warning] InnoDB: Ignoring a doublewrite copy of page [page id: space=0, page number=213] with future log sequence number 1304295
2026-03-26 13:20:11 0 [Warning] InnoDB: Ignoring a doublewrite copy of page [page id: space=0, page number=350] with future log sequence number 1304295
2026-03-26 13:20:11 0 [Warning] InnoDB: Ignoring a doublewrite copy of page [page id: space=0, page number=212] with future log sequence number 1304251
2026-03-26 13:20:11 0 [Warning] InnoDB: Ignoring a doublewrite copy of page [page id: space=0, page number=349] with future log sequence number 1304251
2026-03-26 13:20:11 0 [Warning] InnoDB: Ignoring a doublewrite copy of page [page id: space=0, page number=211] with future log sequence number 1304207
2026-03-26 13:20:11 0 [Warning] InnoDB: Ignoring a doublewrite copy of page [page id: space=0, page number=325] with future log sequence number 1304207
2026-03-26 13:20:11 0 [ERROR] InnoDB: Page [page id: space=0, page number=7] log sequence number 1078060 is in the future! Current system log sequence number 367090.
2026-03-26 13:20:11 0 [ERROR] InnoDB: Your database may be corrupt or you may have copied the InnoDB tablespace but not the InnoDB log files. Please refer to https://mariadb.com/kb/en/library/innodb-recovery-modes/ for information about forcing recovery.
2026-03-26 13:20:11 0 [ERROR] InnoDB: Page [page id: space=0, page number=2] log sequence number 862100 is in the future! Current system log sequence number 367090.
2026-03-26 13:20:11 0 [ERROR] InnoDB: Your database may be corrupt or you may have copied the InnoDB tablespace but not the InnoDB log files. Please refer to https://mariadb.com/kb/en/library/innodb-recovery-modes/ for information about forcing recovery.
2026-03-26 13:20:11 0 [ERROR] InnoDB: Page [page id: space=0, page number=11] log sequence number 1151164 is in the future! Current system log sequence number 367090.
2026-03-26 13:20:11 0 [ERROR] InnoDB: Your database may be corrupt or you may have copied the InnoDB tablespace but not the InnoDB log files. Please refer to https://mariadb.com/kb/en/library/innodb-recovery-modes/ for information about forcing recovery.
2026-03-26 13:20:11 0 [ERROR] InnoDB: Page [page id: space=0, page number=6] log sequence number 1280363 is in the future! Current system log sequence number 367090.
2026-03-26 13:20:11 0 [ERROR] InnoDB: Your database may be corrupt or you may have copied the InnoDB tablespace but not the InnoDB log files. Please refer to https://mariadb.com/kb/en/library/innodb-recovery-modes/ for information about forcing recovery.
2026-03-26 13:20:11 0 [ERROR] InnoDB: Page [page id: space=0, page number=382] log sequence number 1280363 is in the future! Current system log sequence number 367090.
2026-03-26 13:20:11 0 [ERROR] InnoDB: Your database may be corrupt or you may have copied the InnoDB tablespace but not the InnoDB log files. Please refer to https://mariadb.com/kb/en/library/innodb-recovery-modes/ for information about forcing recovery.
2026-03-26 13:20:11 0 [ERROR] InnoDB: Page [page id: space=0, page number=45] log sequence number 1280402 is in the future! Current system log sequence number 367090.
2026-03-26 13:20:11 0 [ERROR] InnoDB: Your database may be corrupt or you may have copied the InnoDB tablespace but not the InnoDB log files. Please refer to https://mariadb.com/kb/en/library/innodb-recovery-modes/ for information about forcing recovery.
2026-03-26 13:20:11 0 [ERROR] InnoDB: Page [page id: space=0, page number=306] log sequence number 1280402 is in the future! Current system log sequence number 367090.
2026-03-26 13:20:11 0 [ERROR] InnoDB: Your database may be corrupt or you may have copied the InnoDB tablespace but not the InnoDB log files. Please refer to https://mariadb.com/kb/en/library/innodb-recovery-modes/ for information about forcing recovery.
2026-03-26 13:20:11 0 [ERROR] InnoDB: Page [page id: space=0, page number=46] log sequence number 1280441 is in the future! Current system log sequence number 367090.
2026-03-26 13:20:11 0 [ERROR] InnoDB: Your database may be corrupt or you may have copied the InnoDB tablespace but not the InnoDB log files. Please refer to https://mariadb.com/kb/en/library/innodb-recovery-modes/ for information about forcing recovery.
2026-03-26 13:20:11 0 [ERROR] InnoDB: Page [page id: space=0, page number=340] log sequence number 1280441 is in the future! Current system log sequence number 367090.
2026-03-26 13:20:11 0 [ERROR] InnoDB: Your database may be corrupt or you may have copied the InnoDB tablespace but not the InnoDB log files. Please refer to https://mariadb.com/kb/en/library/innodb-recovery-modes/ for information about forcing recovery.
2026-03-26 13:20:11 0 [ERROR] InnoDB: Page [page id: space=0, page number=47] log sequence number 1280480 is in the future! Current system log sequence number 367090.
2026-03-26 13:20:11 0 [ERROR] InnoDB: Your database may be corrupt or you may have copied the InnoDB tablespace but not the InnoDB log files. Please refer to https://mariadb.com/kb/en/library/innodb-recovery-modes/ for information about forcing recovery.
2026-03-26 13:20:11 0 [ERROR] InnoDB: Page [page id: space=0, page number=311] log sequence number 1280480 is in the future! Current system log sequence number 367090.
2026-03-26 13:20:11 0 [ERROR] InnoDB: Your database may be corrupt or you may have copied the InnoDB tablespace but not the InnoDB log files. Please refer to https://mariadb.com/kb/en/library/innodb-recovery-modes/ for information about forcing recovery.
2026-03-26 13:20:11 0 [ERROR] InnoDB: Page [page id: space=0, page number=48] log sequence number 1280535 is in the future! Current system log sequence number 367090.
2026-03-26 13:20:11 0 [ERROR] InnoDB: Your database may be corrupt or you may have copied the InnoDB tablespace but not the InnoDB log files. Please refer to https://mariadb.com/kb/en/library/innodb-recovery-modes/ for information about forcing recovery.
2026-03-26 13:20:11 0 [ERROR] InnoDB: Page [page id: space=0, page number=312] log sequence number 1280535 is in the future! Current system log sequence number 367090.
2026-03-26 13:20:11 0 [ERROR] InnoDB: Your database may be corrupt or you may have copied the InnoDB tablespace but not the InnoDB log files. Please refer to https://mariadb.com/kb/en/library/innodb-recovery-modes/ for information about forcing recovery.
2026-03-26 13:20:11 0 [ERROR] InnoDB: Page [page id: space=0, page number=49] log sequence number 1280574 is in the future! Current system log sequence number 367090.
2026-03-26 13:20:11 0 [ERROR] InnoDB: Your database may be corrupt or you may have copied the InnoDB tablespace but not the InnoDB log files. Please refer to https://mariadb.com/kb/en/library/innodb-recovery-modes/ for information about forcing recovery.
2026-03-26 13:20:11 0 [ERROR] InnoDB: Page [page id: space=0, page number=313] log sequence number 1280574 is in the future! Current system log sequence number 367090.
2026-03-26 13:20:11 0 [ERROR] InnoDB: Your database may be corrupt or you may have copied the InnoDB tablespace but not the InnoDB log files. Please refer to https://mariadb.com/kb/en/library/innodb-recovery-modes/ for information about forcing recovery.
2026-03-26 13:20:11 0 [ERROR] InnoDB: Page [page id: space=0, page number=50] log sequence number 1280613 is in the future! Current system log sequence number 367090.
2026-03-26 13:20:11 0 [ERROR] InnoDB: Your database may be corrupt or you may have copied the InnoDB tablespace but not the InnoDB log files. Please refer to https://mariadb.com/kb/en/library/innodb-recovery-modes/ for information about forcing recovery.
2026-03-26 13:20:11 0 [ERROR] InnoDB: Page [page id: space=0, page number=314] log sequence number 1280613 is in the future! Current system log sequence number 367090.
2026-03-26 13:20:11 0 [ERROR] InnoDB: Your database may be corrupt or you may have copied the InnoDB tablespace but not the InnoDB log files. Please refer to https://mariadb.com/kb/en/library/innodb-recovery-modes/ for information about forcing recovery.
2026-03-26 13:20:11 0 [ERROR] InnoDB: Page [page id: space=0, page number=51] log sequence number 1280652 is in the future! Current system log sequence number 367090.
2026-03-26 13:20:11 0 [ERROR] InnoDB: Your database may be corrupt or you may have copied the InnoDB tablespace but not the InnoDB log files. Please refer to https://mariadb.com/kb/en/library/innodb-recovery-modes/ for information about forcing recovery.
2026-03-26 13:20:11 0 [ERROR] InnoDB: Page [page id: space=0, page number=348] log sequence number 1280652 is in the future! Current system log sequence number 367090.
2026-03-26 13:20:11 0 [ERROR] InnoDB: Your database may be corrupt or you may have copied the InnoDB tablespace but not the InnoDB log files. Please refer to https://mariadb.com/kb/en/library/innodb-recovery-modes/ for information about forcing recovery.
2026-03-26 13:20:11 0 [ERROR] InnoDB: Page [page id: space=0, page number=52] log sequence number 1280691 is in the future! Current system log sequence number 367090.
2026-03-26 13:20:11 0 [ERROR] InnoDB: Your database may be corrupt or you may have copied the InnoDB tablespace but not the InnoDB log files. Please refer to https://mariadb.com/kb/en/library/innodb-recovery-modes/ for information about forcing recovery.
2026-03-26 13:20:11 0 [ERROR] InnoDB: Page [page id: space=0, page number=316] log sequence number 1280691 is in the future! Current system log sequence number 367090.
2026-03-26 13:20:11 0 [ERROR] InnoDB: Your database may be corrupt or you may have copied the InnoDB tablespace but not the InnoDB log files. Please refer to https://mariadb.com/kb/en/library/innodb-recovery-modes/ for information about forcing recovery.
2026-03-26 13:20:11 0 [ERROR] InnoDB: Page [page id: space=0, page number=53] log sequence number 1280730 is in the future! Current system log sequence number 367090.
2026-03-26 13:20:11 0 [ERROR] InnoDB: Your database may be corrupt or you may have copied the InnoDB tablespace but not the InnoDB log files. Please refer to https://mariadb.com/kb/en/library/innodb-recovery-modes/ for information about forcing recovery.
2026-03-26 13:20:11 0 [ERROR] InnoDB: Page [page id: space=0, page number=426] log sequence number 1280730 is in the future! Current system log sequence number 367090.
2026-03-26 13:20:11 0 [ERROR] InnoDB: Your database may be corrupt or you may have copied the InnoDB tablespace but not the InnoDB log files. Please refer to https://mariadb.com/kb/en/library/innodb-recovery-modes/ for information about forcing recovery.
2026-03-26 13:20:11 0 [ERROR] InnoDB: Page [page id: space=0, page number=54] log sequence number 1302432 is in the future! Current system log sequence number 367090.
2026-03-26 13:20:11 0 [ERROR] InnoDB: Your database may be corrupt or you may have copied the InnoDB tablespace but not the InnoDB log files. Please refer to https://mariadb.com/kb/en/library/innodb-recovery-modes/ for information about forcing recovery.
2026-03-26 13:20:11 0 [ERROR] InnoDB: Page [page id: space=0, page number=318] log sequence number 1302432 is in the future! Current system log sequence number 367090.
2026-03-26 13:20:11 0 [ERROR] InnoDB: Your database may be corrupt or you may have copied the InnoDB tablespace but not the InnoDB log files. Please refer to https://mariadb.com/kb/en/library/innodb-recovery-modes/ for information about forcing recovery.
2026-03-26 13:20:11 0 [ERROR] InnoDB: Page [page id: space=0, page number=55] log sequence number 1302471 is in the future! Current system log sequence number 367090.
2026-03-26 13:20:11 0 [ERROR] InnoDB: Your database may be corrupt or you may have copied the InnoDB tablespace but not the InnoDB log files. Please refer to https://mariadb.com/kb/en/library/innodb-recovery-modes/ for information about forcing recovery.
2026-03-26 13:20:11 0 [ERROR] InnoDB: Page [page id: space=0, page number=365] log sequence number 1302471 is in the future! Current system log sequence number 367090.
2026-03-26 13:20:11 0 [ERROR] InnoDB: Your database may be corrupt or you may have copied the InnoDB tablespace but not the InnoDB log files. Please refer to https://mariadb.com/kb/en/library/innodb-recovery-modes/ for information about forcing recovery.
2026-03-26 13:20:11 0 [ERROR] InnoDB: Page [page id: space=0, page number=56] log sequence number 1302510 is in the future! Current system log sequence number 367090.
2026-03-26 13:20:11 0 [ERROR] InnoDB: Your database may be corrupt or you may have copied the InnoDB tablespace but not the InnoDB log files. Please refer to https://mariadb.com/kb/en/library/innodb-recovery-modes/ for information about forcing recovery.
2026-03-26 13:20:11 0 [ERROR] InnoDB: Page [page id: space=0, page number=320] log sequence number 1302510 is in the future! Current system log sequence number 367090.
2026-03-26 13:20:11 0 [ERROR] InnoDB: Your database may be corrupt or you may have copied the InnoDB tablespace but not the InnoDB log files. Please refer to https://mariadb.com/kb/en/library/innodb-recovery-modes/ for information about forcing recovery.
2026-03-26 13:20:11 0 [ERROR] InnoDB: Page [page id: space=0, page number=57] log sequence number 1302565 is in the future! Current system log sequence number 367090.
2026-03-26 13:20:11 0 [ERROR] InnoDB: Your database may be corrupt or you may have copied the InnoDB tablespace but not the InnoDB log files. Please refer to https://mariadb.com/kb/en/library/innodb-recovery-modes/ for information about forcing recovery.
2026-03-26 13:20:11 0 [ERROR] InnoDB: Page [page id: space=0, page number=344] log sequence number 1302565 is in the future! Current system log sequence number 367090.
2026-03-26 13:20:11 0 [ERROR] InnoDB: Your database may be corrupt or you may have copied the InnoDB tablespace but not the InnoDB log files. Please refer to https://mariadb.com/kb/en/library/innodb-recovery-modes/ for information about forcing recovery.
2026-03-26 13:20:11 0 [ERROR] InnoDB: Page [page id: space=0, page number=58] log sequence number 1302682 is in the future! Current system log sequence number 367090.
2026-03-26 13:20:11 0 [ERROR] InnoDB: Your database may be corrupt or you may have copied the InnoDB tablespace but not the InnoDB log files. Please refer to https://mariadb.com/kb/en/library/innodb-recovery-modes/ for information about forcing recovery.
2026-03-26 13:20:11 0 [ERROR] InnoDB: Page [page id: space=0, page number=301] log sequence number 1302682 is in the future! Current system log sequence number 367090.
2026-03-26 13:20:11 0 [ERROR] InnoDB: Your database may be corrupt or you may have copied the InnoDB tablespace but not the InnoDB log files. Please refer to https://mariadb.com/kb/en/library/innodb-recovery-modes/ for information about forcing recovery.
2026-03-26 13:20:11 0 [ERROR] InnoDB: Page [page id: space=0, page number=59] log sequence number 1302799 is in the future! Current system log sequence number 367090.
2026-03-26 13:20:11 0 [ERROR] InnoDB: Your database may be corrupt or you may have copied the InnoDB tablespace but not the InnoDB log files. Please refer to https://mariadb.com/kb/en/library/innodb-recovery-modes/ for information about forcing recovery.
2026-03-26 13:20:11 0 [ERROR] InnoDB: Page [page id: space=0, page number=324] log sequence number 1302799 is in the future! Current system log sequence number 367090.
2026-03-26 13:20:11 0 [ERROR] InnoDB: Your database may be corrupt or you may have copied the InnoDB tablespace but not the InnoDB log files. Please refer to https://mariadb.com/kb/en/library/innodb-recovery-modes/ for information about forcing recovery.
2026-03-26 13:20:11 0 [ERROR] InnoDB: Page [page id: space=0, page number=60] log sequence number 1302877 is in the future! Current system log sequence number 367090.
2026-03-26 13:20:11 0 [ERROR] InnoDB: Your database may be corrupt or you may have copied the InnoDB tablespace but not the InnoDB log files. Please refer to https://mariadb.com/kb/en/library/innodb-recovery-modes/ for information about forcing recovery.
2026-03-26 13:20:11 0 [ERROR] InnoDB: Page [page id: space=0, page number=442] log sequence number 1302877 is in the future! Current system log sequence number 367090.
2026-03-26 13:20:11 0 [ERROR] InnoDB: Your database may be corrupt or you may have copied the InnoDB tablespace but not the InnoDB log files. Please refer to https://mariadb.com/kb/en/library/innodb-recovery-modes/ for information about forcing recovery.
2026-03-26 13:20:11 0 [ERROR] InnoDB: Page [page id: space=0, page number=62] log sequence number 1303033 is in the future! Current system log sequence number 367090.
2026-03-26 13:20:11 0 [ERROR] InnoDB: Your database may be corrupt or you may have copied the InnoDB tablespace but not the InnoDB log files. Please refer to https://mariadb.com/kb/en/library/innodb-recovery-modes/ for information about forcing recovery.
2026-03-26 13:20:11 0 [ERROR] InnoDB: Page [page id: space=0, page number=446] log sequence number 1303033 is in the future! Current system log sequence number 367090.
2026-03-26 13:20:11 0 [ERROR] InnoDB: Your database may be corrupt or you may have copied the InnoDB tablespace but not the InnoDB log files. Please refer to https://mariadb.com/kb/en/library/innodb-recovery-modes/ for information about forcing recovery.
2026-03-26 13:20:11 0 [ERROR] InnoDB: Page [page id: space=0, page number=63] log sequence number 1303127 is in the future! Current system log sequence number 367090.
2026-03-26 13:20:11 0 [ERROR] InnoDB: Your database may be corrupt or you may have copied the InnoDB tablespace but not the InnoDB log files. Please refer to https://mariadb.com/kb/en/library/innodb-recovery-modes/ for information about forcing recovery.
2026-03-26 13:20:11 0 [ERROR] InnoDB: Page [page id: space=0, page number=351] log sequence number 1303127 is in the future! Current system log sequence number 367090.
2026-03-26 13:20:11 0 [ERROR] InnoDB: Your database may be corrupt or you may have copied the InnoDB tablespace but not the InnoDB log files. Please refer to https://mariadb.com/kb/en/library/innodb-recovery-modes/ for information about forcing recovery.
2026-03-26 13:20:11 0 [ERROR] InnoDB: Page [page id: space=0, page number=192] log sequence number 1303213 is in the future! Current system log sequence number 367090.
2026-03-26 13:20:11 0 [ERROR] InnoDB: Your database may be corrupt or you may have copied the InnoDB tablespace but not the InnoDB log files. Please refer to https://mariadb.com/kb/en/library/innodb-recovery-modes/ for information about forcing recovery.
2026-03-26 13:20:11 0 [ERROR] InnoDB: Page [page id: space=0, page number=327] log sequence number 1303213 is in the future! Current system log sequence number 367090.
2026-03-26 13:20:11 0 [ERROR] InnoDB: Your database may be corrupt or you may have copied the InnoDB tablespace but not the InnoDB log files. Please refer to https://mariadb.com/kb/en/library/innodb-recovery-modes/ for information about forcing recovery.
2026-03-26 13:20:11 0 [ERROR] InnoDB: Page [page id: space=0, page number=194] log sequence number 1303385 is in the future! Current system log sequence number 367090.
2026-03-26 13:20:11 0 [ERROR] InnoDB: Your database may be corrupt or you may have copied the InnoDB tablespace but not the InnoDB log files. Please refer to https://mariadb.com/kb/en/library/innodb-recovery-modes/ for information about forcing recovery.
2026-03-26 13:20:11 0 [ERROR] InnoDB: Page [page id: space=0, page number=329] log sequence number 1303385 is in the future! Current system log sequence number 367090.
2026-03-26 13:20:11 0 [ERROR] InnoDB: Your database may be corrupt or you may have copied the InnoDB tablespace but not the InnoDB log files. Please refer to https://mariadb.com/kb/en/library/innodb-recovery-modes/ for information about forcing recovery.
2026-03-26 13:20:11 0 [ERROR] InnoDB: Page [page id: space=0, page number=197] log sequence number 1303575 is in the future! Current system log sequence number 367090.
2026-03-26 13:20:11 0 [ERROR] InnoDB: Your database may be corrupt or you may have copied the InnoDB tablespace but not the InnoDB log files. Please refer to https://mariadb.com/kb/en/library/innodb-recovery-modes/ for information about forcing recovery.
2026-03-26 13:20:11 0 [ERROR] InnoDB: Page [page id: space=0, page number=394] log sequence number 1303575 is in the future! Current system log sequence number 367090.
2026-03-26 13:20:11 0 [ERROR] InnoDB: Your database may be corrupt or you may have copied the InnoDB tablespace but not the InnoDB log files. Please refer to https://mariadb.com/kb/en/library/innodb-recovery-modes/ for information about forcing recovery.
2026-03-26 13:20:11 0 [ERROR] InnoDB: Page [page id: space=0, page number=200] log sequence number 1303707 is in the future! Current system log sequence number 367090.
2026-03-26 13:20:11 0 [ERROR] InnoDB: Your database may be corrupt or you may have copied the InnoDB tablespace but not the InnoDB log files. Please refer to https://mariadb.com/kb/en/library/innodb-recovery-modes/ for information about forcing recovery.
2026-03-26 13:20:11 0 [ERROR] InnoDB: Page [page id: space=0, page number=321] log sequence number 1303707 is in the future! Current system log sequence number 367090.
2026-03-26 13:20:11 0 [ERROR] InnoDB: Your database may be corrupt or you may have copied the InnoDB tablespace but not the InnoDB log files. Please refer to https://mariadb.com/kb/en/library/innodb-recovery-modes/ for information about forcing recovery.
2026-03-26 13:20:11 0 [ERROR] InnoDB: Page [page id: space=0, page number=203] log sequence number 1303839 is in the future! Current system log sequence number 367090.
2026-03-26 13:20:11 0 [ERROR] InnoDB: Your database may be corrupt or you may have copied the InnoDB tablespace but not the InnoDB log files. Please refer to https://mariadb.com/kb/en/library/innodb-recovery-modes/ for information about forcing recovery.
2026-03-26 13:20:11 0 [ERROR] InnoDB: Page [page id: space=0, page number=438] log sequence number 1303839 is in the future! Current system log sequence number 367090.
2026-03-26 13:20:11 0 [ERROR] InnoDB: Your database may be corrupt or you may have copied the InnoDB tablespace but not the InnoDB log files. Please refer to https://mariadb.com/kb/en/library/innodb-recovery-modes/ for information about forcing recovery.
2026-03-26 13:20:11 0 [ERROR] InnoDB: Page [page id: space=0, page number=206] log sequence number 1303971 is in the future! Current system log sequence number 367090.
2026-03-26 13:20:11 0 [ERROR] InnoDB: Your database may be corrupt or you may have copied the InnoDB tablespace but not the InnoDB log files. Please refer to https://mariadb.com/kb/en/library/innodb-recovery-modes/ for information about forcing recovery.
2026-03-26 13:20:11 0 [ERROR] InnoDB: Page [page id: space=0, page number=343] log sequence number 1303971 is in the future! Current system log sequence number 367090.
2026-03-26 13:20:11 0 [ERROR] InnoDB: Your database may be corrupt or you may have copied the InnoDB tablespace but not the InnoDB log files. Please refer to https://mariadb.com/kb/en/library/innodb-recovery-modes/ for information about forcing recovery.
2026-03-26 13:20:11 0 [ERROR] InnoDB: Page [page id: space=0, page number=209] log sequence number 1304119 is in the future! Current system log sequence number 367090.
2026-03-26 13:20:11 0 [ERROR] InnoDB: Your database may be corrupt or you may have copied the InnoDB tablespace but not the InnoDB log files. Please refer to https://mariadb.com/kb/en/library/innodb-recovery-modes/ for information about forcing recovery.
2026-03-26 13:20:11 0 [ERROR] InnoDB: Page [page id: space=0, page number=336] log sequence number 1304119 is in the future! Current system log sequence number 367090.
2026-03-26 13:20:11 0 [ERROR] InnoDB: Your database may be corrupt or you may have copied the InnoDB tablespace but not the InnoDB log files. Please refer to https://mariadb.com/kb/en/library/innodb-recovery-modes/ for information about forcing recovery.
2026-03-26 13:20:11 0 [ERROR] InnoDB: Page [page id: space=0, page number=212] log sequence number 1304251 is in the future! Current system log sequence number 367090.
2026-03-26 13:20:11 0 [ERROR] InnoDB: Your database may be corrupt or you may have copied the InnoDB tablespace but not the InnoDB log files. Please refer to https://mariadb.com/kb/en/library/innodb-recovery-modes/ for information about forcing recovery.
2026-03-26 13:20:11 0 [ERROR] InnoDB: Page [page id: space=0, page number=349] log sequence number 1304251 is in the future! Current system log sequence number 367090.
2026-03-26 13:20:11 0 [ERROR] InnoDB: Your database may be corrupt or you may have copied the InnoDB tablespace but not the InnoDB log files. Please refer to https://mariadb.com/kb/en/library/innodb-recovery-modes/ for information about forcing recovery.
2026-03-26 13:20:11 0 [ERROR] InnoDB: Page [page id: space=0, page number=215] log sequence number 1304383 is in the future! Current system log sequence number 367090.
2026-03-26 13:20:11 0 [ERROR] InnoDB: Your database may be corrupt or you may have copied the InnoDB tablespace but not the InnoDB log files. Please refer to https://mariadb.com/kb/en/library/innodb-recovery-modes/ for information about forcing recovery.
2026-03-26 13:20:11 0 [ERROR] InnoDB: Page [page id: space=0, page number=315] log sequence number 1304383 is in the future! Current system log sequence number 367090.
2026-03-26 13:20:11 0 [ERROR] InnoDB: Your database may be corrupt or you may have copied the InnoDB tablespace but not the InnoDB log files. Please refer to https://mariadb.com/kb/en/library/innodb-recovery-modes/ for information about forcing recovery.
2026-03-26 13:20:11 0 [ERROR] InnoDB: Page [page id: space=0, page number=218] log sequence number 1304515 is in the future! Current system log sequence number 367090.
2026-03-26 13:20:11 0 [ERROR] InnoDB: Your database may be corrupt or you may have copied the InnoDB tablespace but not the InnoDB log files. Please refer to https://mariadb.com/kb/en/library/innodb-recovery-modes/ for information about forcing recovery.
2026-03-26 13:20:11 0 [ERROR] InnoDB: Page [page id: space=0, page number=384] log sequence number 1304515 is in the future! Current system log sequence number 367090.
2026-03-26 13:20:11 0 [ERROR] InnoDB: Your database may be corrupt or you may have copied the InnoDB tablespace but not the InnoDB log files. Please refer to https://mariadb.com/kb/en/library/innodb-recovery-modes/ for information about forcing recovery.
2026-03-26 13:20:11 0 [ERROR] InnoDB: Page [page id: space=0, page number=221] log sequence number 1314148 is in the future! Current system log sequence number 367090.
2026-03-26 13:20:11 0 [ERROR] InnoDB: Your database may be corrupt or you may have copied the InnoDB tablespace but not the InnoDB log files. Please refer to https://mariadb.com/kb/en/library/innodb-recovery-modes/ for information about forcing recovery.
2026-03-26 13:20:11 0 [ERROR] InnoDB: Page [page id: space=0, page number=358] log sequence number 1314148 is in the future! Current system log sequence number 367090.
2026-03-26 13:20:11 0 [ERROR] InnoDB: Your database may be corrupt or you may have copied the InnoDB tablespace but not the InnoDB log files. Please refer to https://mariadb.com/kb/en/library/innodb-recovery-modes/ for information about forcing recovery.
2026-03-26 13:20:11 0 [ERROR] InnoDB: Page [page id: space=0, page number=224] log sequence number 1314280 is in the future! Current system log sequence number 367090.
2026-03-26 13:20:11 0 [ERROR] InnoDB: Your database may be corrupt or you may have copied the InnoDB tablespace but not the InnoDB log files. Please refer to https://mariadb.com/kb/en/library/innodb-recovery-modes/ for information about forcing recovery.
2026-03-26 13:20:11 0 [ERROR] InnoDB: Page [page id: space=0, page number=357] log sequence number 1314280 is in the future! Current system log sequence number 367090.
2026-03-26 13:20:11 0 [ERROR] InnoDB: Your database may be corrupt or you may have copied the InnoDB tablespace but not the InnoDB log files. Please refer to https://mariadb.com/kb/en/library/innodb-recovery-modes/ for information about forcing recovery.
2026-03-26 13:20:11 0 [ERROR] InnoDB: Page [page id: space=0, page number=227] log sequence number 1314428 is in the future! Current system log sequence number 367090.
2026-03-26 13:20:11 0 [ERROR] InnoDB: Your database may be corrupt or you may have copied the InnoDB tablespace but not the InnoDB log files. Please refer to https://mariadb.com/kb/en/library/innodb-recovery-modes/ for information about forcing recovery.
2026-03-26 13:20:11 0 [ERROR] InnoDB: Page [page id: space=0, page number=339] log sequence number 1314428 is in the future! Current system log sequence number 367090.
2026-03-26 13:20:11 0 [ERROR] InnoDB: Your database may be corrupt or you may have copied the InnoDB tablespace but not the InnoDB log files. Please refer to https://mariadb.com/kb/en/library/innodb-recovery-modes/ for information about forcing recovery.
2026-03-26 13:20:11 0 [ERROR] InnoDB: Page [page id: space=0, page number=230] log sequence number 1314560 is in the future! Current system log sequence number 367090.
2026-03-26 13:20:11 0 [ERROR] InnoDB: Your database may be corrupt or you may have copied the InnoDB tablespace but not the InnoDB log files. Please refer to https://mariadb.com/kb/en/library/innodb-recovery-modes/ for information about forcing recovery.
2026-03-26 13:20:11 0 [ERROR] InnoDB: Page [page id: space=0, page number=367] log sequence number 1314560 is in the future! Current system log sequence number 367090.
2026-03-26 13:20:11 0 [ERROR] InnoDB: Your database may be corrupt or you may have copied the InnoDB tablespace but not the InnoDB log files. Please refer to https://mariadb.com/kb/en/library/innodb-recovery-modes/ for information about forcing recovery.
2026-03-26 13:20:11 0 [ERROR] InnoDB: Page [page id: space=0, page number=233] log sequence number 1314692 is in the future! Current system log sequence number 367090.
2026-03-26 13:20:11 0 [ERROR] InnoDB: Your database may be corrupt or you may have copied the InnoDB tablespace but not the InnoDB log files. Please refer to https://mariadb.com/kb/en/library/innodb-recovery-modes/ for information about forcing recovery.
2026-03-26 13:20:11 0 [ERROR] InnoDB: Page [page id: space=0, page number=374] log sequence number 1314692 is in the future! Current system log sequence number 367090.
2026-03-26 13:20:11 0 [ERROR] InnoDB: Your database may be corrupt or you may have copied the InnoDB tablespace but not the InnoDB log files. Please refer to https://mariadb.com/kb/en/library/innodb-recovery-modes/ for information about forcing recovery.
2026-03-26 13:20:11 0 [ERROR] InnoDB: Page [page id: space=0, page number=236] log sequence number 1314840 is in the future! Current system log sequence number 367090.
2026-03-26 13:20:11 0 [ERROR] InnoDB: Your database may be corrupt or you may have copied the InnoDB tablespace but not the InnoDB log files. Please refer to https://mariadb.com/kb/en/library/innodb-recovery-modes/ for information about forcing recovery.
2026-03-26 13:20:11 0 [ERROR] InnoDB: Page [page id: space=0, page number=389] log sequence number 1314840 is in the future! Current system log sequence number 367090.
2026-03-26 13:20:11 0 [ERROR] InnoDB: Your database may be corrupt or you may have copied the InnoDB tablespace but not the InnoDB log files. Please refer to https://mariadb.com/kb/en/library/innodb-recovery-modes/ for information about forcing recovery.
2026-03-26 13:20:11 0 [ERROR] InnoDB: Page [page id: space=0, page number=240] log sequence number 1203873 is in the future! Current system log sequence number 367090.
2026-03-26 13:20:11 0 [ERROR] InnoDB: Your database may be corrupt or you may have copied the InnoDB tablespace but not the InnoDB log files. Please refer to https://mariadb.com/kb/en/library/innodb-recovery-modes/ for information about forcing recovery.
2026-03-26 13:20:11 0 [ERROR] InnoDB: Page [page id: space=0, page number=241] log sequence number 1226073 is in the future! Current system log sequence number 367090.
2026-03-26 13:20:11 0 [ERROR] InnoDB: Your database may be corrupt or you may have copied the InnoDB tablespace but not the InnoDB log files. Please refer to https://mariadb.com/kb/en/library/innodb-recovery-modes/ for information about forcing recovery.
2026-03-26 13:20:11 0 [ERROR] InnoDB: Page [page id: space=0, page number=377] log sequence number 1226073 is in the future! Current system log sequence number 367090.
2026-03-26 13:20:11 0 [ERROR] InnoDB: Your database may be corrupt or you may have copied the InnoDB tablespace but not the InnoDB log files. Please refer to https://mariadb.com/kb/en/library/innodb-recovery-modes/ for information about forcing recovery.
2026-03-26 13:20:11 0 [ERROR] InnoDB: Page [page id: space=0, page number=242] log sequence number 1314990 is in the future! Current system log sequence number 367090.
2026-03-26 13:20:11 0 [ERROR] InnoDB: Your database may be corrupt or you may have copied the InnoDB tablespace but not the InnoDB log files. Please refer to https://mariadb.com/kb/en/library/innodb-recovery-modes/ for information about forcing recovery.
2026-03-26 13:20:11 0 [ERROR] InnoDB: Page [page id: space=0, page number=392] log sequence number 1314990 is in the future! Current system log sequence number 367090.
2026-03-26 13:20:11 0 [ERROR] InnoDB: Your database may be corrupt or you may have copied the InnoDB tablespace but not the InnoDB log files. Please refer to https://mariadb.com/kb/en/library/innodb-recovery-modes/ for information about forcing recovery.
2026-03-26 13:20:11 0 [ERROR] InnoDB: Page [page id: space=0, page number=244] log sequence number 1315034 is in the future! Current system log sequence number 367090.
2026-03-26 13:20:11 0 [ERROR] InnoDB: Your database may be corrupt or you may have copied the InnoDB tablespace but not the InnoDB log files. Please refer to https://mariadb.com/kb/en/library/innodb-recovery-modes/ for information about forcing recovery.
2026-03-26 13:20:11 0 [ERROR] InnoDB: Page [page id: space=0, page number=378] log sequence number 1315034 is in the future! Current system log sequence number 367090.
2026-03-26 13:20:11 0 [ERROR] InnoDB: Your database may be corrupt or you may have copied the InnoDB tablespace but not the InnoDB log files. Please refer to https://mariadb.com/kb/en/library/innodb-recovery-modes/ for information about forcing recovery.
2026-03-26 13:20:11 0 [ERROR] InnoDB: Page [page id: space=0, page number=245] log sequence number 1317328 is in the future! Current system log sequence number 367090.
2026-03-26 13:20:11 0 [ERROR] InnoDB: Your database may be corrupt or you may have copied the InnoDB tablespace but not the InnoDB log files. Please refer to https://mariadb.com/kb/en/library/innodb-recovery-modes/ for information about forcing recovery.
2026-03-26 13:20:11 0 [ERROR] InnoDB: Page [page id: space=0, page number=379] log sequence number 1317328 is in the future! Current system log sequence number 367090.
2026-03-26 13:20:11 0 [ERROR] InnoDB: Your database may be corrupt or you may have copied the InnoDB tablespace but not the InnoDB log files. Please refer to https://mariadb.com/kb/en/library/innodb-recovery-modes/ for information about forcing recovery.
2026-03-26 13:20:11 0 [ERROR] InnoDB: Page [page id: space=0, page number=246] log sequence number 1317388 is in the future! Current system log sequence number 367090.
2026-03-26 13:20:11 0 [ERROR] InnoDB: Your database may be corrupt or you may have copied the InnoDB tablespace but not the InnoDB log files. Please refer to https://mariadb.com/kb/en/library/innodb-recovery-modes/ for information about forcing recovery.
2026-03-26 13:20:11 0 [ERROR] InnoDB: Page [page id: space=0, page number=444] log sequence number 1317388 is in the future! Current system log sequence number 367090.
2026-03-26 13:20:11 0 [ERROR] InnoDB: Your database may be corrupt or you may have copied the InnoDB tablespace but not the InnoDB log files. Please refer to https://mariadb.com/kb/en/library/innodb-recovery-modes/ for information about forcing recovery.
2026-03-26 13:20:11 0 [ERROR] InnoDB: Page [page id: space=0, page number=247] log sequence number 1317432 is in the future! Current system log sequence number 367090.
2026-03-26 13:20:11 0 [ERROR] InnoDB: Your database may be corrupt or you may have copied the InnoDB tablespace but not the InnoDB log files. Please refer to https://mariadb.com/kb/en/library/innodb-recovery-modes/ for information about forcing recovery.
2026-03-26 13:20:11 0 [ERROR] InnoDB: Page [page id: space=0, page number=393] log sequence number 1317432 is in the future! Current system log sequence number 367090.
2026-03-26 13:20:11 0 [ERROR] InnoDB: Your database may be corrupt or you may have copied the InnoDB tablespace but not the InnoDB log files. Please refer to https://mariadb.com/kb/en/library/innodb-recovery-modes/ for information about forcing recovery.
2026-03-26 13:20:11 0 [ERROR] InnoDB: Page [page id: space=0, page number=248] log sequence number 1317476 is in the future! Current system log sequence number 367090.
2026-03-26 13:20:11 0 [ERROR] InnoDB: Your database may be corrupt or you may have copied the InnoDB tablespace but not the InnoDB log files. Please refer to https://mariadb.com/kb/en/library/innodb-recovery-modes/ for information about forcing recovery.
2026-03-26 13:20:11 0 [ERROR] InnoDB: Page [page id: space=0, page number=381] log sequence number 1317476 is in the future! Current system log sequence number 367090.
2026-03-26 13:20:11 0 [ERROR] InnoDB: Your database may be corrupt or you may have copied the InnoDB tablespace but not the InnoDB log files. Please refer to https://mariadb.com/kb/en/library/innodb-recovery-modes/ for information about forcing recovery.
2026-03-26 13:20:11 0 [ERROR] InnoDB: Page [page id: space=0, page number=249] log sequence number 1317520 is in the future! Current system log sequence number 367090.
2026-03-26 13:20:11 0 [ERROR] InnoDB: Your database may be corrupt or you may have copied the InnoDB tablespace but not the InnoDB log files. Please refer to https://mariadb.com/kb/en/library/innodb-recovery-modes/ for information about forcing recovery.
2026-03-26 13:20:11 0 [ERROR] InnoDB: Page [page id: space=0, page number=370] log sequence number 1317520 is in the future! Current system log sequence number 367090.
2026-03-26 13:20:11 0 [ERROR] InnoDB: Your database may be corrupt or you may have copied the InnoDB tablespace but not the InnoDB log files. Please refer to https://mariadb.com/kb/en/library/innodb-recovery-modes/ for information about forcing recovery.
2026-03-26 13:20:11 0 [ERROR] InnoDB: Page [page id: space=0, page number=250] log sequence number 1317564 is in the future! Current system log sequence number 367090.
2026-03-26 13:20:11 0 [ERROR] InnoDB: Your database may be corrupt or you may have copied the InnoDB tablespace but not the InnoDB log files. Please refer to https://mariadb.com/kb/en/library/innodb-recovery-modes/ for information about forcing recovery.
2026-03-26 13:20:11 0 [ERROR] InnoDB: Page [page id: space=0, page number=371] log sequence number 1317564 is in the future! Current system log sequence number 367090.
2026-03-26 13:20:11 0 [ERROR] InnoDB: Your database may be corrupt or you may have copied the InnoDB tablespace but not the InnoDB log files. Please refer to https://mariadb.com/kb/en/library/innodb-recovery-modes/ for information about forcing recovery.
2026-03-26 13:20:11 0 [ERROR] InnoDB: Page [page id: space=0, page number=251] log sequence number 1317608 is in the future! Current system log sequence number 367090.
2026-03-26 13:20:11 0 [ERROR] InnoDB: Your database may be corrupt or you may have copied the InnoDB tablespace but not the InnoDB log files. Please refer to https://mariadb.com/kb/en/library/innodb-recovery-modes/ for information about forcing recovery.
2026-03-26 13:20:11 0 [ERROR] InnoDB: Page [page id: space=0, page number=361] log sequence number 1317608 is in the future! Current system log sequence number 367090.
2026-03-26 13:20:11 0 [ERROR] InnoDB: Your database may be corrupt or you may have copied the InnoDB tablespace but not the InnoDB log files. Please refer to https://mariadb.com/kb/en/library/innodb-recovery-modes/ for information about forcing recovery.
2026-03-26 13:20:11 0 [ERROR] InnoDB: Page [page id: space=0, page number=252] log sequence number 1319843 is in the future! Current system log sequence number 367090.
2026-03-26 13:20:11 0 [ERROR] InnoDB: Your database may be corrupt or you may have copied the InnoDB tablespace but not the InnoDB log files. Please refer to https://mariadb.com/kb/en/library/innodb-recovery-modes/ for information about forcing recovery.
2026-03-26 13:20:11 0 [ERROR] InnoDB: Page [page id: space=0, page number=383] log sequence number 1319843 is in the future! Current system log sequence number 367090.
2026-03-26 13:20:11 0 [ERROR] InnoDB: Your database may be corrupt or you may have copied the InnoDB tablespace but not the InnoDB log files. Please refer to https://mariadb.com/kb/en/library/innodb-recovery-modes/ for information about forcing recovery.
2026-03-26 13:20:11 0 [ERROR] InnoDB: Page [page id: space=0, page number=253] log sequence number 1319887 is in the future! Current system log sequence number 367090.
2026-03-26 13:20:11 0 [ERROR] InnoDB: Your database may be corrupt or you may have copied the InnoDB tablespace but not the InnoDB log files. Please refer to https://mariadb.com/kb/en/library/innodb-recovery-modes/ for information about forcing recovery.
2026-03-26 13:20:11 0 [ERROR] InnoDB: Page [page id: space=0, page number=330] log sequence number 1319887 is in the future! Current system log sequence number 367090.
2026-03-26 13:20:11 0 [ERROR] InnoDB: Your database may be corrupt or you may have copied the InnoDB tablespace but not the InnoDB log files. Please refer to https://mariadb.com/kb/en/library/innodb-recovery-modes/ for information about forcing recovery.
2026-03-26 13:20:11 0 [ERROR] InnoDB: Page [page id: space=0, page number=254] log sequence number 1319931 is in the future! Current system log sequence number 367090.
2026-03-26 13:20:11 0 [ERROR] InnoDB: Your database may be corrupt or you may have copied the InnoDB tablespace but not the InnoDB log files. Please refer to https://mariadb.com/kb/en/library/innodb-recovery-modes/ for information about forcing recovery.
2026-03-26 13:20:11 0 [ERROR] InnoDB: Page [page id: space=0, page number=386] log sequence number 1319931 is in the future! Current system log sequence number 367090.
2026-03-26 13:20:11 0 [ERROR] InnoDB: Your database may be corrupt or you may have copied the InnoDB tablespace but not the InnoDB log files. Please refer to https://mariadb.com/kb/en/library/innodb-recovery-modes/ for information about forcing recovery.
2026-03-26 13:20:11 0 [ERROR] InnoDB: Page [page id: space=0, page number=255] log sequence number 1319991 is in the future! Current system log sequence number 367090.
2026-03-26 13:20:11 0 [ERROR] InnoDB: Your database may be corrupt or you may have copied the InnoDB tablespace but not the InnoDB log files. Please refer to https://mariadb.com/kb/en/library/innodb-recovery-modes/ for information about forcing recovery.
2026-03-26 13:20:11 0 [ERROR] InnoDB: Page [page id: space=0, page number=364] log sequence number 1319991 is in the future! Current system log sequence number 367090.
2026-03-26 13:20:11 0 [ERROR] InnoDB: Your database may be corrupt or you may have copied the InnoDB tablespace but not the InnoDB log files. Please refer to https://mariadb.com/kb/en/library/innodb-recovery-modes/ for information about forcing recovery.
2026-03-26 13:20:11 0 [ERROR] InnoDB: Page [page id: space=0, page number=256] log sequence number 1320035 is in the future! Current system log sequence number 367090.
2026-03-26 13:20:11 0 [ERROR] InnoDB: Your database may be corrupt or you may have copied the InnoDB tablespace but not the InnoDB log files. Please refer to https://mariadb.com/kb/en/library/innodb-recovery-modes/ for information about forcing recovery.
2026-03-26 13:20:11 0 [ERROR] InnoDB: Page [page id: space=0, page number=385] log sequence number 1320035 is in the future! Current system log sequence number 367090.
2026-03-26 13:20:11 0 [ERROR] InnoDB: Your database may be corrupt or you may have copied the InnoDB tablespace but not the InnoDB log files. Please refer to https://mariadb.com/kb/en/library/innodb-recovery-modes/ for information about forcing recovery.
2026-03-26 13:20:11 0 [ERROR] InnoDB: Page [page id: space=0, page number=257] log sequence number 1320079 is in the future! Current system log sequence number 367090.
2026-03-26 13:20:11 0 [ERROR] InnoDB: Your database may be corrupt or you may have copied the InnoDB tablespace but not the InnoDB log files. Please refer to https://mariadb.com/kb/en/library/innodb-recovery-modes/ for information about forcing recovery.
2026-03-26 13:20:11 0 [ERROR] InnoDB: Page [page id: space=0, page number=387] log sequence number 1320079 is in the future! Current system log sequence number 367090.
2026-03-26 13:20:11 0 [ERROR] InnoDB: Your database may be corrupt or you may have copied the InnoDB tablespace but not the InnoDB log files. Please refer to https://mariadb.com/kb/en/library/innodb-recovery-modes/ for information about forcing recovery.
2026-03-26 13:20:11 0 [ERROR] InnoDB: Page [page id: space=0, page number=258] log sequence number 1226809 is in the future! Current system log sequence number 367090.
2026-03-26 13:20:11 0 [ERROR] InnoDB: Your database may be corrupt or you may have copied the InnoDB tablespace but not the InnoDB log files. Please refer to https://mariadb.com/kb/en/library/innodb-recovery-modes/ for information about forcing recovery.
2026-03-26 13:20:11 0 [ERROR] InnoDB: Page [page id: space=0, page number=396] log sequence number 1226809 is in the future! Current system log sequence number 367090.
2026-03-26 13:20:11 0 [ERROR] InnoDB: Your database may be corrupt or you may have copied the InnoDB tablespace but not the InnoDB log files. Please refer to https://mariadb.com/kb/en/library/innodb-recovery-modes/ for information about forcing recovery.
2026-03-26 13:20:11 0 [ERROR] InnoDB: Page [page id: space=0, page number=259] log sequence number 1320123 is in the future! Current system log sequence number 367090.
2026-03-26 13:20:11 0 [ERROR] InnoDB: Your database may be corrupt or you may have copied the InnoDB tablespace but not the InnoDB log files. Please refer to https://mariadb.com/kb/en/library/innodb-recovery-modes/ for information about forcing recovery.
2026-03-26 13:20:11 0 [ERROR] InnoDB: Page [page id: space=0, page number=331] log sequence number 1320123 is in the future! Current system log sequence number 367090.
2026-03-26 13:20:11 0 [ERROR] InnoDB: Your database may be corrupt or you may have copied the InnoDB tablespace but not the InnoDB log files. Please refer to https://mariadb.com/kb/en/library/innodb-recovery-modes/ for information about forcing recovery.
2026-03-26 13:20:11 0 [ERROR] InnoDB: Page [page id: space=0, page number=260] log sequence number 1648633 is in the future! Current system log sequence number 367090.
2026-03-26 13:20:11 0 [ERROR] InnoDB: Your database may be corrupt or you may have copied the InnoDB tablespace but not the InnoDB log files. Please refer to https://mariadb.com/kb/en/library/innodb-recovery-modes/ for information about forcing recovery.
2026-03-26 13:20:11 0 [ERROR] InnoDB: Page [page id: space=0, page number=395] log sequence number 1648633 is in the future! Current system log sequence number 367090.
2026-03-26 13:20:11 0 [ERROR] InnoDB: Your database may be corrupt or you may have copied the InnoDB tablespace but not the InnoDB log files. Please refer to https://mariadb.com/kb/en/library/innodb-recovery-modes/ for information about forcing recovery.
2026-03-26 13:20:11 0 [ERROR] InnoDB: Page [page id: space=0, page number=261] log sequence number 1648693 is in the future! Current system log sequence number 367090.
2026-03-26 13:20:11 0 [ERROR] InnoDB: Your database may be corrupt or you may have copied the InnoDB tablespace but not the InnoDB log files. Please refer to https://mariadb.com/kb/en/library/innodb-recovery-modes/ for information about forcing recovery.
2026-03-26 13:20:11 0 [ERROR] InnoDB: Page [page id: space=0, page number=398] log sequence number 1648693 is in the future! Current system log sequence number 367090.
2026-03-26 13:20:11 0 [ERROR] InnoDB: Your database may be corrupt or you may have copied the InnoDB tablespace but not the InnoDB log files. Please refer to https://mariadb.com/kb/en/library/innodb-recovery-modes/ for information about forcing recovery.
2026-03-26 13:20:11 0 [ERROR] InnoDB: Page [page id: space=0, page number=262] log sequence number 1648737 is in the future! Current system log sequence number 367090.
2026-03-26 13:20:11 0 [ERROR] InnoDB: Your database may be corrupt or you may have copied the InnoDB tablespace but not the InnoDB log files. Please refer to https://mariadb.com/kb/en/library/innodb-recovery-modes/ for information about forcing recovery.
2026-03-26 13:20:11 0 [ERROR] InnoDB: Page [page id: space=0, page number=397] log sequence number 1648737 is in the future! Current system log sequence number 367090.
2026-03-26 13:20:11 0 [ERROR] InnoDB: Your database may be corrupt or you may have copied the InnoDB tablespace but not the InnoDB log files. Please refer to https://mariadb.com/kb/en/library/innodb-recovery-modes/ for information about forcing recovery.
2026-03-26 13:20:11 0 [ERROR] InnoDB: Page [page id: space=0, page number=263] log sequence number 1648781 is in the future! Current system log sequence number 367090.
2026-03-26 13:20:11 0 [ERROR] InnoDB: Your database may be corrupt or you may have copied the InnoDB tablespace but not the InnoDB log files. Please refer to https://mariadb.com/kb/en/library/innodb-recovery-modes/ for information about forcing recovery.
2026-03-26 13:20:11 0 [ERROR] InnoDB: Page [page id: space=0, page number=405] log sequence number 1648781 is in the future! Current system log sequence number 367090.
2026-03-26 13:20:11 0 [ERROR] InnoDB: Your database may be corrupt or you may have copied the InnoDB tablespace but not the InnoDB log files. Please refer to https://mariadb.com/kb/en/library/innodb-recovery-modes/ for information about forcing recovery.
2026-03-26 13:20:11 0 [ERROR] InnoDB: Page [page id: space=0, page number=264] log sequence number 1648825 is in the future! Current system log sequence number 367090.
2026-03-26 13:20:11 0 [ERROR] InnoDB: Your database may be corrupt or you may have copied the InnoDB tablespace but not the InnoDB log files. Please refer to https://mariadb.com/kb/en/library/innodb-recovery-modes/ for information about forcing recovery.
2026-03-26 13:20:11 0 [ERROR] InnoDB: Page [page id: space=0, page number=399] log sequence number 1648825 is in the future! Current system log sequence number 367090.
2026-03-26 13:20:11 0 [ERROR] InnoDB: Your database may be corrupt or you may have copied the InnoDB tablespace but not the InnoDB log files. Please refer to https://mariadb.com/kb/en/library/innodb-recovery-modes/ for information about forcing recovery.
2026-03-26 13:20:11 0 [ERROR] InnoDB: Page [page id: space=0, page number=265] log sequence number 1648869 is in the future! Current system log sequence number 367090.
2026-03-26 13:20:11 0 [ERROR] InnoDB: Your database may be corrupt or you may have copied the InnoDB tablespace but not the InnoDB log files. Please refer to https://mariadb.com/kb/en/library/innodb-recovery-modes/ for information about forcing recovery.
2026-03-26 13:20:11 0 [ERROR] InnoDB: Page [page id: space=0, page number=400] log sequence number 1648869 is in the future! Current system log sequence number 367090.
2026-03-26 13:20:11 0 [ERROR] InnoDB: Your database may be corrupt or you may have copied the InnoDB tablespace but not the InnoDB log files. Please refer to https://mariadb.com/kb/en/library/innodb-recovery-modes/ for information about forcing recovery.
2026-03-26 13:20:11 0 [ERROR] InnoDB: Page [page id: space=0, page number=266] log sequence number 1648913 is in the future! Current system log sequence number 367090.
2026-03-26 13:20:11 0 [ERROR] InnoDB: Your database may be corrupt or you may have copied the InnoDB tablespace but not the InnoDB log files. Please refer to https://mariadb.com/kb/en/library/innodb-recovery-modes/ for information about forcing recovery.
2026-03-26 13:20:11 0 [ERROR] InnoDB: Page [page id: space=0, page number=437] log sequence number 1648913 is in the future! Current system log sequence number 367090.
2026-03-26 13:20:11 0 [ERROR] InnoDB: Your database may be corrupt or you may have copied the InnoDB tablespace but not the InnoDB log files. Please refer to https://mariadb.com/kb/en/library/innodb-recovery-modes/ for information about forcing recovery.
2026-03-26 13:20:11 0 [ERROR] InnoDB: Page [page id: space=0, page number=267] log sequence number 1648957 is in the future! Current system log sequence number 367090.
2026-03-26 13:20:11 0 [ERROR] InnoDB: Your database may be corrupt or you may have copied the InnoDB tablespace but not the InnoDB log files. Please refer to https://mariadb.com/kb/en/library/innodb-recovery-modes/ for information about forcing recovery.
2026-03-26 13:20:11 0 [ERROR] InnoDB: Page [page id: space=0, page number=401] log sequence number 1648957 is in the future! Current system log sequence number 367090.
2026-03-26 13:20:11 0 [ERROR] InnoDB: Your database may be corrupt or you may have copied the InnoDB tablespace but not the InnoDB log files. Please refer to https://mariadb.com/kb/en/library/innodb-recovery-modes/ for information about forcing recovery.
2026-03-26 13:20:11 0 [ERROR] InnoDB: Page [page id: space=0, page number=268] log sequence number 1649001 is in the future! Current system log sequence number 367090.
2026-03-26 13:20:11 0 [ERROR] InnoDB: Your database may be corrupt or you may have copied the InnoDB tablespace but not the InnoDB log files. Please refer to https://mariadb.com/kb/en/library/innodb-recovery-modes/ for information about forcing recovery.
2026-03-26 13:20:11 0 [ERROR] InnoDB: Page [page id: space=0, page number=332] log sequence number 1649001 is in the future! Current system log sequence number 367090.
2026-03-26 13:20:11 0 [ERROR] InnoDB: Your database may be corrupt or you may have copied the InnoDB tablespace but not the InnoDB log files. Please refer to https://mariadb.com/kb/en/library/innodb-recovery-modes/ for information about forcing recovery.
2026-03-26 13:20:11 0 [ERROR] InnoDB: Page [page id: space=0, page number=269] log sequence number 1649045 is in the future! Current system log sequence number 367090.
2026-03-26 13:20:11 0 [ERROR] InnoDB: Your database may be corrupt or you may have copied the InnoDB tablespace but not the InnoDB log files. Please refer to https://mariadb.com/kb/en/library/innodb-recovery-modes/ for information about forcing recovery.
2026-03-26 13:20:11 0 [ERROR] InnoDB: Page [page id: space=0, page number=403] log sequence number 1649045 is in the future! Current system log sequence number 367090.
2026-03-26 13:20:11 0 [ERROR] InnoDB: Your database may be corrupt or you may have copied the InnoDB tablespace but not the InnoDB log files. Please refer to https://mariadb.com/kb/en/library/innodb-recovery-modes/ for information about forcing recovery.
2026-03-26 13:20:11 0 [ERROR] InnoDB: Page [page id: space=0, page number=270] log sequence number 1649089 is in the future! Current system log sequence number 367090.
2026-03-26 13:20:11 0 [ERROR] InnoDB: Your database may be corrupt or you may have copied the InnoDB tablespace but not the InnoDB log files. Please refer to https://mariadb.com/kb/en/library/innodb-recovery-modes/ for information about forcing recovery.
2026-03-26 13:20:11 0 [ERROR] InnoDB: Page [page id: space=0, page number=404] log sequence number 1649089 is in the future! Current system log sequence number 367090.
2026-03-26 13:20:11 0 [ERROR] InnoDB: Your database may be corrupt or you may have copied the InnoDB tablespace but not the InnoDB log files. Please refer to https://mariadb.com/kb/en/library/innodb-recovery-modes/ for information about forcing recovery.
2026-03-26 13:20:11 0 [ERROR] InnoDB: Page [page id: space=0, page number=271] log sequence number 1649133 is in the future! Current system log sequence number 367090.
2026-03-26 13:20:11 0 [ERROR] InnoDB: Your database may be corrupt or you may have copied the InnoDB tablespace but not the InnoDB log files. Please refer to https://mariadb.com/kb/en/library/innodb-recovery-modes/ for information about forcing recovery.
2026-03-26 13:20:11 0 [ERROR] InnoDB: Page [page id: space=0, page number=317] log sequence number 1649133 is in the future! Current system log sequence number 367090.
2026-03-26 13:20:11 0 [ERROR] InnoDB: Your database may be corrupt or you may have copied the InnoDB tablespace but not the InnoDB log files. Please refer to https://mariadb.com/kb/en/library/innodb-recovery-modes/ for information about forcing recovery.
2026-03-26 13:20:11 0 [ERROR] InnoDB: Page [page id: space=0, page number=272] log sequence number 1649193 is in the future! Current system log sequence number 367090.
2026-03-26 13:20:11 0 [ERROR] InnoDB: Your database may be corrupt or you may have copied the InnoDB tablespace but not the InnoDB log files. Please refer to https://mariadb.com/kb/en/library/innodb-recovery-modes/ for information about forcing recovery.
2026-03-26 13:20:11 0 [ERROR] InnoDB: Page [page id: space=0, page number=406] log sequence number 1649193 is in the future! Current system log sequence number 367090.
2026-03-26 13:20:11 0 [ERROR] InnoDB: Your database may be corrupt or you may have copied the InnoDB tablespace but not the InnoDB log files. Please refer to https://mariadb.com/kb/en/library/innodb-recovery-modes/ for information about forcing recovery.
2026-03-26 13:20:11 0 [ERROR] InnoDB: Page [page id: space=0, page number=273] log sequence number 1649237 is in the future! Current system log sequence number 367090.
2026-03-26 13:20:11 0 [ERROR] InnoDB: Your database may be corrupt or you may have copied the InnoDB tablespace but not the InnoDB log files. Please refer to https://mariadb.com/kb/en/library/innodb-recovery-modes/ for information about forcing recovery.
2026-03-26 13:20:11 0 [ERROR] InnoDB: Page [page id: space=0, page number=334] log sequence number 1649237 is in the future! Current system log sequence number 367090.
2026-03-26 13:20:11 0 [ERROR] InnoDB: Your database may be corrupt or you may have copied the InnoDB tablespace but not the InnoDB log files. Please refer to https://mariadb.com/kb/en/library/innodb-recovery-modes/ for information about forcing recovery.
2026-03-26 13:20:11 0 [ERROR] InnoDB: Page [page id: space=0, page number=274] log sequence number 1649281 is in the future! Current system log sequence number 367090.
2026-03-26 13:20:11 0 [ERROR] InnoDB: Your database may be corrupt or you may have copied the InnoDB tablespace but not the InnoDB log files. Please refer to https://mariadb.com/kb/en/library/innodb-recovery-modes/ for information about forcing recovery.
2026-03-26 13:20:11 0 [ERROR] InnoDB: Page [page id: space=0, page number=409] log sequence number 1649281 is in the future! Current system log sequence number 367090.
2026-03-26 13:20:11 0 [ERROR] InnoDB: Your database may be corrupt or you may have copied the InnoDB tablespace but not the InnoDB log files. Please refer to https://mariadb.com/kb/en/library/innodb-recovery-modes/ for information about forcing recovery.
2026-03-26 13:20:11 0 [ERROR] InnoDB: Page [page id: space=0, page number=275] log sequence number 1649325 is in the future! Current system log sequence number 367090.
2026-03-26 13:20:11 0 [ERROR] InnoDB: Your database may be corrupt or you may have copied the InnoDB tablespace but not the InnoDB log files. Please refer to https://mariadb.com/kb/en/library/innodb-recovery-modes/ for information about forcing recovery.
2026-03-26 13:20:11 0 [ERROR] InnoDB: Page [page id: space=0, page number=352] log sequence number 1649325 is in the future! Current system log sequence number 367090.
2026-03-26 13:20:11 0 [ERROR] InnoDB: Your database may be corrupt or you may have copied the InnoDB tablespace but not the InnoDB log files. Please refer to https://mariadb.com/kb/en/library/innodb-recovery-modes/ for information about forcing recovery.
2026-03-26 13:20:11 0 [ERROR] InnoDB: Page [page id: space=0, page number=278] log sequence number 1236052 is in the future! Current system log sequence number 367090.
2026-03-26 13:20:11 0 [ERROR] InnoDB: Your database may be corrupt or you may have copied the InnoDB tablespace but not the InnoDB log files. Please refer to https://mariadb.com/kb/en/library/innodb-recovery-modes/ for information about forcing recovery.
2026-03-26 13:20:11 0 [ERROR] InnoDB: Page [page id: space=0, page number=413] log sequence number 1236052 is in the future! Current system log sequence number 367090.
2026-03-26 13:20:11 0 [ERROR] InnoDB: Your database may be corrupt or you may have copied the InnoDB tablespace but not the InnoDB log files. Please refer to https://mariadb.com/kb/en/library/innodb-recovery-modes/ for information about forcing recovery.
2026-03-26 13:20:11 0 [ERROR] InnoDB: Page [page id: space=0, page number=279] log sequence number 1237075 is in the future! Current system log sequence number 367090.
2026-03-26 13:20:11 0 [ERROR] InnoDB: Your database may be corrupt or you may have copied the InnoDB tablespace but not the InnoDB log files. Please refer to https://mariadb.com/kb/en/library/innodb-recovery-modes/ for information about forcing recovery.
2026-03-26 13:20:11 0 [ERROR] InnoDB: Page [page id: space=0, page number=414] log sequence number 1237075 is in the future! Current system log sequence number 367090.
2026-03-26 13:20:11 0 [ERROR] InnoDB: Your database may be corrupt or you may have copied the InnoDB tablespace but not the InnoDB log files. Please refer to https://mariadb.com/kb/en/library/innodb-recovery-modes/ for information about forcing recovery.
2026-03-26 13:20:11 0 [ERROR] InnoDB: Page [page id: space=0, page number=280] log sequence number 1237119 is in the future! Current system log sequence number 367090.
2026-03-26 13:20:11 0 [ERROR] InnoDB: Your database may be corrupt or you may have copied the InnoDB tablespace but not the InnoDB log files. Please refer to https://mariadb.com/kb/en/library/innodb-recovery-modes/ for information about forcing recovery.
2026-03-26 13:20:11 0 [ERROR] InnoDB: Page [page id: space=0, page number=415] log sequence number 1237119 is in the future! Current system log sequence number 367090.
2026-03-26 13:20:11 0 [ERROR] InnoDB: Your database may be corrupt or you may have copied the InnoDB tablespace but not the InnoDB log files. Please refer to https://mariadb.com/kb/en/library/innodb-recovery-modes/ for information about forcing recovery.
2026-03-26 13:20:11 0 [ERROR] InnoDB: Page [page id: space=0, page number=281] log sequence number 1266772 is in the future! Current system log sequence number 367090.
2026-03-26 13:20:11 0 [ERROR] InnoDB: Your database may be corrupt or you may have copied the InnoDB tablespace but not the InnoDB log files. Please refer to https://mariadb.com/kb/en/library/innodb-recovery-modes/ for information about forcing recovery.
2026-03-26 13:20:11 0 [ERROR] InnoDB: Page [page id: space=0, page number=416] log sequence number 1266772 is in the future! Current system log sequence number 367090.
2026-03-26 13:20:11 0 [ERROR] InnoDB: Your database may be corrupt or you may have copied the InnoDB tablespace but not the InnoDB log files. Please refer to https://mariadb.com/kb/en/library/innodb-recovery-modes/ for information about forcing recovery.
2026-03-26 13:20:11 0 [ERROR] InnoDB: Page [page id: space=0, page number=282] log sequence number 1266816 is in the future! Current system log sequence number 367090.
2026-03-26 13:20:11 0 [ERROR] InnoDB: Your database may be corrupt or you may have copied the InnoDB tablespace but not the InnoDB log files. Please refer to https://mariadb.com/kb/en/library/innodb-recovery-modes/ for information about forcing recovery.
2026-03-26 13:20:11 0 [ERROR] InnoDB: Page [page id: space=0, page number=417] log sequence number 1266816 is in the future! Current system log sequence number 367090.
2026-03-26 13:20:11 0 [ERROR] InnoDB: Your database may be corrupt or you may have copied the InnoDB tablespace but not the InnoDB log files. Please refer to https://mariadb.com/kb/en/library/innodb-recovery-modes/ for information about forcing recovery.
2026-03-26 13:20:11 0 [ERROR] InnoDB: Page [page id: space=0, page number=283] log sequence number 1266860 is in the future! Current system log sequence number 367090.
2026-03-26 13:20:11 0 [ERROR] InnoDB: Your database may be corrupt or you may have copied the InnoDB tablespace but not the InnoDB log files. Please refer to https://mariadb.com/kb/en/library/innodb-recovery-modes/ for information about forcing recovery.
2026-03-26 13:20:11 0 [ERROR] InnoDB: Page [page id: space=0, page number=418] log sequence number 1266860 is in the future! Current system log sequence number 367090.
2026-03-26 13:20:11 0 [ERROR] InnoDB: Your database may be corrupt or you may have copied the InnoDB tablespace but not the InnoDB log files. Please refer to https://mariadb.com/kb/en/library/innodb-recovery-modes/ for information about forcing recovery.
2026-03-26 13:20:11 0 [ERROR] InnoDB: Page [page id: space=0, page number=284] log sequence number 1266904 is in the future! Current system log sequence number 367090.
2026-03-26 13:20:11 0 [ERROR] InnoDB: Your database may be corrupt or you may have copied the InnoDB tablespace but not the InnoDB log files. Please refer to https://mariadb.com/kb/en/library/innodb-recovery-modes/ for information about forcing recovery.
2026-03-26 13:20:11 0 [ERROR] InnoDB: Page [page id: space=0, page number=419] log sequence number 1266904 is in the future! Current system log sequence number 367090.
2026-03-26 13:20:11 0 [ERROR] InnoDB: Your database may be corrupt or you may have copied the InnoDB tablespace but not the InnoDB log files. Please refer to https://mariadb.com/kb/en/library/innodb-recovery-modes/ for information about forcing recovery.
2026-03-26 13:20:11 0 [ERROR] InnoDB: Page [page id: space=0, page number=285] log sequence number 1267010 is in the future! Current system log sequence number 367090.
2026-03-26 13:20:11 0 [ERROR] InnoDB: Your database may be corrupt or you may have copied the InnoDB tablespace but not the InnoDB log files. Please refer to https://mariadb.com/kb/en/library/innodb-recovery-modes/ for information about forcing recovery.
2026-03-26 13:20:11 0 [ERROR] InnoDB: Page [page id: space=0, page number=286] log sequence number 1267054 is in the future! Current system log sequence number 367090.
2026-03-26 13:20:11 0 [ERROR] InnoDB: Your database may be corrupt or you may have copied the InnoDB tablespace but not the InnoDB log files. Please refer to https://mariadb.com/kb/en/library/innodb-recovery-modes/ for information about forcing recovery.
2026-03-26 13:20:11 0 [ERROR] InnoDB: Page [page id: space=0, page number=421] log sequence number 1267054 is in the future! Current system log sequence number 367090.
2026-03-26 13:20:11 0 [ERROR] InnoDB: Your database may be corrupt or you may have copied the InnoDB tablespace but not the InnoDB log files. Please refer to https://mariadb.com/kb/en/library/innodb-recovery-modes/ for information about forcing recovery.
2026-03-26 13:20:11 0 [ERROR] InnoDB: Page [page id: space=0, page number=287] log sequence number 1267098 is in the future! Current system log sequence number 367090.
2026-03-26 13:20:11 0 [ERROR] InnoDB: Your database may be corrupt or you may have copied the InnoDB tablespace but not the InnoDB log files. Please refer to https://mariadb.com/kb/en/library/innodb-recovery-modes/ for information about forcing recovery.
2026-03-26 13:20:11 0 [ERROR] InnoDB: Page [page id: space=0, page number=422] log sequence number 1267098 is in the future! Current system log sequence number 367090.
2026-03-26 13:20:11 0 [ERROR] InnoDB: Your database may be corrupt or you may have copied the InnoDB tablespace but not the InnoDB log files. Please refer to https://mariadb.com/kb/en/library/innodb-recovery-modes/ for information about forcing recovery.
2026-03-26 13:20:11 0 [ERROR] InnoDB: Page [page id: space=0, page number=288] log sequence number 1267220 is in the future! Current system log sequence number 367090.
2026-03-26 13:20:11 0 [ERROR] InnoDB: Your database may be corrupt or you may have copied the InnoDB tablespace but not the InnoDB log files. Please refer to https://mariadb.com/kb/en/library/innodb-recovery-modes/ for information about forcing recovery.
2026-03-26 13:20:11 0 [ERROR] InnoDB: Page [page id: space=0, page number=289] log sequence number 1267264 is in the future! Current system log sequence number 367090.
2026-03-26 13:20:11 0 [ERROR] InnoDB: Your database may be corrupt or you may have copied the InnoDB tablespace but not the InnoDB log files. Please refer to https://mariadb.com/kb/en/library/innodb-recovery-modes/ for information about forcing recovery.
2026-03-26 13:20:11 0 [ERROR] InnoDB: Page [page id: space=0, page number=424] log sequence number 1267264 is in the future! Current system log sequence number 367090.
2026-03-26 13:20:11 0 [ERROR] InnoDB: Your database may be corrupt or you may have copied the InnoDB tablespace but not the InnoDB log files. Please refer to https://mariadb.com/kb/en/library/innodb-recovery-modes/ for information about forcing recovery.
2026-03-26 13:20:11 0 [ERROR] InnoDB: Page [page id: space=0, page number=290] log sequence number 1267308 is in the future! Current system log sequence number 367090.
2026-03-26 13:20:11 0 [ERROR] InnoDB: Your database may be corrupt or you may have copied the InnoDB tablespace but not the InnoDB log files. Please refer to https://mariadb.com/kb/en/library/innodb-recovery-modes/ for information about forcing recovery.
2026-03-26 13:20:11 0 [ERROR] InnoDB: Page [page id: space=0, page number=425] log sequence number 1267308 is in the future! Current system log sequence number 367090.
2026-03-26 13:20:11 0 [ERROR] InnoDB: Your database may be corrupt or you may have copied the InnoDB tablespace but not the InnoDB log files. Please refer to https://mariadb.com/kb/en/library/innodb-recovery-modes/ for information about forcing recovery.
2026-03-26 13:20:11 0 [ERROR] InnoDB: Page [page id: space=0, page number=291] log sequence number 1267352 is in the future! Current system log sequence number 367090.
2026-03-26 13:20:11 0 [ERROR] InnoDB: Your database may be corrupt or you may have copied the InnoDB tablespace but not the InnoDB log files. Please refer to https://mariadb.com/kb/en/library/innodb-recovery-modes/ for information about forcing recovery.
2026-03-26 13:20:11 0 [ERROR] InnoDB: Page [page id: space=0, page number=337] log sequence number 1267352 is in the future! Current system log sequence number 367090.
2026-03-26 13:20:11 0 [ERROR] InnoDB: Your database may be corrupt or you may have copied the InnoDB tablespace but not the InnoDB log files. Please refer to https://mariadb.com/kb/en/library/innodb-recovery-modes/ for information about forcing recovery.
2026-03-26 13:20:11 0 [ERROR] InnoDB: Page [page id: space=0, page number=292] log sequence number 1267396 is in the future! Current system log sequence number 367090.
2026-03-26 13:20:11 0 [ERROR] InnoDB: Your database may be corrupt or you may have copied the InnoDB tablespace but not the InnoDB log files. Please refer to https://mariadb.com/kb/en/library/innodb-recovery-modes/ for information about forcing recovery.
2026-03-26 13:20:11 0 [ERROR] InnoDB: Page [page id: space=0, page number=427] log sequence number 1267396 is in the future! Current system log sequence number 367090.
2026-03-26 13:20:11 0 [ERROR] InnoDB: Your database may be corrupt or you may have copied the InnoDB tablespace but not the InnoDB log files. Please refer to https://mariadb.com/kb/en/library/innodb-recovery-modes/ for information about forcing recovery.
2026-03-26 13:20:11 0 [ERROR] InnoDB: Page [page id: space=0, page number=293] log sequence number 1267440 is in the future! Current system log sequence number 367090.
2026-03-26 13:20:11 0 [ERROR] InnoDB: Your database may be corrupt or you may have copied the InnoDB tablespace but not the InnoDB log files. Please refer to https://mariadb.com/kb/en/library/innodb-recovery-modes/ for information about forcing recovery.
2026-03-26 13:20:11 0 [ERROR] InnoDB: Page [page id: space=0, page number=428] log sequence number 1267440 is in the future! Current system log sequence number 367090.
2026-03-26 13:20:11 0 [ERROR] InnoDB: Your database may be corrupt or you may have copied the InnoDB tablespace but not the InnoDB log files. Please refer to https://mariadb.com/kb/en/library/innodb-recovery-modes/ for information about forcing recovery.
2026-03-26 13:20:11 0 [ERROR] InnoDB: Page [page id: space=0, page number=294] log sequence number 1267484 is in the future! Current system log sequence number 367090.
2026-03-26 13:20:11 0 [ERROR] InnoDB: Your database may be corrupt or you may have copied the InnoDB tablespace but not the InnoDB log files. Please refer to https://mariadb.com/kb/en/library/innodb-recovery-modes/ for information about forcing recovery.
2026-03-26 13:20:11 0 [ERROR] InnoDB: Page [page id: space=0, page number=429] log sequence number 1267484 is in the future! Current system log sequence number 367090.
2026-03-26 13:20:11 0 [ERROR] InnoDB: Your database may be corrupt or you may have copied the InnoDB tablespace but not the InnoDB log files. Please refer to https://mariadb.com/kb/en/library/innodb-recovery-modes/ for information about forcing recovery.
2026-03-26 13:20:11 0 [ERROR] InnoDB: Page [page id: space=0, page number=295] log sequence number 1267528 is in the future! Current system log sequence number 367090.
2026-03-26 13:20:11 0 [ERROR] InnoDB: Your database may be corrupt or you may have copied the InnoDB tablespace but not the InnoDB log files. Please refer to https://mariadb.com/kb/en/library/innodb-recovery-modes/ for information about forcing recovery.
2026-03-26 13:20:11 0 [ERROR] InnoDB: Page [page id: space=0, page number=430] log sequence number 1267528 is in the future! Current system log sequence number 367090.
2026-03-26 13:20:11 0 [ERROR] InnoDB: Your database may be corrupt or you may have copied the InnoDB tablespace but not the InnoDB log files. Please refer to https://mariadb.com/kb/en/library/innodb-recovery-modes/ for information about forcing recovery.
2026-03-26 13:20:11 0 [ERROR] InnoDB: Page [page id: space=0, page number=296] log sequence number 1267572 is in the future! Current system log sequence number 367090.
2026-03-26 13:20:11 0 [ERROR] InnoDB: Your database may be corrupt or you may have copied the InnoDB tablespace but not the InnoDB log files. Please refer to https://mariadb.com/kb/en/library/innodb-recovery-modes/ for information about forcing recovery.
2026-03-26 13:20:11 0 [ERROR] InnoDB: Page [page id: space=0, page number=431] log sequence number 1267572 is in the future! Current system log sequence number 367090.
2026-03-26 13:20:11 0 [ERROR] InnoDB: Your database may be corrupt or you may have copied the InnoDB tablespace but not the InnoDB log files. Please refer to https://mariadb.com/kb/en/library/innodb-recovery-modes/ for information about forcing recovery.
2026-03-26 13:20:11 0 [ERROR] InnoDB: Page [page id: space=0, page number=297] log sequence number 1280930 is in the future! Current system log sequence number 367090.
2026-03-26 13:20:11 0 [ERROR] InnoDB: Your database may be corrupt or you may have copied the InnoDB tablespace but not the InnoDB log files. Please refer to https://mariadb.com/kb/en/library/innodb-recovery-modes/ for information about forcing recovery.
2026-03-26 13:20:11 0 [ERROR] InnoDB: Page [page id: space=0, page number=380] log sequence number 1280930 is in the future! Current system log sequence number 367090.
2026-03-26 13:20:11 0 [ERROR] InnoDB: Your database may be corrupt or you may have copied the InnoDB tablespace but not the InnoDB log files. Please refer to https://mariadb.com/kb/en/library/innodb-recovery-modes/ for information about forcing recovery.
2026-03-26 13:20:11 0 [ERROR] InnoDB: Page [page id: space=0, page number=298] log sequence number 1280974 is in the future! Current system log sequence number 367090.
2026-03-26 13:20:11 0 [ERROR] InnoDB: Your database may be corrupt or you may have copied the InnoDB tablespace but not the InnoDB log files. Please refer to https://mariadb.com/kb/en/library/innodb-recovery-modes/ for information about forcing recovery.
2026-03-26 13:20:11 0 [ERROR] InnoDB: Page [page id: space=0, page number=433] log sequence number 1280974 is in the future! Current system log sequence number 367090.
2026-03-26 13:20:11 0 [ERROR] InnoDB: Your database may be corrupt or you may have copied the InnoDB tablespace but not the InnoDB log files. Please refer to https://mariadb.com/kb/en/library/innodb-recovery-modes/ for information about forcing recovery.
2026-03-26 13:20:11 0 [ERROR] InnoDB: Page [page id: space=0, page number=299] log sequence number 1281018 is in the future! Current system log sequence number 367090.
2026-03-26 13:20:11 0 [ERROR] InnoDB: Your database may be corrupt or you may have copied the InnoDB tablespace but not the InnoDB log files. Please refer to https://mariadb.com/kb/en/library/innodb-recovery-modes/ for information about forcing recovery.
2026-03-26 13:20:11 0 [ERROR] InnoDB: Page [page id: space=0, page number=434] log sequence number 1281018 is in the future! Current system log sequence number 367090.
2026-03-26 13:20:11 0 [ERROR] InnoDB: Your database may be corrupt or you may have copied the InnoDB tablespace but not the InnoDB log files. Please refer to https://mariadb.com/kb/en/library/innodb-recovery-modes/ for information about forcing recovery.
2026-03-26 13:20:11 0 [ERROR] InnoDB: Page [page id: space=0, page number=300] log sequence number 1281078 is in the future! Current system log sequence number 367090.
2026-03-26 13:20:11 0 [ERROR] InnoDB: Your database may be corrupt or you may have copied the InnoDB tablespace but not the InnoDB log files. Please refer to https://mariadb.com/kb/en/library/innodb-recovery-modes/ for information about forcing recovery.
2026-03-26 13:20:11 0 [ERROR] InnoDB: Page [page id: space=0, page number=435] log sequence number 1281078 is in the future! Current system log sequence number 367090.
2026-03-26 13:20:11 0 [ERROR] InnoDB: Your database may be corrupt or you may have copied the InnoDB tablespace but not the InnoDB log files. Please refer to https://mariadb.com/kb/en/library/innodb-recovery-modes/ for information about forcing recovery.
2026-03-26 13:20:11 0 [ERROR] InnoDB: Page [page id: space=0, page number=8] log sequence number 1151310 is in the future! Current system log sequence number 367090.
2026-03-26 13:20:11 0 [ERROR] InnoDB: Your database may be corrupt or you may have copied the InnoDB tablespace but not the InnoDB log files. Please refer to https://mariadb.com/kb/en/library/innodb-recovery-modes/ for information about forcing recovery.
2026-03-26 13:20:11 0 [ERROR] InnoDB: Page [page id: space=0, page number=10] log sequence number 4947534 is in the future! Current system log sequence number 367090.
2026-03-26 13:20:11 0 [ERROR] InnoDB: Your database may be corrupt or you may have copied the InnoDB tablespace but not the InnoDB log files. Please refer to https://mariadb.com/kb/en/library/innodb-recovery-modes/ for information about forcing recovery.
2026-03-26 13:20:11 0 [ERROR] InnoDB: Page [page id: space=0, page number=439] log sequence number 4947534 is in the future! Current system log sequence number 367090.
2026-03-26 13:20:11 0 [ERROR] InnoDB: Your database may be corrupt or you may have copied the InnoDB tablespace but not the InnoDB log files. Please refer to https://mariadb.com/kb/en/library/innodb-recovery-modes/ for information about forcing recovery.
2026-03-26 13:20:11 0 [ERROR] InnoDB: Page [page id: space=0, page number=12] log sequence number 1079573 is in the future! Current system log sequence number 367090.
2026-03-26 13:20:11 0 [ERROR] InnoDB: Your database may be corrupt or you may have copied the InnoDB tablespace but not the InnoDB log files. Please refer to https://mariadb.com/kb/en/library/innodb-recovery-modes/ for information about forcing recovery.
2026-03-26 13:20:11 0 [ERROR] InnoDB: Page [page id: space=0, page number=307] log sequence number 1079543 is in the future! Current system log sequence number 367090.
2026-03-26 13:20:11 0 [ERROR] InnoDB: Your database may be corrupt or you may have copied the InnoDB tablespace but not the InnoDB log files. Please refer to https://mariadb.com/kb/en/library/innodb-recovery-modes/ for information about forcing recovery.
2026-03-26 13:20:11 0 [ERROR] InnoDB: Page [page id: space=0, page number=302] log sequence number 1056243 is in the future! Current system log sequence number 367090.
2026-03-26 13:20:11 0 [ERROR] InnoDB: Your database may be corrupt or you may have copied the InnoDB tablespace but not the InnoDB log files. Please refer to https://mariadb.com/kb/en/library/innodb-recovery-modes/ for information about forcing recovery.
2026-03-26 13:20:11 0 [ERROR] InnoDB: Page [page id: space=0, page number=303] log sequence number 1053251 is in the future! Current system log sequence number 367090.
2026-03-26 13:20:11 0 [ERROR] InnoDB: Your database may be corrupt or you may have copied the InnoDB tablespace but not the InnoDB log files. Please refer to https://mariadb.com/kb/en/library/innodb-recovery-modes/ for information about forcing recovery.
2026-03-26 13:20:11 0 [ERROR] InnoDB: Page [page id: space=0, page number=304] log sequence number 1053304 is in the future! Current system log sequence number 367090.
2026-03-26 13:20:11 0 [ERROR] InnoDB: Your database may be corrupt or you may have copied the InnoDB tablespace but not the InnoDB log files. Please refer to https://mariadb.com/kb/en/library/innodb-recovery-modes/ for information about forcing recovery.
2026-03-26 13:20:11 0 [ERROR] InnoDB: Page [page id: space=0, page number=308] log sequence number 1079621 is in the future! Current system log sequence number 367090.
2026-03-26 13:20:11 0 [ERROR] InnoDB: Your database may be corrupt or you may have copied the InnoDB tablespace but not the InnoDB log files. Please refer to https://mariadb.com/kb/en/library/innodb-recovery-modes/ for information about forcing recovery.
2026-03-26 13:20:11 0 [ERROR] InnoDB: Operating system error number 3 in a file operation.
2026-03-26 13:20:11 0 [ERROR] InnoDB: The error means the system cannot find the path specified.
2026-03-26 13:20:11 0 [ERROR] InnoDB: If you are installing InnoDB, remember that you must create directories yourself, InnoDB does not create them.
2026-03-26 13:20:11 0 [ERROR] InnoDB: Cannot open datafile for read-only: '.\mydb\sathwik.ibd' OS error: 203
2026-03-26 13:20:11 0 [ERROR] InnoDB: Operating system error number 203 in a file operation.
2026-03-26 13:20:11 0 [Note] InnoDB: Some operating system error numbers are described at https://mariadb.com/kb/en/library/operating-system-error-codes/
2026-03-26 13:20:11 0 [ERROR] InnoDB: Could not find a valid tablespace file for ``mydb`.`sathwik``. Please refer to https://mariadb.com/kb/en/innodb-data-dictionary-troubleshooting/ for how to resolve the issue.
2026-03-26 13:20:11 0 [Warning] InnoDB: Ignoring tablespace for `mydb`.`sathwik` because it could not be opened.
2026-03-26 13:20:11 0 [Note] InnoDB: 128 out of 128 rollback segments are active.
2026-03-26 13:20:11 0 [ERROR] InnoDB: Page [page id: space=0, page number=305] log sequence number 1056098 is in the future! Current system log sequence number 367090.
2026-03-26 13:20:11 0 [ERROR] InnoDB: Your database may be corrupt or you may have copied the InnoDB tablespace but not the InnoDB log files. Please refer to https://mariadb.com/kb/en/library/innodb-recovery-modes/ for information about forcing recovery.
2026-03-26 13:20:11 0 [Note] InnoDB: Removed temporary tablespace data file: "ibtmp1"
2026-03-26 13:20:11 0 [Note] InnoDB: Creating shared tablespace for temporary tables
2026-03-26 13:20:11 0 [Note] InnoDB: Setting file 'C:\xampp\mysql\data\ibtmp1' size to 12 MB. Physically writing the file full; Please wait ...
2026-03-26 13:20:11 0 [Note] InnoDB: File 'C:\xampp\mysql\data\ibtmp1' size is now 12 MB.
2026-03-26 13:20:11 0 [Note] InnoDB: Waiting for purge to start
2026-03-26 13:20:11 1 [ERROR] InnoDB: Page [page id: space=0, page number=9] log sequence number 1077020 is in the future! Current system log sequence number 367090.
2026-03-26 13:20:11 1 [ERROR] InnoDB: Your database may be corrupt or you may have copied the InnoDB tablespace but not the InnoDB log files. Please refer to https://mariadb.com/kb/en/library/innodb-recovery-modes/ for information about forcing recovery.
2026-03-26 13:20:11 0 [Note] InnoDB: 10.4.32 started; log sequence number 367081; transaction id 5594
2026-03-26 13:20:11 0 [Note] InnoDB: Loading buffer pool(s) from C:\xampp\mysql\data\ib_buffer_pool
2026-03-26 13:20:11 0 [Note] Plugin 'FEEDBACK' is disabled.
2026-03-26 13:20:11 0 [ERROR] InnoDB: Page [page id: space=0, page number=243] log sequence number 397747 is in the future! Current system log sequence number 367090.
2026-03-26 13:20:11 0 [ERROR] InnoDB: Your database may be corrupt or you may have copied the InnoDB tablespace but not the InnoDB log files. Please refer to https://mariadb.com/kb/en/library/innodb-recovery-modes/ for information about forcing recovery.
2026-03-26 13:20:11 0 [Note] InnoDB: Buffer pool(s) load completed at 260326 13:20:11
2026-03-26 13:20:11 0 [Note] Server socket created on IP: '::'.
2026-03-27  7:54:56 0 [Note] Starting MariaDB 10.4.32-MariaDB source revision c4143f909528e3fab0677a28631d10389354c491 as process 3816
2026-03-27  7:54:56 0 [Note] InnoDB: Mutexes and rw_locks use Windows interlocked functions
2026-03-27  7:54:56 0 [Note] InnoDB: Uses event mutexes
2026-03-27  7:54:56 0 [Note] InnoDB: Compressed tables use zlib 1.3
2026-03-27  7:54:56 0 [Note] InnoDB: Number of pools: 1
2026-03-27  7:54:56 0 [Note] InnoDB: Using SSE2 crc32 instructions
2026-03-27  7:54:56 0 [Note] InnoDB: Initializing buffer pool, total size = 16M, instances = 1, chunk size = 16M
2026-03-27  7:54:56 0 [Note] InnoDB: Completed initialization of buffer pool
2026-03-27  7:54:56 0 [Note] InnoDB: Starting crash recovery from checkpoint LSN=375683
2026-03-27  7:54:56 0 [Warning] InnoDB: Are you sure you are using the right ib_logfiles to start up the database? Log sequence number in the ib_logfiles is 375683, less than the log sequence number in the first system tablespace file header, 1651414.
2026-03-27  7:54:56 0 [Warning] InnoDB: Ignoring a doublewrite copy of page [page id: space=0, page number=292] with future log sequence number 1117093
2026-03-27  7:54:56 0 [Warning] InnoDB: Ignoring a doublewrite copy of page [page id: space=0, page number=427] with future log sequence number 1117093
2026-03-27  7:54:56 0 [Warning] InnoDB: Ignoring a doublewrite copy of page [page id: space=0, page number=291] with future log sequence number 1117049
2026-03-27  7:54:56 0 [Warning] InnoDB: Ignoring a doublewrite copy of page [page id: space=0, page number=426] with future log sequence number 1117049
2026-03-27  7:54:56 0 [Warning] InnoDB: Ignoring a doublewrite copy of page [page id: space=0, page number=408] with future log sequence number 1117049
2026-03-27  7:54:56 0 [Warning] InnoDB: Ignoring a doublewrite copy of page [page id: space=0, page number=290] with future log sequence number 1116942
2026-03-27  7:54:56 0 [Warning] InnoDB: Ignoring a doublewrite copy of page [page id: space=0, page number=425] with future log sequence number 1116942
2026-03-27  7:54:56 0 [Warning] InnoDB: Ignoring a doublewrite copy of page [page id: space=0, page number=289] with future log sequence number 1116898
2026-03-27  7:54:56 0 [Warning] InnoDB: Ignoring a doublewrite copy of page [page id: space=0, page number=424] with future log sequence number 1116898
2026-03-27  7:54:56 0 [Warning] InnoDB: Ignoring a doublewrite copy of page [page id: space=0, page number=288] with future log sequence number 1116854
2026-03-27  7:54:56 0 [Warning] InnoDB: Ignoring a doublewrite copy of page [page id: space=0, page number=423] with future log sequence number 1116854
2026-03-27  7:54:56 0 [Warning] InnoDB: Ignoring a doublewrite copy of page [page id: space=0, page number=287] with future log sequence number 1116810
2026-03-27  7:54:56 0 [Warning] InnoDB: Ignoring a doublewrite copy of page [page id: space=0, page number=422] with future log sequence number 1116810
2026-03-27  7:54:56 0 [Warning] InnoDB: Ignoring a doublewrite copy of page [page id: space=0, page number=286] with future log sequence number 1116766
2026-03-27  7:54:56 0 [Warning] InnoDB: Ignoring a doublewrite copy of page [page id: space=0, page number=421] with future log sequence number 1116766
2026-03-27  7:54:56 0 [Warning] InnoDB: Ignoring a doublewrite copy of page [page id: space=0, page number=285] with future log sequence number 1116722
2026-03-27  7:54:56 0 [Warning] InnoDB: Ignoring a doublewrite copy of page [page id: space=0, page number=420] with future log sequence number 1116722
2026-03-27  7:54:56 0 [Warning] InnoDB: Ignoring a doublewrite copy of page [page id: space=0, page number=284] with future log sequence number 1116662
2026-03-27  7:54:56 0 [Warning] InnoDB: Ignoring a doublewrite copy of page [page id: space=0, page number=419] with future log sequence number 1116662
2026-03-27  7:54:56 0 [Warning] InnoDB: Ignoring a doublewrite copy of page [page id: space=0, page number=300] with future log sequence number 674742
2026-03-27  7:54:56 0 [Warning] InnoDB: Ignoring a doublewrite copy of page [page id: space=0, page number=435] with future log sequence number 674742
2026-03-27  7:54:56 0 [Warning] InnoDB: Ignoring a doublewrite copy of page [page id: space=0, page number=299] with future log sequence number 674698
2026-03-27  7:54:56 0 [Warning] InnoDB: Ignoring a doublewrite copy of page [page id: space=0, page number=434] with future log sequence number 674698
2026-03-27  7:54:56 0 [Warning] InnoDB: Ignoring a doublewrite copy of page [page id: space=0, page number=298] with future log sequence number 674654
2026-03-27  7:54:56 0 [Warning] InnoDB: Ignoring a doublewrite copy of page [page id: space=0, page number=433] with future log sequence number 674654
2026-03-27  7:54:56 0 [Warning] InnoDB: Ignoring a doublewrite copy of page [page id: space=0, page number=297] with future log sequence number 674610
2026-03-27  7:54:56 0 [Warning] InnoDB: Ignoring a doublewrite copy of page [page id: space=0, page number=432] with future log sequence number 674610
2026-03-27  7:54:56 0 [Warning] InnoDB: Ignoring a doublewrite copy of page [page id: space=0, page number=296] with future log sequence number 674503
2026-03-27  7:54:56 0 [Warning] InnoDB: Ignoring a doublewrite copy of page [page id: space=0, page number=431] with future log sequence number 674503
2026-03-27  7:54:56 0 [Warning] InnoDB: Ignoring a doublewrite copy of page [page id: space=0, page number=295] with future log sequence number 674459
2026-03-27  7:54:56 0 [Warning] InnoDB: Ignoring a doublewrite copy of page [page id: space=0, page number=430] with future log sequence number 674459
2026-03-27  7:54:56 0 [Warning] InnoDB: Ignoring a doublewrite copy of page [page id: space=0, page number=294] with future log sequence number 674415
2026-03-27  7:54:56 0 [Warning] InnoDB: Ignoring a doublewrite copy of page [page id: space=0, page number=429] with future log sequence number 674415
2026-03-27  7:54:56 0 [Warning] InnoDB: Ignoring a doublewrite copy of page [page id: space=0, page number=293] with future log sequence number 674371
2026-03-27  7:54:56 0 [Warning] InnoDB: Ignoring a doublewrite copy of page [page id: space=0, page number=222] with future log sequence number 1305314
2026-03-27  7:54:56 0 [Warning] InnoDB: Ignoring a doublewrite copy of page [page id: space=0, page number=359] with future log sequence number 1305314
2026-03-27  7:54:56 0 [Warning] InnoDB: Ignoring a doublewrite copy of page [page id: space=0, page number=221] with future log sequence number 1305043
2026-03-27  7:54:56 0 [Warning] InnoDB: Ignoring a doublewrite copy of page [page id: space=0, page number=358] with future log sequence number 1305043
2026-03-27  7:54:56 0 [Warning] InnoDB: Ignoring a doublewrite copy of page [page id: space=0, page number=220] with future log sequence number 1304788
2026-03-27  7:54:56 0 [Warning] InnoDB: Ignoring a doublewrite copy of page [page id: space=0, page number=402] with future log sequence number 1304788
2026-03-27  7:54:56 0 [Warning] InnoDB: Ignoring a doublewrite copy of page [page id: space=0, page number=215] with future log sequence number 1304383
2026-03-27  7:54:56 0 [Warning] InnoDB: Ignoring a doublewrite copy of page [page id: space=0, page number=315] with future log sequence number 1304383
2026-03-27  7:54:56 0 [Warning] InnoDB: Ignoring a doublewrite copy of page [page id: space=0, page number=214] with future log sequence number 1304339
2026-03-27  7:54:56 0 [Warning] InnoDB: Ignoring a doublewrite copy of page [page id: space=0, page number=326] with future log sequence number 1304339
2026-03-27  7:54:56 0 [Warning] InnoDB: Ignoring a doublewrite copy of page [page id: space=0, page number=213] with future log sequence number 1304295
2026-03-27  7:54:56 0 [Warning] InnoDB: Ignoring a doublewrite copy of page [page id: space=0, page number=350] with future log sequence number 1304295
2026-03-27  7:54:56 0 [Warning] InnoDB: Ignoring a doublewrite copy of page [page id: space=0, page number=212] with future log sequence number 1304251
2026-03-27  7:54:56 0 [Warning] InnoDB: Ignoring a doublewrite copy of page [page id: space=0, page number=349] with future log sequence number 1304251
2026-03-27  7:54:56 0 [Warning] InnoDB: Ignoring a doublewrite copy of page [page id: space=0, page number=211] with future log sequence number 1304207
2026-03-27  7:54:56 0 [Warning] InnoDB: Ignoring a doublewrite copy of page [page id: space=0, page number=325] with future log sequence number 1304207
2026-03-27  7:54:56 0 [ERROR] InnoDB: Page [page id: space=0, page number=2] log sequence number 862100 is in the future! Current system log sequence number 375701.
2026-03-27  7:54:56 0 [ERROR] InnoDB: Your database may be corrupt or you may have copied the InnoDB tablespace but not the InnoDB log files. Please refer to https://mariadb.com/kb/en/library/innodb-recovery-modes/ for information about forcing recovery.
2026-03-27  7:54:56 0 [ERROR] InnoDB: Page [page id: space=0, page number=6] log sequence number 1280363 is in the future! Current system log sequence number 375701.
2026-03-27  7:54:56 0 [ERROR] InnoDB: Your database may be corrupt or you may have copied the InnoDB tablespace but not the InnoDB log files. Please refer to https://mariadb.com/kb/en/library/innodb-recovery-modes/ for information about forcing recovery.
2026-03-27  7:54:56 0 [ERROR] InnoDB: Page [page id: space=0, page number=382] log sequence number 1280363 is in the future! Current system log sequence number 375701.
2026-03-27  7:54:56 0 [ERROR] InnoDB: Your database may be corrupt or you may have copied the InnoDB tablespace but not the InnoDB log files. Please refer to https://mariadb.com/kb/en/library/innodb-recovery-modes/ for information about forcing recovery.
2026-03-27  7:54:56 0 [ERROR] InnoDB: Page [page id: space=0, page number=45] log sequence number 1280402 is in the future! Current system log sequence number 375701.
2026-03-27  7:54:56 0 [ERROR] InnoDB: Your database may be corrupt or you may have copied the InnoDB tablespace but not the InnoDB log files. Please refer to https://mariadb.com/kb/en/library/innodb-recovery-modes/ for information about forcing recovery.
2026-03-27  7:54:56 0 [ERROR] InnoDB: Page [page id: space=0, page number=306] log sequence number 1280402 is in the future! Current system log sequence number 375701.
2026-03-27  7:54:56 0 [ERROR] InnoDB: Your database may be corrupt or you may have copied the InnoDB tablespace but not the InnoDB log files. Please refer to https://mariadb.com/kb/en/library/innodb-recovery-modes/ for information about forcing recovery.
2026-03-27  7:54:56 0 [ERROR] InnoDB: Page [page id: space=0, page number=52] log sequence number 1280691 is in the future! Current system log sequence number 375701.
2026-03-27  7:54:56 0 [ERROR] InnoDB: Your database may be corrupt or you may have copied the InnoDB tablespace but not the InnoDB log files. Please refer to https://mariadb.com/kb/en/library/innodb-recovery-modes/ for information about forcing recovery.
2026-03-27  7:54:56 0 [ERROR] InnoDB: Page [page id: space=0, page number=316] log sequence number 1280691 is in the future! Current system log sequence number 375701.
2026-03-27  7:54:56 0 [ERROR] InnoDB: Your database may be corrupt or you may have copied the InnoDB tablespace but not the InnoDB log files. Please refer to https://mariadb.com/kb/en/library/innodb-recovery-modes/ for information about forcing recovery.
2026-03-27  7:54:56 0 [ERROR] InnoDB: Page [page id: space=0, page number=53] log sequence number 1280730 is in the future! Current system log sequence number 375701.
2026-03-27  7:54:56 0 [ERROR] InnoDB: Your database may be corrupt or you may have copied the InnoDB tablespace but not the InnoDB log files. Please refer to https://mariadb.com/kb/en/library/innodb-recovery-modes/ for information about forcing recovery.
2026-03-27  7:54:56 0 [ERROR] InnoDB: Page [page id: space=0, page number=426] log sequence number 1280730 is in the future! Current system log sequence number 375701.
2026-03-27  7:54:56 0 [ERROR] InnoDB: Your database may be corrupt or you may have copied the InnoDB tablespace but not the InnoDB log files. Please refer to https://mariadb.com/kb/en/library/innodb-recovery-modes/ for information about forcing recovery.
2026-03-27  7:54:56 0 [ERROR] InnoDB: Page [page id: space=0, page number=57] log sequence number 1302565 is in the future! Current system log sequence number 375701.
2026-03-27  7:54:56 0 [ERROR] InnoDB: Your database may be corrupt or you may have copied the InnoDB tablespace but not the InnoDB log files. Please refer to https://mariadb.com/kb/en/library/innodb-recovery-modes/ for information about forcing recovery.
2026-03-27  7:54:56 0 [ERROR] InnoDB: Page [page id: space=0, page number=344] log sequence number 1302565 is in the future! Current system log sequence number 375701.
2026-03-27  7:54:56 0 [ERROR] InnoDB: Your database may be corrupt or you may have copied the InnoDB tablespace but not the InnoDB log files. Please refer to https://mariadb.com/kb/en/library/innodb-recovery-modes/ for information about forcing recovery.
2026-03-27  7:54:56 0 [ERROR] InnoDB: Page [page id: space=0, page number=58] log sequence number 1302682 is in the future! Current system log sequence number 375701.
2026-03-27  7:54:56 0 [ERROR] InnoDB: Your database may be corrupt or you may have copied the InnoDB tablespace but not the InnoDB log files. Please refer to https://mariadb.com/kb/en/library/innodb-recovery-modes/ for information about forcing recovery.
2026-03-27  7:54:56 0 [ERROR] InnoDB: Page [page id: space=0, page number=301] log sequence number 1302682 is in the future! Current system log sequence number 375701.
2026-03-27  7:54:56 0 [ERROR] InnoDB: Your database may be corrupt or you may have copied the InnoDB tablespace but not the InnoDB log files. Please refer to https://mariadb.com/kb/en/library/innodb-recovery-modes/ for information about forcing recovery.
2026-03-27  7:54:56 0 [ERROR] InnoDB: Page [page id: space=0, page number=59] log sequence number 1302799 is in the future! Current system log sequence number 375701.
2026-03-27  7:54:56 0 [ERROR] InnoDB: Your database may be corrupt or you may have copied the InnoDB tablespace but not the InnoDB log files. Please refer to https://mariadb.com/kb/en/library/innodb-recovery-modes/ for information about forcing recovery.
2026-03-27  7:54:56 0 [ERROR] InnoDB: Page [page id: space=0, page number=324] log sequence number 1302799 is in the future! Current system log sequence number 375701.
2026-03-27  7:54:56 0 [ERROR] InnoDB: Your database may be corrupt or you may have copied the InnoDB tablespace but not the InnoDB log files. Please refer to https://mariadb.com/kb/en/library/innodb-recovery-modes/ for information about forcing recovery.
2026-03-27  7:54:56 0 [ERROR] InnoDB: Page [page id: space=0, page number=60] log sequence number 1302877 is in the future! Current system log sequence number 375701.
2026-03-27  7:54:56 0 [ERROR] InnoDB: Your database may be corrupt or you may have copied the InnoDB tablespace but not the InnoDB log files. Please refer to https://mariadb.com/kb/en/library/innodb-recovery-modes/ for information about forcing recovery.
2026-03-27  7:54:56 0 [ERROR] InnoDB: Page [page id: space=0, page number=442] log sequence number 1302877 is in the future! Current system log sequence number 375701.
2026-03-27  7:54:56 0 [ERROR] InnoDB: Your database may be corrupt or you may have copied the InnoDB tablespace but not the InnoDB log files. Please refer to https://mariadb.com/kb/en/library/innodb-recovery-modes/ for information about forcing recovery.
2026-03-27  7:54:56 0 [ERROR] InnoDB: Page [page id: space=0, page number=62] log sequence number 1303033 is in the future! Current system log sequence number 375701.
2026-03-27  7:54:56 0 [ERROR] InnoDB: Your database may be corrupt or you may have copied the InnoDB tablespace but not the InnoDB log files. Please refer to https://mariadb.com/kb/en/library/innodb-recovery-modes/ for information about forcing recovery.
2026-03-27  7:54:56 0 [ERROR] InnoDB: Page [page id: space=0, page number=446] log sequence number 1303033 is in the future! Current system log sequence number 375701.
2026-03-27  7:54:56 0 [ERROR] InnoDB: Your database may be corrupt or you may have copied the InnoDB tablespace but not the InnoDB log files. Please refer to https://mariadb.com/kb/en/library/innodb-recovery-modes/ for information about forcing recovery.
2026-03-27  7:54:56 0 [ERROR] InnoDB: Page [page id: space=0, page number=63] log sequence number 1303127 is in the future! Current system log sequence number 375701.
2026-03-27  7:54:56 0 [ERROR] InnoDB: Your database may be corrupt or you may have copied the InnoDB tablespace but not the InnoDB log files. Please refer to https://mariadb.com/kb/en/library/innodb-recovery-modes/ for information about forcing recovery.
2026-03-27  7:54:56 0 [ERROR] InnoDB: Page [page id: space=0, page number=351] log sequence number 1303127 is in the future! Current system log sequence number 375701.
2026-03-27  7:54:56 0 [ERROR] InnoDB: Your database may be corrupt or you may have copied the InnoDB tablespace but not the InnoDB log files. Please refer to https://mariadb.com/kb/en/library/innodb-recovery-modes/ for information about forcing recovery.
2026-03-27  7:54:56 0 [ERROR] InnoDB: Page [page id: space=0, page number=192] log sequence number 1303213 is in the future! Current system log sequence number 375701.
2026-03-27  7:54:56 0 [ERROR] InnoDB: Your database may be corrupt or you may have copied the InnoDB tablespace but not the InnoDB log files. Please refer to https://mariadb.com/kb/en/library/innodb-recovery-modes/ for information about forcing recovery.
2026-03-27  7:54:56 0 [ERROR] InnoDB: Page [page id: space=0, page number=327] log sequence number 1303213 is in the future! Current system log sequence number 375701.
2026-03-27  7:54:56 0 [ERROR] InnoDB: Your database may be corrupt or you may have copied the InnoDB tablespace but not the InnoDB log files. Please refer to https://mariadb.com/kb/en/library/innodb-recovery-modes/ for information about forcing recovery.
2026-03-27  7:54:56 0 [ERROR] InnoDB: Page [page id: space=0, page number=194] log sequence number 1303385 is in the future! Current system log sequence number 375701.
2026-03-27  7:54:56 0 [ERROR] InnoDB: Your database may be corrupt or you may have copied the InnoDB tablespace but not the InnoDB log files. Please refer to https://mariadb.com/kb/en/library/innodb-recovery-modes/ for information about forcing recovery.
2026-03-27  7:54:56 0 [ERROR] InnoDB: Page [page id: space=0, page number=329] log sequence number 1303385 is in the future! Current system log sequence number 375701.
2026-03-27  7:54:56 0 [ERROR] InnoDB: Your database may be corrupt or you may have copied the InnoDB tablespace but not the InnoDB log files. Please refer to https://mariadb.com/kb/en/library/innodb-recovery-modes/ for information about forcing recovery.
2026-03-27  7:54:56 0 [ERROR] InnoDB: Page [page id: space=0, page number=197] log sequence number 1303575 is in the future! Current system log sequence number 375701.
2026-03-27  7:54:56 0 [ERROR] InnoDB: Your database may be corrupt or you may have copied the InnoDB tablespace but not the InnoDB log files. Please refer to https://mariadb.com/kb/en/library/innodb-recovery-modes/ for information about forcing recovery.
2026-03-27  7:54:56 0 [ERROR] InnoDB: Page [page id: space=0, page number=394] log sequence number 1303575 is in the future! Current system log sequence number 375701.
2026-03-27  7:54:56 0 [ERROR] InnoDB: Your database may be corrupt or you may have copied the InnoDB tablespace but not the InnoDB log files. Please refer to https://mariadb.com/kb/en/library/innodb-recovery-modes/ for information about forcing recovery.
2026-03-27  7:54:56 0 [ERROR] InnoDB: Page [page id: space=0, page number=200] log sequence number 1303707 is in the future! Current system log sequence number 375701.
2026-03-27  7:54:56 0 [ERROR] InnoDB: Your database may be corrupt or you may have copied the InnoDB tablespace but not the InnoDB log files. Please refer to https://mariadb.com/kb/en/library/innodb-recovery-modes/ for information about forcing recovery.
2026-03-27  7:54:56 0 [ERROR] InnoDB: Page [page id: space=0, page number=321] log sequence number 1303707 is in the future! Current system log sequence number 375701.
2026-03-27  7:54:56 0 [ERROR] InnoDB: Your database may be corrupt or you may have copied the InnoDB tablespace but not the InnoDB log files. Please refer to https://mariadb.com/kb/en/library/innodb-recovery-modes/ for information about forcing recovery.
2026-03-27  7:54:56 0 [ERROR] InnoDB: Page [page id: space=0, page number=203] log sequence number 1303839 is in the future! Current system log sequence number 375701.
2026-03-27  7:54:56 0 [ERROR] InnoDB: Your database may be corrupt or you may have copied the InnoDB tablespace but not the InnoDB log files. Please refer to https://mariadb.com/kb/en/library/innodb-recovery-modes/ for information about forcing recovery.
2026-03-27  7:54:56 0 [ERROR] InnoDB: Page [page id: space=0, page number=438] log sequence number 1303839 is in the future! Current system log sequence number 375701.
2026-03-27  7:54:56 0 [ERROR] InnoDB: Your database may be corrupt or you may have copied the InnoDB tablespace but not the InnoDB log files. Please refer to https://mariadb.com/kb/en/library/innodb-recovery-modes/ for information about forcing recovery.
2026-03-27  7:54:56 0 [ERROR] InnoDB: Page [page id: space=0, page number=206] log sequence number 1303971 is in the future! Current system log sequence number 375701.
2026-03-27  7:54:56 0 [ERROR] InnoDB: Your database may be corrupt or you may have copied the InnoDB tablespace but not the InnoDB log files. Please refer to https://mariadb.com/kb/en/library/innodb-recovery-modes/ for information about forcing recovery.
2026-03-27  7:54:56 0 [ERROR] InnoDB: Page [page id: space=0, page number=343] log sequence number 1303971 is in the future! Current system log sequence number 375701.
2026-03-27  7:54:56 0 [ERROR] InnoDB: Your database may be corrupt or you may have copied the InnoDB tablespace but not the InnoDB log files. Please refer to https://mariadb.com/kb/en/library/innodb-recovery-modes/ for information about forcing recovery.
2026-03-27  7:54:56 0 [ERROR] InnoDB: Page [page id: space=0, page number=209] log sequence number 1304119 is in the future! Current system log sequence number 375701.
2026-03-27  7:54:56 0 [ERROR] InnoDB: Your database may be corrupt or you may have copied the InnoDB tablespace but not the InnoDB log files. Please refer to https://mariadb.com/kb/en/library/innodb-recovery-modes/ for information about forcing recovery.
2026-03-27  7:54:56 0 [ERROR] InnoDB: Page [page id: space=0, page number=336] log sequence number 1304119 is in the future! Current system log sequence number 375701.
2026-03-27  7:54:56 0 [ERROR] InnoDB: Your database may be corrupt or you may have copied the InnoDB tablespace but not the InnoDB log files. Please refer to https://mariadb.com/kb/en/library/innodb-recovery-modes/ for information about forcing recovery.
2026-03-27  7:54:56 0 [ERROR] InnoDB: Page [page id: space=0, page number=212] log sequence number 1304251 is in the future! Current system log sequence number 375701.
2026-03-27  7:54:56 0 [ERROR] InnoDB: Your database may be corrupt or you may have copied the InnoDB tablespace but not the InnoDB log files. Please refer to https://mariadb.com/kb/en/library/innodb-recovery-modes/ for information about forcing recovery.
2026-03-27  7:54:56 0 [ERROR] InnoDB: Page [page id: space=0, page number=349] log sequence number 1304251 is in the future! Current system log sequence number 375701.
2026-03-27  7:54:56 0 [ERROR] InnoDB: Your database may be corrupt or you may have copied the InnoDB tablespace but not the InnoDB log files. Please refer to https://mariadb.com/kb/en/library/innodb-recovery-modes/ for information about forcing recovery.
2026-03-27  7:54:56 0 [ERROR] InnoDB: Page [page id: space=0, page number=215] log sequence number 1304383 is in the future! Current system log sequence number 375701.
2026-03-27  7:54:56 0 [ERROR] InnoDB: Your database may be corrupt or you may have copied the InnoDB tablespace but not the InnoDB log files. Please refer to https://mariadb.com/kb/en/library/innodb-recovery-modes/ for information about forcing recovery.
2026-03-27  7:54:56 0 [ERROR] InnoDB: Page [page id: space=0, page number=315] log sequence number 1304383 is in the future! Current system log sequence number 375701.
2026-03-27  7:54:56 0 [ERROR] InnoDB: Your database may be corrupt or you may have copied the InnoDB tablespace but not the InnoDB log files. Please refer to https://mariadb.com/kb/en/library/innodb-recovery-modes/ for information about forcing recovery.
2026-03-27  7:54:56 0 [ERROR] InnoDB: Page [page id: space=0, page number=218] log sequence number 1304515 is in the future! Current system log sequence number 375701.
2026-03-27  7:54:56 0 [ERROR] InnoDB: Your database may be corrupt or you may have copied the InnoDB tablespace but not the InnoDB log files. Please refer to https://mariadb.com/kb/en/library/innodb-recovery-modes/ for information about forcing recovery.
2026-03-27  7:54:56 0 [ERROR] InnoDB: Page [page id: space=0, page number=384] log sequence number 1304515 is in the future! Current system log sequence number 375701.
2026-03-27  7:54:56 0 [ERROR] InnoDB: Your database may be corrupt or you may have copied the InnoDB tablespace but not the InnoDB log files. Please refer to https://mariadb.com/kb/en/library/innodb-recovery-modes/ for information about forcing recovery.
2026-03-27  7:54:56 0 [ERROR] InnoDB: Page [page id: space=0, page number=221] log sequence number 1314148 is in the future! Current system log sequence number 375701.
2026-03-27  7:54:56 0 [ERROR] InnoDB: Your database may be corrupt or you may have copied the InnoDB tablespace but not the InnoDB log files. Please refer to https://mariadb.com/kb/en/library/innodb-recovery-modes/ for information about forcing recovery.
2026-03-27  7:54:56 0 [ERROR] InnoDB: Page [page id: space=0, page number=358] log sequence number 1314148 is in the future! Current system log sequence number 375701.
2026-03-27  7:54:56 0 [ERROR] InnoDB: Your database may be corrupt or you may have copied the InnoDB tablespace but not the InnoDB log files. Please refer to https://mariadb.com/kb/en/library/innodb-recovery-modes/ for information about forcing recovery.
2026-03-27  7:54:56 0 [ERROR] InnoDB: Page [page id: space=0, page number=224] log sequence number 1314280 is in the future! Current system log sequence number 375701.
2026-03-27  7:54:56 0 [ERROR] InnoDB: Your database may be corrupt or you may have copied the InnoDB tablespace but not the InnoDB log files. Please refer to https://mariadb.com/kb/en/library/innodb-recovery-modes/ for information about forcing recovery.
2026-03-27  7:54:56 0 [ERROR] InnoDB: Page [page id: space=0, page number=357] log sequence number 1314280 is in the future! Current system log sequence number 375701.
2026-03-27  7:54:56 0 [ERROR] InnoDB: Your database may be corrupt or you may have copied the InnoDB tablespace but not the InnoDB log files. Please refer to https://mariadb.com/kb/en/library/innodb-recovery-modes/ for information about forcing recovery.
2026-03-27  7:54:56 0 [ERROR] InnoDB: Page [page id: space=0, page number=227] log sequence number 1314428 is in the future! Current system log sequence number 375701.
2026-03-27  7:54:56 0 [ERROR] InnoDB: Your database may be corrupt or you may have copied the InnoDB tablespace but not the InnoDB log files. Please refer to https://mariadb.com/kb/en/library/innodb-recovery-modes/ for information about forcing recovery.
2026-03-27  7:54:56 0 [ERROR] InnoDB: Page [page id: space=0, page number=339] log sequence number 1314428 is in the future! Current system log sequence number 375701.
2026-03-27  7:54:56 0 [ERROR] InnoDB: Your database may be corrupt or you may have copied the InnoDB tablespace but not the InnoDB log files. Please refer to https://mariadb.com/kb/en/library/innodb-recovery-modes/ for information about forcing recovery.
2026-03-27  7:54:56 0 [ERROR] InnoDB: Page [page id: space=0, page number=230] log sequence number 1314560 is in the future! Current system log sequence number 375701.
2026-03-27  7:54:56 0 [ERROR] InnoDB: Your database may be corrupt or you may have copied the InnoDB tablespace but not the InnoDB log files. Please refer to https://mariadb.com/kb/en/library/innodb-recovery-modes/ for information about forcing recovery.
2026-03-27  7:54:56 0 [ERROR] InnoDB: Page [page id: space=0, page number=367] log sequence number 1314560 is in the future! Current system log sequence number 375701.
2026-03-27  7:54:56 0 [ERROR] InnoDB: Your database may be corrupt or you may have copied the InnoDB tablespace but not the InnoDB log files. Please refer to https://mariadb.com/kb/en/library/innodb-recovery-modes/ for information about forcing recovery.
2026-03-27  7:54:56 0 [ERROR] InnoDB: Page [page id: space=0, page number=233] log sequence number 1314692 is in the future! Current system log sequence number 375701.
2026-03-27  7:54:56 0 [ERROR] InnoDB: Your database may be corrupt or you may have copied the InnoDB tablespace but not the InnoDB log files. Please refer to https://mariadb.com/kb/en/library/innodb-recovery-modes/ for information about forcing recovery.
2026-03-27  7:54:56 0 [ERROR] InnoDB: Page [page id: space=0, page number=374] log sequence number 1314692 is in the future! Current system log sequence number 375701.
2026-03-27  7:54:56 0 [ERROR] InnoDB: Your database may be corrupt or you may have copied the InnoDB tablespace but not the InnoDB log files. Please refer to https://mariadb.com/kb/en/library/innodb-recovery-modes/ for information about forcing recovery.
2026-03-27  7:54:56 0 [ERROR] InnoDB: Page [page id: space=0, page number=236] log sequence number 1314840 is in the future! Current system log sequence number 375701.
2026-03-27  7:54:56 0 [ERROR] InnoDB: Your database may be corrupt or you may have copied the InnoDB tablespace but not the InnoDB log files. Please refer to https://mariadb.com/kb/en/library/innodb-recovery-modes/ for information about forcing recovery.
2026-03-27  7:54:56 0 [ERROR] InnoDB: Page [page id: space=0, page number=389] log sequence number 1314840 is in the future! Current system log sequence number 375701.
2026-03-27  7:54:56 0 [ERROR] InnoDB: Your database may be corrupt or you may have copied the InnoDB tablespace but not the InnoDB log files. Please refer to https://mariadb.com/kb/en/library/innodb-recovery-modes/ for information about forcing recovery.
2026-03-27  7:54:56 0 [ERROR] InnoDB: Page [page id: space=0, page number=240] log sequence number 1203873 is in the future! Current system log sequence number 375701.
2026-03-27  7:54:56 0 [ERROR] InnoDB: Your database may be corrupt or you may have copied the InnoDB tablespace but not the InnoDB log files. Please refer to https://mariadb.com/kb/en/library/innodb-recovery-modes/ for information about forcing recovery.
2026-03-27  7:54:56 0 [ERROR] InnoDB: Page [page id: space=0, page number=241] log sequence number 1226073 is in the future! Current system log sequence number 375701.
2026-03-27  7:54:56 0 [ERROR] InnoDB: Your database may be corrupt or you may have copied the InnoDB tablespace but not the InnoDB log files. Please refer to https://mariadb.com/kb/en/library/innodb-recovery-modes/ for information about forcing recovery.
2026-03-27  7:54:56 0 [ERROR] InnoDB: Page [page id: space=0, page number=377] log sequence number 1226073 is in the future! Current system log sequence number 375701.
2026-03-27  7:54:56 0 [ERROR] InnoDB: Your database may be corrupt or you may have copied the InnoDB tablespace but not the InnoDB log files. Please refer to https://mariadb.com/kb/en/library/innodb-recovery-modes/ for information about forcing recovery.
2026-03-27  7:54:56 0 [ERROR] InnoDB: Page [page id: space=0, page number=242] log sequence number 1314990 is in the future! Current system log sequence number 375701.
2026-03-27  7:54:56 0 [ERROR] InnoDB: Your database may be corrupt or you may have copied the InnoDB tablespace but not the InnoDB log files. Please refer to https://mariadb.com/kb/en/library/innodb-recovery-modes/ for information about forcing recovery.
2026-03-27  7:54:56 0 [ERROR] InnoDB: Page [page id: space=0, page number=392] log sequence number 1314990 is in the future! Current system log sequence number 375701.
2026-03-27  7:54:56 0 [ERROR] InnoDB: Your database may be corrupt or you may have copied the InnoDB tablespace but not the InnoDB log files. Please refer to https://mariadb.com/kb/en/library/innodb-recovery-modes/ for information about forcing recovery.
2026-03-27  7:54:56 0 [ERROR] InnoDB: Page [page id: space=0, page number=244] log sequence number 1315034 is in the future! Current system log sequence number 375701.
2026-03-27  7:54:56 0 [ERROR] InnoDB: Your database may be corrupt or you may have copied the InnoDB tablespace but not the InnoDB log files. Please refer to https://mariadb.com/kb/en/library/innodb-recovery-modes/ for information about forcing recovery.
2026-03-27  7:54:56 0 [ERROR] InnoDB: Page [page id: space=0, page number=378] log sequence number 1315034 is in the future! Current system log sequence number 375701.
2026-03-27  7:54:56 0 [ERROR] InnoDB: Your database may be corrupt or you may have copied the InnoDB tablespace but not the InnoDB log files. Please refer to https://mariadb.com/kb/en/library/innodb-recovery-modes/ for information about forcing recovery.
2026-03-27  7:54:56 0 [ERROR] InnoDB: Page [page id: space=0, page number=245] log sequence number 1317328 is in the future! Current system log sequence number 375701.
2026-03-27  7:54:56 0 [ERROR] InnoDB: Your database may be corrupt or you may have copied the InnoDB tablespace but not the InnoDB log files. Please refer to https://mariadb.com/kb/en/library/innodb-recovery-modes/ for information about forcing recovery.
2026-03-27  7:54:56 0 [ERROR] InnoDB: Page [page id: space=0, page number=379] log sequence number 1317328 is in the future! Current system log sequence number 375701.
2026-03-27  7:54:56 0 [ERROR] InnoDB: Your database may be corrupt or you may have copied the InnoDB tablespace but not the InnoDB log files. Please refer to https://mariadb.com/kb/en/library/innodb-recovery-modes/ for information about forcing recovery.
2026-03-27  7:54:56 0 [ERROR] InnoDB: Page [page id: space=0, page number=246] log sequence number 1317388 is in the future! Current system log sequence number 375701.
2026-03-27  7:54:56 0 [ERROR] InnoDB: Your database may be corrupt or you may have copied the InnoDB tablespace but not the InnoDB log files. Please refer to https://mariadb.com/kb/en/library/innodb-recovery-modes/ for information about forcing recovery.
2026-03-27  7:54:56 0 [ERROR] InnoDB: Page [page id: space=0, page number=444] log sequence number 1317388 is in the future! Current system log sequence number 375701.
2026-03-27  7:54:56 0 [ERROR] InnoDB: Your database may be corrupt or you may have copied the InnoDB tablespace but not the InnoDB log files. Please refer to https://mariadb.com/kb/en/library/innodb-recovery-modes/ for information about forcing recovery.
2026-03-27  7:54:56 0 [ERROR] InnoDB: Page [page id: space=0, page number=247] log sequence number 1317432 is in the future! Current system log sequence number 375701.
2026-03-27  7:54:56 0 [ERROR] InnoDB: Your database may be corrupt or you may have copied the InnoDB tablespace but not the InnoDB log files. Please refer to https://mariadb.com/kb/en/library/innodb-recovery-modes/ for information about forcing recovery.
2026-03-27  7:54:56 0 [ERROR] InnoDB: Page [page id: space=0, page number=393] log sequence number 1317432 is in the future! Current system log sequence number 375701.
2026-03-27  7:54:56 0 [ERROR] InnoDB: Your database may be corrupt or you may have copied the InnoDB tablespace but not the InnoDB log files. Please refer to https://mariadb.com/kb/en/library/innodb-recovery-modes/ for information about forcing recovery.
2026-03-27  7:54:56 0 [ERROR] InnoDB: Page [page id: space=0, page number=248] log sequence number 1317476 is in the future! Current system log sequence number 375701.
2026-03-27  7:54:56 0 [ERROR] InnoDB: Your database may be corrupt or you may have copied the InnoDB tablespace but not the InnoDB log files. Please refer to https://mariadb.com/kb/en/library/innodb-recovery-modes/ for information about forcing recovery.
2026-03-27  7:54:56 0 [ERROR] InnoDB: Page [page id: space=0, page number=381] log sequence number 1317476 is in the future! Current system log sequence number 375701.
2026-03-27  7:54:56 0 [ERROR] InnoDB: Your database may be corrupt or you may have copied the InnoDB tablespace but not the InnoDB log files. Please refer to https://mariadb.com/kb/en/library/innodb-recovery-modes/ for information about forcing recovery.
2026-03-27  7:54:56 0 [ERROR] InnoDB: Page [page id: space=0, page number=249] log sequence number 1317520 is in the future! Current system log sequence number 375701.
2026-03-27  7:54:56 0 [ERROR] InnoDB: Your database may be corrupt or you may have copied the InnoDB tablespace but not the InnoDB log files. Please refer to https://mariadb.com/kb/en/library/innodb-recovery-modes/ for information about forcing recovery.
2026-03-27  7:54:56 0 [ERROR] InnoDB: Page [page id: space=0, page number=370] log sequence number 1317520 is in the future! Current system log sequence number 375701.
2026-03-27  7:54:56 0 [ERROR] InnoDB: Your database may be corrupt or you may have copied the InnoDB tablespace but not the InnoDB log files. Please refer to https://mariadb.com/kb/en/library/innodb-recovery-modes/ for information about forcing recovery.
2026-03-27  7:54:56 0 [ERROR] InnoDB: Page [page id: space=0, page number=250] log sequence number 1317564 is in the future! Current system log sequence number 375701.
2026-03-27  7:54:56 0 [ERROR] InnoDB: Your database may be corrupt or you may have copied the InnoDB tablespace but not the InnoDB log files. Please refer to https://mariadb.com/kb/en/library/innodb-recovery-modes/ for information about forcing recovery.
2026-03-27  7:54:56 0 [ERROR] InnoDB: Page [page id: space=0, page number=371] log sequence number 1317564 is in the future! Current system log sequence number 375701.
2026-03-27  7:54:56 0 [ERROR] InnoDB: Your database may be corrupt or you may have copied the InnoDB tablespace but not the InnoDB log files. Please refer to https://mariadb.com/kb/en/library/innodb-recovery-modes/ for information about forcing recovery.
2026-03-27  7:54:56 0 [ERROR] InnoDB: Page [page id: space=0, page number=251] log sequence number 1317608 is in the future! Current system log sequence number 375701.
2026-03-27  7:54:56 0 [ERROR] InnoDB: Your database may be corrupt or you may have copied the InnoDB tablespace but not the InnoDB log files. Please refer to https://mariadb.com/kb/en/library/innodb-recovery-modes/ for information about forcing recovery.
2026-03-27  7:54:56 0 [ERROR] InnoDB: Page [page id: space=0, page number=361] log sequence number 1317608 is in the future! Current system log sequence number 375701.
2026-03-27  7:54:56 0 [ERROR] InnoDB: Your database may be corrupt or you may have copied the InnoDB tablespace but not the InnoDB log files. Please refer to https://mariadb.com/kb/en/library/innodb-recovery-modes/ for information about forcing recovery.
2026-03-27  7:54:56 0 [ERROR] InnoDB: Page [page id: space=0, page number=252] log sequence number 1319843 is in the future! Current system log sequence number 375701.
2026-03-27  7:54:56 0 [ERROR] InnoDB: Your database may be corrupt or you may have copied the InnoDB tablespace but not the InnoDB log files. Please refer to https://mariadb.com/kb/en/library/innodb-recovery-modes/ for information about forcing recovery.
2026-03-27  7:54:56 0 [ERROR] InnoDB: Page [page id: space=0, page number=383] log sequence number 1319843 is in the future! Current system log sequence number 375701.
2026-03-27  7:54:56 0 [ERROR] InnoDB: Your database may be corrupt or you may have copied the InnoDB tablespace but not the InnoDB log files. Please refer to https://mariadb.com/kb/en/library/innodb-recovery-modes/ for information about forcing recovery.
2026-03-27  7:54:56 0 [ERROR] InnoDB: Page [page id: space=0, page number=253] log sequence number 1319887 is in the future! Current system log sequence number 375701.
2026-03-27  7:54:56 0 [ERROR] InnoDB: Your database may be corrupt or you may have copied the InnoDB tablespace but not the InnoDB log files. Please refer to https://mariadb.com/kb/en/library/innodb-recovery-modes/ for information about forcing recovery.
2026-03-27  7:54:56 0 [ERROR] InnoDB: Page [page id: space=0, page number=330] log sequence number 1319887 is in the future! Current system log sequence number 375701.
2026-03-27  7:54:56 0 [ERROR] InnoDB: Your database may be corrupt or you may have copied the InnoDB tablespace but not the InnoDB log files. Please refer to https://mariadb.com/kb/en/library/innodb-recovery-modes/ for information about forcing recovery.
2026-03-27  7:54:56 0 [ERROR] InnoDB: Page [page id: space=0, page number=254] log sequence number 1319931 is in the future! Current system log sequence number 375701.
2026-03-27  7:54:56 0 [ERROR] InnoDB: Your database may be corrupt or you may have copied the InnoDB tablespace but not the InnoDB log files. Please refer to https://mariadb.com/kb/en/library/innodb-recovery-modes/ for information about forcing recovery.
2026-03-27  7:54:56 0 [ERROR] InnoDB: Page [page id: space=0, page number=386] log sequence number 1319931 is in the future! Current system log sequence number 375701.
2026-03-27  7:54:56 0 [ERROR] InnoDB: Your database may be corrupt or you may have copied the InnoDB tablespace but not the InnoDB log files. Please refer to https://mariadb.com/kb/en/library/innodb-recovery-modes/ for information about forcing recovery.
2026-03-27  7:54:56 0 [ERROR] InnoDB: Page [page id: space=0, page number=255] log sequence number 1319991 is in the future! Current system log sequence number 375701.
2026-03-27  7:54:56 0 [ERROR] InnoDB: Your database may be corrupt or you may have copied the InnoDB tablespace but not the InnoDB log files. Please refer to https://mariadb.com/kb/en/library/innodb-recovery-modes/ for information about forcing recovery.
2026-03-27  7:54:56 0 [ERROR] InnoDB: Page [page id: space=0, page number=364] log sequence number 1319991 is in the future! Current system log sequence number 375701.
2026-03-27  7:54:56 0 [ERROR] InnoDB: Your database may be corrupt or you may have copied the InnoDB tablespace but not the InnoDB log files. Please refer to https://mariadb.com/kb/en/library/innodb-recovery-modes/ for information about forcing recovery.
2026-03-27  7:54:56 0 [ERROR] InnoDB: Page [page id: space=0, page number=256] log sequence number 1320035 is in the future! Current system log sequence number 375701.
2026-03-27  7:54:56 0 [ERROR] InnoDB: Your database may be corrupt or you may have copied the InnoDB tablespace but not the InnoDB log files. Please refer to https://mariadb.com/kb/en/library/innodb-recovery-modes/ for information about forcing recovery.
2026-03-27  7:54:56 0 [ERROR] InnoDB: Page [page id: space=0, page number=385] log sequence number 1320035 is in the future! Current system log sequence number 375701.
2026-03-27  7:54:56 0 [ERROR] InnoDB: Your database may be corrupt or you may have copied the InnoDB tablespace but not the InnoDB log files. Please refer to https://mariadb.com/kb/en/library/innodb-recovery-modes/ for information about forcing recovery.
2026-03-27  7:54:56 0 [ERROR] InnoDB: Page [page id: space=0, page number=257] log sequence number 1320079 is in the future! Current system log sequence number 375701.
2026-03-27  7:54:56 0 [ERROR] InnoDB: Your database may be corrupt or you may have copied the InnoDB tablespace but not the InnoDB log files. Please refer to https://mariadb.com/kb/en/library/innodb-recovery-modes/ for information about forcing recovery.
2026-03-27  7:54:56 0 [ERROR] InnoDB: Page [page id: space=0, page number=387] log sequence number 1320079 is in the future! Current system log sequence number 375701.
2026-03-27  7:54:56 0 [ERROR] InnoDB: Your database may be corrupt or you may have copied the InnoDB tablespace but not the InnoDB log files. Please refer to https://mariadb.com/kb/en/library/innodb-recovery-modes/ for information about forcing recovery.
2026-03-27  7:54:56 0 [ERROR] InnoDB: Page [page id: space=0, page number=258] log sequence number 1226809 is in the future! Current system log sequence number 375701.
2026-03-27  7:54:56 0 [ERROR] InnoDB: Your database may be corrupt or you may have copied the InnoDB tablespace but not the InnoDB log files. Please refer to https://mariadb.com/kb/en/library/innodb-recovery-modes/ for information about forcing recovery.
2026-03-27  7:54:56 0 [ERROR] InnoDB: Page [page id: space=0, page number=396] log sequence number 1226809 is in the future! Current system log sequence number 375701.
2026-03-27  7:54:56 0 [ERROR] InnoDB: Your database may be corrupt or you may have copied the InnoDB tablespace but not the InnoDB log files. Please refer to https://mariadb.com/kb/en/library/innodb-recovery-modes/ for information about forcing recovery.
2026-03-27  7:54:56 0 [ERROR] InnoDB: Page [page id: space=0, page number=259] log sequence number 1320123 is in the future! Current system log sequence number 375701.
2026-03-27  7:54:56 0 [ERROR] InnoDB: Your database may be corrupt or you may have copied the InnoDB tablespace but not the InnoDB log files. Please refer to https://mariadb.com/kb/en/library/innodb-recovery-modes/ for information about forcing recovery.
2026-03-27  7:54:56 0 [ERROR] InnoDB: Page [page id: space=0, page number=331] log sequence number 1320123 is in the future! Current system log sequence number 375701.
2026-03-27  7:54:56 0 [ERROR] InnoDB: Your database may be corrupt or you may have copied the InnoDB tablespace but not the InnoDB log files. Please refer to https://mariadb.com/kb/en/library/innodb-recovery-modes/ for information about forcing recovery.
2026-03-27  7:54:56 0 [ERROR] InnoDB: Page [page id: space=0, page number=260] log sequence number 1648633 is in the future! Current system log sequence number 375701.
2026-03-27  7:54:56 0 [ERROR] InnoDB: Your database may be corrupt or you may have copied the InnoDB tablespace but not the InnoDB log files. Please refer to https://mariadb.com/kb/en/library/innodb-recovery-modes/ for information about forcing recovery.
2026-03-27  7:54:56 0 [ERROR] InnoDB: Page [page id: space=0, page number=395] log sequence number 1648633 is in the future! Current system log sequence number 375701.
2026-03-27  7:54:56 0 [ERROR] InnoDB: Your database may be corrupt or you may have copied the InnoDB tablespace but not the InnoDB log files. Please refer to https://mariadb.com/kb/en/library/innodb-recovery-modes/ for information about forcing recovery.
2026-03-27  7:54:56 0 [ERROR] InnoDB: Page [page id: space=0, page number=261] log sequence number 1648693 is in the future! Current system log sequence number 375701.
2026-03-27  7:54:56 0 [ERROR] InnoDB: Your database may be corrupt or you may have copied the InnoDB tablespace but not the InnoDB log files. Please refer to https://mariadb.com/kb/en/library/innodb-recovery-modes/ for information about forcing recovery.
2026-03-27  7:54:56 0 [ERROR] InnoDB: Page [page id: space=0, page number=398] log sequence number 1648693 is in the future! Current system log sequence number 375701.
2026-03-27  7:54:56 0 [ERROR] InnoDB: Your database may be corrupt or you may have copied the InnoDB tablespace but not the InnoDB log files. Please refer to https://mariadb.com/kb/en/library/innodb-recovery-modes/ for information about forcing recovery.
2026-03-27  7:54:56 0 [ERROR] InnoDB: Page [page id: space=0, page number=262] log sequence number 1648737 is in the future! Current system log sequence number 375701.
2026-03-27  7:54:56 0 [ERROR] InnoDB: Your database may be corrupt or you may have copied the InnoDB tablespace but not the InnoDB log files. Please refer to https://mariadb.com/kb/en/library/innodb-recovery-modes/ for information about forcing recovery.
2026-03-27  7:54:56 0 [ERROR] InnoDB: Page [page id: space=0, page number=397] log sequence number 1648737 is in the future! Current system log sequence number 375701.
2026-03-27  7:54:56 0 [ERROR] InnoDB: Your database may be corrupt or you may have copied the InnoDB tablespace but not the InnoDB log files. Please refer to https://mariadb.com/kb/en/library/innodb-recovery-modes/ for information about forcing recovery.
2026-03-27  7:54:56 0 [ERROR] InnoDB: Page [page id: space=0, page number=263] log sequence number 1648781 is in the future! Current system log sequence number 375701.
2026-03-27  7:54:56 0 [ERROR] InnoDB: Your database may be corrupt or you may have copied the InnoDB tablespace but not the InnoDB log files. Please refer to https://mariadb.com/kb/en/library/innodb-recovery-modes/ for information about forcing recovery.
2026-03-27  7:54:56 0 [ERROR] InnoDB: Page [page id: space=0, page number=405] log sequence number 1648781 is in the future! Current system log sequence number 375701.
2026-03-27  7:54:56 0 [ERROR] InnoDB: Your database may be corrupt or you may have copied the InnoDB tablespace but not the InnoDB log files. Please refer to https://mariadb.com/kb/en/library/innodb-recovery-modes/ for information about forcing recovery.
2026-03-27  7:54:56 0 [ERROR] InnoDB: Page [page id: space=0, page number=264] log sequence number 1648825 is in the future! Current system log sequence number 375701.
2026-03-27  7:54:56 0 [ERROR] InnoDB: Your database may be corrupt or you may have copied the InnoDB tablespace but not the InnoDB log files. Please refer to https://mariadb.com/kb/en/library/innodb-recovery-modes/ for information about forcing recovery.
2026-03-27  7:54:56 0 [ERROR] InnoDB: Page [page id: space=0, page number=399] log sequence number 1648825 is in the future! Current system log sequence number 375701.
2026-03-27  7:54:56 0 [ERROR] InnoDB: Your database may be corrupt or you may have copied the InnoDB tablespace but not the InnoDB log files. Please refer to https://mariadb.com/kb/en/library/innodb-recovery-modes/ for information about forcing recovery.
2026-03-27  7:54:56 0 [ERROR] InnoDB: Page [page id: space=0, page number=265] log sequence number 1648869 is in the future! Current system log sequence number 375701.
2026-03-27  7:54:56 0 [ERROR] InnoDB: Your database may be corrupt or you may have copied the InnoDB tablespace but not the InnoDB log files. Please refer to https://mariadb.com/kb/en/library/innodb-recovery-modes/ for information about forcing recovery.
2026-03-27  7:54:56 0 [ERROR] InnoDB: Page [page id: space=0, page number=400] log sequence number 1648869 is in the future! Current system log sequence number 375701.
2026-03-27  7:54:56 0 [ERROR] InnoDB: Your database may be corrupt or you may have copied the InnoDB tablespace but not the InnoDB log files. Please refer to https://mariadb.com/kb/en/library/innodb-recovery-modes/ for information about forcing recovery.
2026-03-27  7:54:56 0 [ERROR] InnoDB: Page [page id: space=0, page number=266] log sequence number 1648913 is in the future! Current system log sequence number 375701.
2026-03-27  7:54:56 0 [ERROR] InnoDB: Your database may be corrupt or you may have copied the InnoDB tablespace but not the InnoDB log files. Please refer to https://mariadb.com/kb/en/library/innodb-recovery-modes/ for information about forcing recovery.
2026-03-27  7:54:56 0 [ERROR] InnoDB: Page [page id: space=0, page number=437] log sequence number 1648913 is in the future! Current system log sequence number 375701.
2026-03-27  7:54:56 0 [ERROR] InnoDB: Your database may be corrupt or you may have copied the InnoDB tablespace but not the InnoDB log files. Please refer to https://mariadb.com/kb/en/library/innodb-recovery-modes/ for information about forcing recovery.
2026-03-27  7:54:56 0 [ERROR] InnoDB: Page [page id: space=0, page number=267] log sequence number 1648957 is in the future! Current system log sequence number 375701.
2026-03-27  7:54:56 0 [ERROR] InnoDB: Your database may be corrupt or you may have copied the InnoDB tablespace but not the InnoDB log files. Please refer to https://mariadb.com/kb/en/library/innodb-recovery-modes/ for information about forcing recovery.
2026-03-27  7:54:56 0 [ERROR] InnoDB: Page [page id: space=0, page number=401] log sequence number 1648957 is in the future! Current system log sequence number 375701.
2026-03-27  7:54:56 0 [ERROR] InnoDB: Your database may be corrupt or you may have copied the InnoDB tablespace but not the InnoDB log files. Please refer to https://mariadb.com/kb/en/library/innodb-recovery-modes/ for information about forcing recovery.
2026-03-27  7:54:56 0 [ERROR] InnoDB: Page [page id: space=0, page number=268] log sequence number 1649001 is in the future! Current system log sequence number 375701.
2026-03-27  7:54:56 0 [ERROR] InnoDB: Your database may be corrupt or you may have copied the InnoDB tablespace but not the InnoDB log files. Please refer to https://mariadb.com/kb/en/library/innodb-recovery-modes/ for information about forcing recovery.
2026-03-27  7:54:56 0 [ERROR] InnoDB: Page [page id: space=0, page number=332] log sequence number 1649001 is in the future! Current system log sequence number 375701.
2026-03-27  7:54:56 0 [ERROR] InnoDB: Your database may be corrupt or you may have copied the InnoDB tablespace but not the InnoDB log files. Please refer to https://mariadb.com/kb/en/library/innodb-recovery-modes/ for information about forcing recovery.
2026-03-27  7:54:56 0 [ERROR] InnoDB: Page [page id: space=0, page number=269] log sequence number 1649045 is in the future! Current system log sequence number 375701.
2026-03-27  7:54:56 0 [ERROR] InnoDB: Your database may be corrupt or you may have copied the InnoDB tablespace but not the InnoDB log files. Please refer to https://mariadb.com/kb/en/library/innodb-recovery-modes/ for information about forcing recovery.
2026-03-27  7:54:56 0 [ERROR] InnoDB: Page [page id: space=0, page number=403] log sequence number 1649045 is in the future! Current system log sequence number 375701.
2026-03-27  7:54:56 0 [ERROR] InnoDB: Your database may be corrupt or you may have copied the InnoDB tablespace but not the InnoDB log files. Please refer to https://mariadb.com/kb/en/library/innodb-recovery-modes/ for information about forcing recovery.
2026-03-27  7:54:56 0 [ERROR] InnoDB: Page [page id: space=0, page number=270] log sequence number 1649089 is in the future! Current system log sequence number 375701.
2026-03-27  7:54:56 0 [ERROR] InnoDB: Your database may be corrupt or you may have copied the InnoDB tablespace but not the InnoDB log files. Please refer to https://mariadb.com/kb/en/library/innodb-recovery-modes/ for information about forcing recovery.
2026-03-27  7:54:56 0 [ERROR] InnoDB: Page [page id: space=0, page number=404] log sequence number 1649089 is in the future! Current system log sequence number 375701.
2026-03-27  7:54:56 0 [ERROR] InnoDB: Your database may be corrupt or you may have copied the InnoDB tablespace but not the InnoDB log files. Please refer to https://mariadb.com/kb/en/library/innodb-recovery-modes/ for information about forcing recovery.
2026-03-27  7:54:56 0 [ERROR] InnoDB: Page [page id: space=0, page number=271] log sequence number 1649133 is in the future! Current system log sequence number 375701.
2026-03-27  7:54:56 0 [ERROR] InnoDB: Your database may be corrupt or you may have copied the InnoDB tablespace but not the InnoDB log files. Please refer to https://mariadb.com/kb/en/library/innodb-recovery-modes/ for information about forcing recovery.
2026-03-27  7:54:56 0 [ERROR] InnoDB: Page [page id: space=0, page number=317] log sequence number 1649133 is in the future! Current system log sequence number 375701.
2026-03-27  7:54:56 0 [ERROR] InnoDB: Your database may be corrupt or you may have copied the InnoDB tablespace but not the InnoDB log files. Please refer to https://mariadb.com/kb/en/library/innodb-recovery-modes/ for information about forcing recovery.
2026-03-27  7:54:56 0 [ERROR] InnoDB: Page [page id: space=0, page number=272] log sequence number 1649193 is in the future! Current system log sequence number 375701.
2026-03-27  7:54:56 0 [ERROR] InnoDB: Your database may be corrupt or you may have copied the InnoDB tablespace but not the InnoDB log files. Please refer to https://mariadb.com/kb/en/library/innodb-recovery-modes/ for information about forcing recovery.
2026-03-27  7:54:56 0 [ERROR] InnoDB: Page [page id: space=0, page number=406] log sequence number 1649193 is in the future! Current system log sequence number 375701.
2026-03-27  7:54:56 0 [ERROR] InnoDB: Your database may be corrupt or you may have copied the InnoDB tablespace but not the InnoDB log files. Please refer to https://mariadb.com/kb/en/library/innodb-recovery-modes/ for information about forcing recovery.
2026-03-27  7:54:56 0 [ERROR] InnoDB: Page [page id: space=0, page number=273] log sequence number 1649237 is in the future! Current system log sequence number 375701.
2026-03-27  7:54:56 0 [ERROR] InnoDB: Your database may be corrupt or you may have copied the InnoDB tablespace but not the InnoDB log files. Please refer to https://mariadb.com/kb/en/library/innodb-recovery-modes/ for information about forcing recovery.
2026-03-27  7:54:56 0 [ERROR] InnoDB: Page [page id: space=0, page number=334] log sequence number 1649237 is in the future! Current system log sequence number 375701.
2026-03-27  7:54:56 0 [ERROR] InnoDB: Your database may be corrupt or you may have copied the InnoDB tablespace but not the InnoDB log files. Please refer to https://mariadb.com/kb/en/library/innodb-recovery-modes/ for information about forcing recovery.
2026-03-27  7:54:56 0 [ERROR] InnoDB: Page [page id: space=0, page number=274] log sequence number 1649281 is in the future! Current system log sequence number 375701.
2026-03-27  7:54:56 0 [ERROR] InnoDB: Your database may be corrupt or you may have copied the InnoDB tablespace but not the InnoDB log files. Please refer to https://mariadb.com/kb/en/library/innodb-recovery-modes/ for information about forcing recovery.
2026-03-27  7:54:56 0 [ERROR] InnoDB: Page [page id: space=0, page number=409] log sequence number 1649281 is in the future! Current system log sequence number 375701.
2026-03-27  7:54:56 0 [ERROR] InnoDB: Your database may be corrupt or you may have copied the InnoDB tablespace but not the InnoDB log files. Please refer to https://mariadb.com/kb/en/library/innodb-recovery-modes/ for information about forcing recovery.
2026-03-27  7:54:56 0 [ERROR] InnoDB: Page [page id: space=0, page number=275] log sequence number 1649325 is in the future! Current system log sequence number 375701.
2026-03-27  7:54:56 0 [ERROR] InnoDB: Your database may be corrupt or you may have copied the InnoDB tablespace but not the InnoDB log files. Please refer to https://mariadb.com/kb/en/library/innodb-recovery-modes/ for information about forcing recovery.
2026-03-27  7:54:56 0 [ERROR] InnoDB: Page [page id: space=0, page number=352] log sequence number 1649325 is in the future! Current system log sequence number 375701.
2026-03-27  7:54:56 0 [ERROR] InnoDB: Your database may be corrupt or you may have copied the InnoDB tablespace but not the InnoDB log files. Please refer to https://mariadb.com/kb/en/library/innodb-recovery-modes/ for information about forcing recovery.
2026-03-27  7:54:56 0 [ERROR] InnoDB: Page [page id: space=0, page number=278] log sequence number 1236052 is in the future! Current system log sequence number 375701.
2026-03-27  7:54:56 0 [ERROR] InnoDB: Your database may be corrupt or you may have copied the InnoDB tablespace but not the InnoDB log files. Please refer to https://mariadb.com/kb/en/library/innodb-recovery-modes/ for information about forcing recovery.
2026-03-27  7:54:56 0 [ERROR] InnoDB: Page [page id: space=0, page number=413] log sequence number 1236052 is in the future! Current system log sequence number 375701.
2026-03-27  7:54:56 0 [ERROR] InnoDB: Your database may be corrupt or you may have copied the InnoDB tablespace but not the InnoDB log files. Please refer to https://mariadb.com/kb/en/library/innodb-recovery-modes/ for information about forcing recovery.
2026-03-27  7:54:56 0 [ERROR] InnoDB: Page [page id: space=0, page number=279] log sequence number 1237075 is in the future! Current system log sequence number 375701.
2026-03-27  7:54:56 0 [ERROR] InnoDB: Your database may be corrupt or you may have copied the InnoDB tablespace but not the InnoDB log files. Please refer to https://mariadb.com/kb/en/library/innodb-recovery-modes/ for information about forcing recovery.
2026-03-27  7:54:56 0 [ERROR] InnoDB: Page [page id: space=0, page number=414] log sequence number 1237075 is in the future! Current system log sequence number 375701.
2026-03-27  7:54:56 0 [ERROR] InnoDB: Your database may be corrupt or you may have copied the InnoDB tablespace but not the InnoDB log files. Please refer to https://mariadb.com/kb/en/library/innodb-recovery-modes/ for information about forcing recovery.
2026-03-27  7:54:56 0 [ERROR] InnoDB: Page [page id: space=0, page number=280] log sequence number 1237119 is in the future! Current system log sequence number 375701.
2026-03-27  7:54:56 0 [ERROR] InnoDB: Your database may be corrupt or you may have copied the InnoDB tablespace but not the InnoDB log files. Please refer to https://mariadb.com/kb/en/library/innodb-recovery-modes/ for information about forcing recovery.
2026-03-27  7:54:56 0 [ERROR] InnoDB: Page [page id: space=0, page number=415] log sequence number 1237119 is in the future! Current system log sequence number 375701.
2026-03-27  7:54:56 0 [ERROR] InnoDB: Your database may be corrupt or you may have copied the InnoDB tablespace but not the InnoDB log files. Please refer to https://mariadb.com/kb/en/library/innodb-recovery-modes/ for information about forcing recovery.
2026-03-27  7:54:56 0 [ERROR] InnoDB: Page [page id: space=0, page number=281] log sequence number 1266772 is in the future! Current system log sequence number 375701.
2026-03-27  7:54:56 0 [ERROR] InnoDB: Your database may be corrupt or you may have copied the InnoDB tablespace but not the InnoDB log files. Please refer to https://mariadb.com/kb/en/library/innodb-recovery-modes/ for information about forcing recovery.
2026-03-27  7:54:56 0 [ERROR] InnoDB: Page [page id: space=0, page number=416] log sequence number 1266772 is in the future! Current system log sequence number 375701.
2026-03-27  7:54:56 0 [ERROR] InnoDB: Your database may be corrupt or you may have copied the InnoDB tablespace but not the InnoDB log files. Please refer to https://mariadb.com/kb/en/library/innodb-recovery-modes/ for information about forcing recovery.
2026-03-27  7:54:56 0 [ERROR] InnoDB: Page [page id: space=0, page number=282] log sequence number 1266816 is in the future! Current system log sequence number 375701.
2026-03-27  7:54:56 0 [ERROR] InnoDB: Your database may be corrupt or you may have copied the InnoDB tablespace but not the InnoDB log files. Please refer to https://mariadb.com/kb/en/library/innodb-recovery-modes/ for information about forcing recovery.
2026-03-27  7:54:56 0 [ERROR] InnoDB: Page [page id: space=0, page number=417] log sequence number 1266816 is in the future! Current system log sequence number 375701.
2026-03-27  7:54:56 0 [ERROR] InnoDB: Your database may be corrupt or you may have copied the InnoDB tablespace but not the InnoDB log files. Please refer to https://mariadb.com/kb/en/library/innodb-recovery-modes/ for information about forcing recovery.
2026-03-27  7:54:56 0 [ERROR] InnoDB: Page [page id: space=0, page number=283] log sequence number 1266860 is in the future! Current system log sequence number 375701.
2026-03-27  7:54:56 0 [ERROR] InnoDB: Your database may be corrupt or you may have copied the InnoDB tablespace but not the InnoDB log files. Please refer to https://mariadb.com/kb/en/library/innodb-recovery-modes/ for information about forcing recovery.
2026-03-27  7:54:56 0 [ERROR] InnoDB: Page [page id: space=0, page number=418] log sequence number 1266860 is in the future! Current system log sequence number 375701.
2026-03-27  7:54:56 0 [ERROR] InnoDB: Your database may be corrupt or you may have copied the InnoDB tablespace but not the InnoDB log files. Please refer to https://mariadb.com/kb/en/library/innodb-recovery-modes/ for information about forcing recovery.
2026-03-27  7:54:56 0 [ERROR] InnoDB: Page [page id: space=0, page number=284] log sequence number 1266904 is in the future! Current system log sequence number 375701.
2026-03-27  7:54:56 0 [ERROR] InnoDB: Your database may be corrupt or you may have copied the InnoDB tablespace but not the InnoDB log files. Please refer to https://mariadb.com/kb/en/library/innodb-recovery-modes/ for information about forcing recovery.
2026-03-27  7:54:56 0 [ERROR] InnoDB: Page [page id: space=0, page number=419] log sequence number 1266904 is in the future! Current system log sequence number 375701.
2026-03-27  7:54:56 0 [ERROR] InnoDB: Your database may be corrupt or you may have copied the InnoDB tablespace but not the InnoDB log files. Please refer to https://mariadb.com/kb/en/library/innodb-recovery-modes/ for information about forcing recovery.
2026-03-27  7:54:56 0 [ERROR] InnoDB: Page [page id: space=0, page number=285] log sequence number 1267010 is in the future! Current system log sequence number 375701.
2026-03-27  7:54:56 0 [ERROR] InnoDB: Your database may be corrupt or you may have copied the InnoDB tablespace but not the InnoDB log files. Please refer to https://mariadb.com/kb/en/library/innodb-recovery-modes/ for information about forcing recovery.
2026-03-27  7:54:56 0 [ERROR] InnoDB: Page [page id: space=0, page number=286] log sequence number 1267054 is in the future! Current system log sequence number 375701.
2026-03-27  7:54:56 0 [ERROR] InnoDB: Your database may be corrupt or you may have copied the InnoDB tablespace but not the InnoDB log files. Please refer to https://mariadb.com/kb/en/library/innodb-recovery-modes/ for information about forcing recovery.
2026-03-27  7:54:56 0 [ERROR] InnoDB: Page [page id: space=0, page number=421] log sequence number 1267054 is in the future! Current system log sequence number 375701.
2026-03-27  7:54:56 0 [ERROR] InnoDB: Your database may be corrupt or you may have copied the InnoDB tablespace but not the InnoDB log files. Please refer to https://mariadb.com/kb/en/library/innodb-recovery-modes/ for information about forcing recovery.
2026-03-27  7:54:56 0 [ERROR] InnoDB: Page [page id: space=0, page number=287] log sequence number 1267098 is in the future! Current system log sequence number 375701.
2026-03-27  7:54:56 0 [ERROR] InnoDB: Your database may be corrupt or you may have copied the InnoDB tablespace but not the InnoDB log files. Please refer to https://mariadb.com/kb/en/library/innodb-recovery-modes/ for information about forcing recovery.
2026-03-27  7:54:56 0 [ERROR] InnoDB: Page [page id: space=0, page number=422] log sequence number 1267098 is in the future! Current system log sequence number 375701.
2026-03-27  7:54:56 0 [ERROR] InnoDB: Your database may be corrupt or you may have copied the InnoDB tablespace but not the InnoDB log files. Please refer to https://mariadb.com/kb/en/library/innodb-recovery-modes/ for information about forcing recovery.
2026-03-27  7:54:56 0 [ERROR] InnoDB: Page [page id: space=0, page number=288] log sequence number 1267220 is in the future! Current system log sequence number 375701.
2026-03-27  7:54:56 0 [ERROR] InnoDB: Your database may be corrupt or you may have copied the InnoDB tablespace but not the InnoDB log files. Please refer to https://mariadb.com/kb/en/library/innodb-recovery-modes/ for information about forcing recovery.
2026-03-27  7:54:56 0 [ERROR] InnoDB: Page [page id: space=0, page number=289] log sequence number 1267264 is in the future! Current system log sequence number 375701.
2026-03-27  7:54:56 0 [ERROR] InnoDB: Your database may be corrupt or you may have copied the InnoDB tablespace but not the InnoDB log files. Please refer to https://mariadb.com/kb/en/library/innodb-recovery-modes/ for information about forcing recovery.
2026-03-27  7:54:56 0 [ERROR] InnoDB: Page [page id: space=0, page number=424] log sequence number 1267264 is in the future! Current system log sequence number 375701.
2026-03-27  7:54:56 0 [ERROR] InnoDB: Your database may be corrupt or you may have copied the InnoDB tablespace but not the InnoDB log files. Please refer to https://mariadb.com/kb/en/library/innodb-recovery-modes/ for information about forcing recovery.
2026-03-27  7:54:56 0 [ERROR] InnoDB: Page [page id: space=0, page number=290] log sequence number 1267308 is in the future! Current system log sequence number 375701.
2026-03-27  7:54:56 0 [ERROR] InnoDB: Your database may be corrupt or you may have copied the InnoDB tablespace but not the InnoDB log files. Please refer to https://mariadb.com/kb/en/library/innodb-recovery-modes/ for information about forcing recovery.
2026-03-27  7:54:56 0 [ERROR] InnoDB: Page [page id: space=0, page number=425] log sequence number 1267308 is in the future! Current system log sequence number 375701.
2026-03-27  7:54:56 0 [ERROR] InnoDB: Your database may be corrupt or you may have copied the InnoDB tablespace but not the InnoDB log files. Please refer to https://mariadb.com/kb/en/library/innodb-recovery-modes/ for information about forcing recovery.
2026-03-27  7:54:56 0 [ERROR] InnoDB: Page [page id: space=0, page number=291] log sequence number 1267352 is in the future! Current system log sequence number 375701.
2026-03-27  7:54:56 0 [ERROR] InnoDB: Your database may be corrupt or you may have copied the InnoDB tablespace but not the InnoDB log files. Please refer to https://mariadb.com/kb/en/library/innodb-recovery-modes/ for information about forcing recovery.
2026-03-27  7:54:56 0 [ERROR] InnoDB: Page [page id: space=0, page number=337] log sequence number 1267352 is in the future! Current system log sequence number 375701.
2026-03-27  7:54:56 0 [ERROR] InnoDB: Your database may be corrupt or you may have copied the InnoDB tablespace but not the InnoDB log files. Please refer to https://mariadb.com/kb/en/library/innodb-recovery-modes/ for information about forcing recovery.
2026-03-27  7:54:56 0 [ERROR] InnoDB: Page [page id: space=0, page number=292] log sequence number 1267396 is in the future! Current system log sequence number 375701.
2026-03-27  7:54:56 0 [ERROR] InnoDB: Your database may be corrupt or you may have copied the InnoDB tablespace but not the InnoDB log files. Please refer to https://mariadb.com/kb/en/library/innodb-recovery-modes/ for information about forcing recovery.
2026-03-27  7:54:56 0 [ERROR] InnoDB: Page [page id: space=0, page number=427] log sequence number 1267396 is in the future! Current system log sequence number 375701.
2026-03-27  7:54:56 0 [ERROR] InnoDB: Your database may be corrupt or you may have copied the InnoDB tablespace but not the InnoDB log files. Please refer to https://mariadb.com/kb/en/library/innodb-recovery-modes/ for information about forcing recovery.
2026-03-27  7:54:56 0 [ERROR] InnoDB: Page [page id: space=0, page number=293] log sequence number 1267440 is in the future! Current system log sequence number 375701.
2026-03-27  7:54:56 0 [ERROR] InnoDB: Your database may be corrupt or you may have copied the InnoDB tablespace but not the InnoDB log files. Please refer to https://mariadb.com/kb/en/library/innodb-recovery-modes/ for information about forcing recovery.
2026-03-27  7:54:56 0 [ERROR] InnoDB: Page [page id: space=0, page number=428] log sequence number 1267440 is in the future! Current system log sequence number 375701.
2026-03-27  7:54:56 0 [ERROR] InnoDB: Your database may be corrupt or you may have copied the InnoDB tablespace but not the InnoDB log files. Please refer to https://mariadb.com/kb/en/library/innodb-recovery-modes/ for information about forcing recovery.
2026-03-27  7:54:56 0 [ERROR] InnoDB: Page [page id: space=0, page number=294] log sequence number 1267484 is in the future! Current system log sequence number 375701.
2026-03-27  7:54:56 0 [ERROR] InnoDB: Your database may be corrupt or you may have copied the InnoDB tablespace but not the InnoDB log files. Please refer to https://mariadb.com/kb/en/library/innodb-recovery-modes/ for information about forcing recovery.
2026-03-27  7:54:56 0 [ERROR] InnoDB: Page [page id: space=0, page number=429] log sequence number 1267484 is in the future! Current system log sequence number 375701.
2026-03-27  7:54:56 0 [ERROR] InnoDB: Your database may be corrupt or you may have copied the InnoDB tablespace but not the InnoDB log files. Please refer to https://mariadb.com/kb/en/library/innodb-recovery-modes/ for information about forcing recovery.
2026-03-27  7:54:56 0 [ERROR] InnoDB: Page [page id: space=0, page number=295] log sequence number 1267528 is in the future! Current system log sequence number 375701.
2026-03-27  7:54:56 0 [ERROR] InnoDB: Your database may be corrupt or you may have copied the InnoDB tablespace but not the InnoDB log files. Please refer to https://mariadb.com/kb/en/library/innodb-recovery-modes/ for information about forcing recovery.
2026-03-27  7:54:56 0 [ERROR] InnoDB: Page [page id: space=0, page number=430] log sequence number 1267528 is in the future! Current system log sequence number 375701.
2026-03-27  7:54:56 0 [ERROR] InnoDB: Your database may be corrupt or you may have copied the InnoDB tablespace but not the InnoDB log files. Please refer to https://mariadb.com/kb/en/library/innodb-recovery-modes/ for information about forcing recovery.
2026-03-27  7:54:56 0 [ERROR] InnoDB: Page [page id: space=0, page number=296] log sequence number 1267572 is in the future! Current system log sequence number 375701.
2026-03-27  7:54:56 0 [ERROR] InnoDB: Your database may be corrupt or you may have copied the InnoDB tablespace but not the InnoDB log files. Please refer to https://mariadb.com/kb/en/library/innodb-recovery-modes/ for information about forcing recovery.
2026-03-27  7:54:56 0 [ERROR] InnoDB: Page [page id: space=0, page number=431] log sequence number 1267572 is in the future! Current system log sequence number 375701.
2026-03-27  7:54:56 0 [ERROR] InnoDB: Your database may be corrupt or you may have copied the InnoDB tablespace but not the InnoDB log files. Please refer to https://mariadb.com/kb/en/library/innodb-recovery-modes/ for information about forcing recovery.
2026-03-27  7:54:56 0 [ERROR] InnoDB: Page [page id: space=0, page number=297] log sequence number 1280930 is in the future! Current system log sequence number 375701.
2026-03-27  7:54:56 0 [ERROR] InnoDB: Your database may be corrupt or you may have copied the InnoDB tablespace but not the InnoDB log files. Please refer to https://mariadb.com/kb/en/library/innodb-recovery-modes/ for information about forcing recovery.
2026-03-27  7:54:56 0 [ERROR] InnoDB: Page [page id: space=0, page number=380] log sequence number 1280930 is in the future! Current system log sequence number 375701.
2026-03-27  7:54:56 0 [ERROR] InnoDB: Your database may be corrupt or you may have copied the InnoDB tablespace but not the InnoDB log files. Please refer to https://mariadb.com/kb/en/library/innodb-recovery-modes/ for information about forcing recovery.
2026-03-27  7:54:56 0 [ERROR] InnoDB: Page [page id: space=0, page number=298] log sequence number 1280974 is in the future! Current system log sequence number 375701.
2026-03-27  7:54:56 0 [ERROR] InnoDB: Your database may be corrupt or you may have copied the InnoDB tablespace but not the InnoDB log files. Please refer to https://mariadb.com/kb/en/library/innodb-recovery-modes/ for information about forcing recovery.
2026-03-27  7:54:56 0 [ERROR] InnoDB: Page [page id: space=0, page number=433] log sequence number 1280974 is in the future! Current system log sequence number 375701.
2026-03-27  7:54:56 0 [ERROR] InnoDB: Your database may be corrupt or you may have copied the InnoDB tablespace but not the InnoDB log files. Please refer to https://mariadb.com/kb/en/library/innodb-recovery-modes/ for information about forcing recovery.
2026-03-27  7:54:56 0 [ERROR] InnoDB: Page [page id: space=0, page number=299] log sequence number 1281018 is in the future! Current system log sequence number 375701.
2026-03-27  7:54:56 0 [ERROR] InnoDB: Your database may be corrupt or you may have copied the InnoDB tablespace but not the InnoDB log files. Please refer to https://mariadb.com/kb/en/library/innodb-recovery-modes/ for information about forcing recovery.
2026-03-27  7:54:56 0 [ERROR] InnoDB: Page [page id: space=0, page number=434] log sequence number 1281018 is in the future! Current system log sequence number 375701.
2026-03-27  7:54:56 0 [ERROR] InnoDB: Your database may be corrupt or you may have copied the InnoDB tablespace but not the InnoDB log files. Please refer to https://mariadb.com/kb/en/library/innodb-recovery-modes/ for information about forcing recovery.
2026-03-27  7:54:56 0 [ERROR] InnoDB: Page [page id: space=0, page number=300] log sequence number 1281078 is in the future! Current system log sequence number 375701.
2026-03-27  7:54:56 0 [ERROR] InnoDB: Your database may be corrupt or you may have copied the InnoDB tablespace but not the InnoDB log files. Please refer to https://mariadb.com/kb/en/library/innodb-recovery-modes/ for information about forcing recovery.
2026-03-27  7:54:56 0 [ERROR] InnoDB: Page [page id: space=0, page number=435] log sequence number 1281078 is in the future! Current system log sequence number 375701.
2026-03-27  7:54:56 0 [ERROR] InnoDB: Your database may be corrupt or you may have copied the InnoDB tablespace but not the InnoDB log files. Please refer to https://mariadb.com/kb/en/library/innodb-recovery-modes/ for information about forcing recovery.
2026-03-27  7:54:56 0 [ERROR] InnoDB: Page [page id: space=0, page number=10] log sequence number 4947534 is in the future! Current system log sequence number 375701.
2026-03-27  7:54:56 0 [ERROR] InnoDB: Your database may be corrupt or you may have copied the InnoDB tablespace but not the InnoDB log files. Please refer to https://mariadb.com/kb/en/library/innodb-recovery-modes/ for information about forcing recovery.
2026-03-27  7:54:56 0 [ERROR] InnoDB: Page [page id: space=0, page number=439] log sequence number 4947534 is in the future! Current system log sequence number 375701.
2026-03-27  7:54:56 0 [ERROR] InnoDB: Your database may be corrupt or you may have copied the InnoDB tablespace but not the InnoDB log files. Please refer to https://mariadb.com/kb/en/library/innodb-recovery-modes/ for information about forcing recovery.
2026-03-27  7:54:56 0 [ERROR] InnoDB: Page [page id: space=0, page number=302] log sequence number 1056243 is in the future! Current system log sequence number 375701.
2026-03-27  7:54:56 0 [ERROR] InnoDB: Your database may be corrupt or you may have copied the InnoDB tablespace but not the InnoDB log files. Please refer to https://mariadb.com/kb/en/library/innodb-recovery-modes/ for information about forcing recovery.
2026-03-27  7:54:56 0 [ERROR] InnoDB: Page [page id: space=0, page number=303] log sequence number 1053251 is in the future! Current system log sequence number 375701.
2026-03-27  7:54:56 0 [ERROR] InnoDB: Your database may be corrupt or you may have copied the InnoDB tablespace but not the InnoDB log files. Please refer to https://mariadb.com/kb/en/library/innodb-recovery-modes/ for information about forcing recovery.
2026-03-27  7:54:56 0 [ERROR] InnoDB: Page [page id: space=0, page number=304] log sequence number 1053304 is in the future! Current system log sequence number 375701.
2026-03-27  7:54:56 0 [ERROR] InnoDB: Your database may be corrupt or you may have copied the InnoDB tablespace but not the InnoDB log files. Please refer to https://mariadb.com/kb/en/library/innodb-recovery-modes/ for information about forcing recovery.
2026-03-27  7:54:56 0 [ERROR] InnoDB: Operating system error number 3 in a file operation.
2026-03-27  7:54:56 0 [ERROR] InnoDB: The error means the system cannot find the path specified.
2026-03-27  7:54:56 0 [ERROR] InnoDB: If you are installing InnoDB, remember that you must create directories yourself, InnoDB does not create them.
2026-03-27  7:54:56 0 [ERROR] InnoDB: Cannot open datafile for read-only: '.\mydb\sathwik.ibd' OS error: 203
2026-03-27  7:54:56 0 [ERROR] InnoDB: Operating system error number 203 in a file operation.
2026-03-27  7:54:56 0 [Note] InnoDB: Some operating system error numbers are described at https://mariadb.com/kb/en/library/operating-system-error-codes/
2026-03-27  7:54:56 0 [ERROR] InnoDB: Could not find a valid tablespace file for ``mydb`.`sathwik``. Please refer to https://mariadb.com/kb/en/innodb-data-dictionary-troubleshooting/ for how to resolve the issue.
2026-03-27  7:54:56 0 [Warning] InnoDB: Ignoring tablespace for `mydb`.`sathwik` because it could not be opened.
2026-03-27  7:54:56 0 [Note] InnoDB: 128 out of 128 rollback segments are active.
2026-03-27  7:54:56 0 [ERROR] InnoDB: Page [page id: space=0, page number=305] log sequence number 1056098 is in the future! Current system log sequence number 375701.
2026-03-27  7:54:56 0 [ERROR] InnoDB: Your database may be corrupt or you may have copied the InnoDB tablespace but not the InnoDB log files. Please refer to https://mariadb.com/kb/en/library/innodb-recovery-modes/ for information about forcing recovery.
2026-03-27  7:54:56 0 [Note] InnoDB: Removed temporary tablespace data file: "ibtmp1"
2026-03-27  7:54:56 0 [Note] InnoDB: Creating shared tablespace for temporary tables
2026-03-27  7:54:56 0 [Note] InnoDB: Setting file 'C:\xampp\mysql\data\ibtmp1' size to 12 MB. Physically writing the file full; Please wait ...
2026-03-27  7:54:56 0 [Note] InnoDB: File 'C:\xampp\mysql\data\ibtmp1' size is now 12 MB.
2026-03-27  7:54:56 0 [Note] InnoDB: Waiting for purge to start
2026-03-27  7:54:56 0 [Note] InnoDB: 10.4.32 started; log sequence number 375692; transaction id 5616
2026-03-27  7:54:56 0 [Note] InnoDB: Loading buffer pool(s) from C:\xampp\mysql\data\ib_buffer_pool
2026-03-27  7:54:56 0 [Note] Plugin 'FEEDBACK' is disabled.
2026-03-27  7:54:56 0 [ERROR] InnoDB: Page [page id: space=0, page number=243] log sequence number 397747 is in the future! Current system log sequence number 375701.
2026-03-27  7:54:56 0 [ERROR] InnoDB: Your database may be corrupt or you may have copied the InnoDB tablespace but not the InnoDB log files. Please refer to https://mariadb.com/kb/en/library/innodb-recovery-modes/ for information about forcing recovery.
2026-03-27  7:54:56 0 [Note] InnoDB: Buffer pool(s) load completed at 260327  7:54:56
2026-03-27  7:54:56 0 [Note] Server socket created on IP: '::'.
2026-03-27 13:12:33 0 [Note] Starting MariaDB 10.4.32-MariaDB source revision c4143f909528e3fab0677a28631d10389354c491 as process 11924
2026-03-27 13:12:33 0 [Note] InnoDB: Mutexes and rw_locks use Windows interlocked functions
2026-03-27 13:12:33 0 [Note] InnoDB: Uses event mutexes
2026-03-27 13:12:33 0 [Note] InnoDB: Compressed tables use zlib 1.3
2026-03-27 13:12:33 0 [Note] InnoDB: Number of pools: 1
2026-03-27 13:12:33 0 [Note] InnoDB: Using SSE2 crc32 instructions
2026-03-27 13:12:33 0 [Note] InnoDB: Initializing buffer pool, total size = 16M, instances = 1, chunk size = 16M
2026-03-27 13:12:33 0 [Note] InnoDB: Completed initialization of buffer pool
2026-03-27 13:12:33 0 [Note] InnoDB: Starting crash recovery from checkpoint LSN=397630
2026-03-27 13:12:33 0 [Warning] InnoDB: Are you sure you are using the right ib_logfiles to start up the database? Log sequence number in the ib_logfiles is 397630, less than the log sequence number in the first system tablespace file header, 1651414.
2026-03-27 13:12:33 0 [Warning] InnoDB: Ignoring a doublewrite copy of page [page id: space=0, page number=292] with future log sequence number 1117093
2026-03-27 13:12:33 0 [Warning] InnoDB: Ignoring a doublewrite copy of page [page id: space=0, page number=427] with future log sequence number 1117093
2026-03-27 13:12:33 0 [Warning] InnoDB: Ignoring a doublewrite copy of page [page id: space=0, page number=291] with future log sequence number 1117049
2026-03-27 13:12:33 0 [Warning] InnoDB: Ignoring a doublewrite copy of page [page id: space=0, page number=426] with future log sequence number 1117049
2026-03-27 13:12:33 0 [Warning] InnoDB: Ignoring a doublewrite copy of page [page id: space=0, page number=408] with future log sequence number 1117049
2026-03-27 13:12:33 0 [Warning] InnoDB: Ignoring a doublewrite copy of page [page id: space=0, page number=290] with future log sequence number 1116942
2026-03-27 13:12:33 0 [Warning] InnoDB: Ignoring a doublewrite copy of page [page id: space=0, page number=425] with future log sequence number 1116942
2026-03-27 13:12:33 0 [Warning] InnoDB: Ignoring a doublewrite copy of page [page id: space=0, page number=289] with future log sequence number 1116898
2026-03-27 13:12:33 0 [Warning] InnoDB: Ignoring a doublewrite copy of page [page id: space=0, page number=424] with future log sequence number 1116898
2026-03-27 13:12:33 0 [Warning] InnoDB: Ignoring a doublewrite copy of page [page id: space=0, page number=288] with future log sequence number 1116854
2026-03-27 13:12:33 0 [Warning] InnoDB: Ignoring a doublewrite copy of page [page id: space=0, page number=423] with future log sequence number 1116854
2026-03-27 13:12:33 0 [Warning] InnoDB: Ignoring a doublewrite copy of page [page id: space=0, page number=287] with future log sequence number 1116810
2026-03-27 13:12:33 0 [Warning] InnoDB: Ignoring a doublewrite copy of page [page id: space=0, page number=422] with future log sequence number 1116810
2026-03-27 13:12:33 0 [Warning] InnoDB: Ignoring a doublewrite copy of page [page id: space=0, page number=286] with future log sequence number 1116766
2026-03-27 13:12:33 0 [Warning] InnoDB: Ignoring a doublewrite copy of page [page id: space=0, page number=421] with future log sequence number 1116766
2026-03-27 13:12:33 0 [Warning] InnoDB: Ignoring a doublewrite copy of page [page id: space=0, page number=285] with future log sequence number 1116722
2026-03-27 13:12:33 0 [Warning] InnoDB: Ignoring a doublewrite copy of page [page id: space=0, page number=420] with future log sequence number 1116722
2026-03-27 13:12:33 0 [Warning] InnoDB: Ignoring a doublewrite copy of page [page id: space=0, page number=284] with future log sequence number 1116662
2026-03-27 13:12:33 0 [Warning] InnoDB: Ignoring a doublewrite copy of page [page id: space=0, page number=419] with future log sequence number 1116662
2026-03-27 13:12:33 0 [Warning] InnoDB: Ignoring a doublewrite copy of page [page id: space=0, page number=300] with future log sequence number 674742
2026-03-27 13:12:33 0 [Warning] InnoDB: Ignoring a doublewrite copy of page [page id: space=0, page number=435] with future log sequence number 674742
2026-03-27 13:12:33 0 [Warning] InnoDB: Ignoring a doublewrite copy of page [page id: space=0, page number=299] with future log sequence number 674698
2026-03-27 13:12:33 0 [Warning] InnoDB: Ignoring a doublewrite copy of page [page id: space=0, page number=434] with future log sequence number 674698
2026-03-27 13:12:33 0 [Warning] InnoDB: Ignoring a doublewrite copy of page [page id: space=0, page number=298] with future log sequence number 674654
2026-03-27 13:12:33 0 [Warning] InnoDB: Ignoring a doublewrite copy of page [page id: space=0, page number=433] with future log sequence number 674654
2026-03-27 13:12:33 0 [Warning] InnoDB: Ignoring a doublewrite copy of page [page id: space=0, page number=297] with future log sequence number 674610
2026-03-27 13:12:33 0 [Warning] InnoDB: Ignoring a doublewrite copy of page [page id: space=0, page number=432] with future log sequence number 674610
2026-03-27 13:12:33 0 [Warning] InnoDB: Ignoring a doublewrite copy of page [page id: space=0, page number=296] with future log sequence number 674503
2026-03-27 13:12:33 0 [Warning] InnoDB: Ignoring a doublewrite copy of page [page id: space=0, page number=431] with future log sequence number 674503
2026-03-27 13:12:33 0 [Warning] InnoDB: Ignoring a doublewrite copy of page [page id: space=0, page number=295] with future log sequence number 674459
2026-03-27 13:12:33 0 [Warning] InnoDB: Ignoring a doublewrite copy of page [page id: space=0, page number=430] with future log sequence number 674459
2026-03-27 13:12:33 0 [Warning] InnoDB: Ignoring a doublewrite copy of page [page id: space=0, page number=294] with future log sequence number 674415
2026-03-27 13:12:33 0 [Warning] InnoDB: Ignoring a doublewrite copy of page [page id: space=0, page number=429] with future log sequence number 674415
2026-03-27 13:12:33 0 [Warning] InnoDB: Ignoring a doublewrite copy of page [page id: space=0, page number=293] with future log sequence number 674371
2026-03-27 13:12:33 0 [Warning] InnoDB: Ignoring a doublewrite copy of page [page id: space=0, page number=222] with future log sequence number 1305314
2026-03-27 13:12:33 0 [Warning] InnoDB: Ignoring a doublewrite copy of page [page id: space=0, page number=359] with future log sequence number 1305314
2026-03-27 13:12:33 0 [Warning] InnoDB: Ignoring a doublewrite copy of page [page id: space=0, page number=221] with future log sequence number 1305043
2026-03-27 13:12:33 0 [Warning] InnoDB: Ignoring a doublewrite copy of page [page id: space=0, page number=358] with future log sequence number 1305043
2026-03-27 13:12:33 0 [Warning] InnoDB: Ignoring a doublewrite copy of page [page id: space=0, page number=220] with future log sequence number 1304788
2026-03-27 13:12:33 0 [Warning] InnoDB: Ignoring a doublewrite copy of page [page id: space=0, page number=402] with future log sequence number 1304788
2026-03-27 13:12:33 0 [Warning] InnoDB: Ignoring a doublewrite copy of page [page id: space=0, page number=215] with future log sequence number 1304383
2026-03-27 13:12:33 0 [Warning] InnoDB: Ignoring a doublewrite copy of page [page id: space=0, page number=315] with future log sequence number 1304383
2026-03-27 13:12:33 0 [Warning] InnoDB: Ignoring a doublewrite copy of page [page id: space=0, page number=214] with future log sequence number 1304339
2026-03-27 13:12:33 0 [Warning] InnoDB: Ignoring a doublewrite copy of page [page id: space=0, page number=326] with future log sequence number 1304339
2026-03-27 13:12:33 0 [Warning] InnoDB: Ignoring a doublewrite copy of page [page id: space=0, page number=213] with future log sequence number 1304295
2026-03-27 13:12:33 0 [Warning] InnoDB: Ignoring a doublewrite copy of page [page id: space=0, page number=350] with future log sequence number 1304295
2026-03-27 13:12:33 0 [Warning] InnoDB: Ignoring a doublewrite copy of page [page id: space=0, page number=212] with future log sequence number 1304251
2026-03-27 13:12:33 0 [ERROR] InnoDB: Page [page id: space=0, page number=2] log sequence number 862100 is in the future! Current system log sequence number 397648.
2026-03-27 13:12:33 0 [ERROR] InnoDB: Your database may be corrupt or you may have copied the InnoDB tablespace but not the InnoDB log files. Please refer to https://mariadb.com/kb/en/library/innodb-recovery-modes/ for information about forcing recovery.
2026-03-27 13:12:33 0 [ERROR] InnoDB: Page [page id: space=0, page number=6] log sequence number 1280363 is in the future! Current system log sequence number 397648.
2026-03-27 13:12:33 0 [ERROR] InnoDB: Your database may be corrupt or you may have copied the InnoDB tablespace but not the InnoDB log files. Please refer to https://mariadb.com/kb/en/library/innodb-recovery-modes/ for information about forcing recovery.
2026-03-27 13:12:33 0 [ERROR] InnoDB: Page [page id: space=0, page number=382] log sequence number 1280363 is in the future! Current system log sequence number 397648.
2026-03-27 13:12:33 0 [ERROR] InnoDB: Your database may be corrupt or you may have copied the InnoDB tablespace but not the InnoDB log files. Please refer to https://mariadb.com/kb/en/library/innodb-recovery-modes/ for information about forcing recovery.
2026-03-27 13:12:33 0 [ERROR] InnoDB: Page [page id: space=0, page number=45] log sequence number 1280402 is in the future! Current system log sequence number 397648.
2026-03-27 13:12:33 0 [ERROR] InnoDB: Your database may be corrupt or you may have copied the InnoDB tablespace but not the InnoDB log files. Please refer to https://mariadb.com/kb/en/library/innodb-recovery-modes/ for information about forcing recovery.
2026-03-27 13:12:33 0 [ERROR] InnoDB: Page [page id: space=0, page number=306] log sequence number 1280402 is in the future! Current system log sequence number 397648.
2026-03-27 13:12:33 0 [ERROR] InnoDB: Your database may be corrupt or you may have copied the InnoDB tablespace but not the InnoDB log files. Please refer to https://mariadb.com/kb/en/library/innodb-recovery-modes/ for information about forcing recovery.
2026-03-27 13:12:33 0 [ERROR] InnoDB: Page [page id: space=0, page number=53] log sequence number 1280730 is in the future! Current system log sequence number 397648.
2026-03-27 13:12:33 0 [ERROR] InnoDB: Your database may be corrupt or you may have copied the InnoDB tablespace but not the InnoDB log files. Please refer to https://mariadb.com/kb/en/library/innodb-recovery-modes/ for information about forcing recovery.
2026-03-27 13:12:33 0 [ERROR] InnoDB: Page [page id: space=0, page number=426] log sequence number 1280730 is in the future! Current system log sequence number 397648.
2026-03-27 13:12:33 0 [ERROR] InnoDB: Your database may be corrupt or you may have copied the InnoDB tablespace but not the InnoDB log files. Please refer to https://mariadb.com/kb/en/library/innodb-recovery-modes/ for information about forcing recovery.
2026-03-27 13:12:33 0 [ERROR] InnoDB: Page [page id: space=0, page number=59] log sequence number 1302799 is in the future! Current system log sequence number 397648.
2026-03-27 13:12:33 0 [ERROR] InnoDB: Your database may be corrupt or you may have copied the InnoDB tablespace but not the InnoDB log files. Please refer to https://mariadb.com/kb/en/library/innodb-recovery-modes/ for information about forcing recovery.
2026-03-27 13:12:33 0 [ERROR] InnoDB: Page [page id: space=0, page number=324] log sequence number 1302799 is in the future! Current system log sequence number 397648.
2026-03-27 13:12:33 0 [ERROR] InnoDB: Your database may be corrupt or you may have copied the InnoDB tablespace but not the InnoDB log files. Please refer to https://mariadb.com/kb/en/library/innodb-recovery-modes/ for information about forcing recovery.
2026-03-27 13:12:33 0 [ERROR] InnoDB: Page [page id: space=0, page number=63] log sequence number 1303127 is in the future! Current system log sequence number 397648.
2026-03-27 13:12:33 0 [ERROR] InnoDB: Your database may be corrupt or you may have copied the InnoDB tablespace but not the InnoDB log files. Please refer to https://mariadb.com/kb/en/library/innodb-recovery-modes/ for information about forcing recovery.
2026-03-27 13:12:33 0 [ERROR] InnoDB: Page [page id: space=0, page number=351] log sequence number 1303127 is in the future! Current system log sequence number 397648.
2026-03-27 13:12:33 0 [ERROR] InnoDB: Your database may be corrupt or you may have copied the InnoDB tablespace but not the InnoDB log files. Please refer to https://mariadb.com/kb/en/library/innodb-recovery-modes/ for information about forcing recovery.
2026-03-27 13:12:33 0 [ERROR] InnoDB: Page [page id: space=0, page number=192] log sequence number 1303213 is in the future! Current system log sequence number 397648.
2026-03-27 13:12:33 0 [ERROR] InnoDB: Your database may be corrupt or you may have copied the InnoDB tablespace but not the InnoDB log files. Please refer to https://mariadb.com/kb/en/library/innodb-recovery-modes/ for information about forcing recovery.
2026-03-27 13:12:33 0 [ERROR] InnoDB: Page [page id: space=0, page number=327] log sequence number 1303213 is in the future! Current system log sequence number 397648.
2026-03-27 13:12:33 0 [ERROR] InnoDB: Your database may be corrupt or you may have copied the InnoDB tablespace but not the InnoDB log files. Please refer to https://mariadb.com/kb/en/library/innodb-recovery-modes/ for information about forcing recovery.
2026-03-27 13:12:33 0 [ERROR] InnoDB: Page [page id: space=0, page number=197] log sequence number 1303575 is in the future! Current system log sequence number 397648.
2026-03-27 13:12:33 0 [ERROR] InnoDB: Your database may be corrupt or you may have copied the InnoDB tablespace but not the InnoDB log files. Please refer to https://mariadb.com/kb/en/library/innodb-recovery-modes/ for information about forcing recovery.
2026-03-27 13:12:33 0 [ERROR] InnoDB: Page [page id: space=0, page number=394] log sequence number 1303575 is in the future! Current system log sequence number 397648.
2026-03-27 13:12:33 0 [ERROR] InnoDB: Your database may be corrupt or you may have copied the InnoDB tablespace but not the InnoDB log files. Please refer to https://mariadb.com/kb/en/library/innodb-recovery-modes/ for information about forcing recovery.
2026-03-27 13:12:33 0 [ERROR] InnoDB: Page [page id: space=0, page number=209] log sequence number 1304119 is in the future! Current system log sequence number 397648.
2026-03-27 13:12:33 0 [ERROR] InnoDB: Your database may be corrupt or you may have copied the InnoDB tablespace but not the InnoDB log files. Please refer to https://mariadb.com/kb/en/library/innodb-recovery-modes/ for information about forcing recovery.
2026-03-27 13:12:33 0 [ERROR] InnoDB: Page [page id: space=0, page number=336] log sequence number 1304119 is in the future! Current system log sequence number 397648.
2026-03-27 13:12:33 0 [ERROR] InnoDB: Your database may be corrupt or you may have copied the InnoDB tablespace but not the InnoDB log files. Please refer to https://mariadb.com/kb/en/library/innodb-recovery-modes/ for information about forcing recovery.
2026-03-27 13:12:33 0 [ERROR] InnoDB: Page [page id: space=0, page number=212] log sequence number 1304251 is in the future! Current system log sequence number 397648.
2026-03-27 13:12:33 0 [ERROR] InnoDB: Your database may be corrupt or you may have copied the InnoDB tablespace but not the InnoDB log files. Please refer to https://mariadb.com/kb/en/library/innodb-recovery-modes/ for information about forcing recovery.
2026-03-27 13:12:33 0 [ERROR] InnoDB: Page [page id: space=0, page number=349] log sequence number 1304251 is in the future! Current system log sequence number 397648.
2026-03-27 13:12:33 0 [ERROR] InnoDB: Your database may be corrupt or you may have copied the InnoDB tablespace but not the InnoDB log files. Please refer to https://mariadb.com/kb/en/library/innodb-recovery-modes/ for information about forcing recovery.
2026-03-27 13:12:33 0 [ERROR] InnoDB: Page [page id: space=0, page number=215] log sequence number 1304383 is in the future! Current system log sequence number 397648.
2026-03-27 13:12:33 0 [ERROR] InnoDB: Your database may be corrupt or you may have copied the InnoDB tablespace but not the InnoDB log files. Please refer to https://mariadb.com/kb/en/library/innodb-recovery-modes/ for information about forcing recovery.
2026-03-27 13:12:33 0 [ERROR] InnoDB: Page [page id: space=0, page number=315] log sequence number 1304383 is in the future! Current system log sequence number 397648.
2026-03-27 13:12:33 0 [ERROR] InnoDB: Your database may be corrupt or you may have copied the InnoDB tablespace but not the InnoDB log files. Please refer to https://mariadb.com/kb/en/library/innodb-recovery-modes/ for information about forcing recovery.
2026-03-27 13:12:33 0 [ERROR] InnoDB: Page [page id: space=0, page number=218] log sequence number 1304515 is in the future! Current system log sequence number 397648.
2026-03-27 13:12:33 0 [ERROR] InnoDB: Your database may be corrupt or you may have copied the InnoDB tablespace but not the InnoDB log files. Please refer to https://mariadb.com/kb/en/library/innodb-recovery-modes/ for information about forcing recovery.
2026-03-27 13:12:33 0 [ERROR] InnoDB: Page [page id: space=0, page number=384] log sequence number 1304515 is in the future! Current system log sequence number 397648.
2026-03-27 13:12:33 0 [ERROR] InnoDB: Your database may be corrupt or you may have copied the InnoDB tablespace but not the InnoDB log files. Please refer to https://mariadb.com/kb/en/library/innodb-recovery-modes/ for information about forcing recovery.
2026-03-27 13:12:33 0 [ERROR] InnoDB: Page [page id: space=0, page number=221] log sequence number 1314148 is in the future! Current system log sequence number 397648.
2026-03-27 13:12:33 0 [ERROR] InnoDB: Your database may be corrupt or you may have copied the InnoDB tablespace but not the InnoDB log files. Please refer to https://mariadb.com/kb/en/library/innodb-recovery-modes/ for information about forcing recovery.
2026-03-27 13:12:33 0 [ERROR] InnoDB: Page [page id: space=0, page number=358] log sequence number 1314148 is in the future! Current system log sequence number 397648.
2026-03-27 13:12:33 0 [ERROR] InnoDB: Your database may be corrupt or you may have copied the InnoDB tablespace but not the InnoDB log files. Please refer to https://mariadb.com/kb/en/library/innodb-recovery-modes/ for information about forcing recovery.
2026-03-27 13:12:33 0 [ERROR] InnoDB: Page [page id: space=0, page number=224] log sequence number 1314280 is in the future! Current system log sequence number 397648.
2026-03-27 13:12:33 0 [ERROR] InnoDB: Your database may be corrupt or you may have copied the InnoDB tablespace but not the InnoDB log files. Please refer to https://mariadb.com/kb/en/library/innodb-recovery-modes/ for information about forcing recovery.
2026-03-27 13:12:33 0 [ERROR] InnoDB: Page [page id: space=0, page number=357] log sequence number 1314280 is in the future! Current system log sequence number 397648.
2026-03-27 13:12:33 0 [ERROR] InnoDB: Your database may be corrupt or you may have copied the InnoDB tablespace but not the InnoDB log files. Please refer to https://mariadb.com/kb/en/library/innodb-recovery-modes/ for information about forcing recovery.
2026-03-27 13:12:33 0 [ERROR] InnoDB: Page [page id: space=0, page number=227] log sequence number 1314428 is in the future! Current system log sequence number 397648.
2026-03-27 13:12:33 0 [ERROR] InnoDB: Your database may be corrupt or you may have copied the InnoDB tablespace but not the InnoDB log files. Please refer to https://mariadb.com/kb/en/library/innodb-recovery-modes/ for information about forcing recovery.
2026-03-27 13:12:33 0 [ERROR] InnoDB: Page [page id: space=0, page number=339] log sequence number 1314428 is in the future! Current system log sequence number 397648.
2026-03-27 13:12:33 0 [ERROR] InnoDB: Your database may be corrupt or you may have copied the InnoDB tablespace but not the InnoDB log files. Please refer to https://mariadb.com/kb/en/library/innodb-recovery-modes/ for information about forcing recovery.
2026-03-27 13:12:33 0 [ERROR] InnoDB: Page [page id: space=0, page number=230] log sequence number 1314560 is in the future! Current system log sequence number 397648.
2026-03-27 13:12:33 0 [ERROR] InnoDB: Your database may be corrupt or you may have copied the InnoDB tablespace but not the InnoDB log files. Please refer to https://mariadb.com/kb/en/library/innodb-recovery-modes/ for information about forcing recovery.
2026-03-27 13:12:33 0 [ERROR] InnoDB: Page [page id: space=0, page number=367] log sequence number 1314560 is in the future! Current system log sequence number 397648.
2026-03-27 13:12:33 0 [ERROR] InnoDB: Your database may be corrupt or you may have copied the InnoDB tablespace but not the InnoDB log files. Please refer to https://mariadb.com/kb/en/library/innodb-recovery-modes/ for information about forcing recovery.
2026-03-27 13:12:33 0 [ERROR] InnoDB: Page [page id: space=0, page number=233] log sequence number 1314692 is in the future! Current system log sequence number 397648.
2026-03-27 13:12:33 0 [ERROR] InnoDB: Your database may be corrupt or you may have copied the InnoDB tablespace but not the InnoDB log files. Please refer to https://mariadb.com/kb/en/library/innodb-recovery-modes/ for information about forcing recovery.
2026-03-27 13:12:33 0 [ERROR] InnoDB: Page [page id: space=0, page number=374] log sequence number 1314692 is in the future! Current system log sequence number 397648.
2026-03-27 13:12:33 0 [ERROR] InnoDB: Your database may be corrupt or you may have copied the InnoDB tablespace but not the InnoDB log files. Please refer to https://mariadb.com/kb/en/library/innodb-recovery-modes/ for information about forcing recovery.
2026-03-27 13:12:33 0 [ERROR] InnoDB: Page [page id: space=0, page number=236] log sequence number 1314840 is in the future! Current system log sequence number 397648.
2026-03-27 13:12:33 0 [ERROR] InnoDB: Your database may be corrupt or you may have copied the InnoDB tablespace but not the InnoDB log files. Please refer to https://mariadb.com/kb/en/library/innodb-recovery-modes/ for information about forcing recovery.
2026-03-27 13:12:33 0 [ERROR] InnoDB: Page [page id: space=0, page number=389] log sequence number 1314840 is in the future! Current system log sequence number 397648.
2026-03-27 13:12:33 0 [ERROR] InnoDB: Your database may be corrupt or you may have copied the InnoDB tablespace but not the InnoDB log files. Please refer to https://mariadb.com/kb/en/library/innodb-recovery-modes/ for information about forcing recovery.
2026-03-27 13:12:33 0 [ERROR] InnoDB: Page [page id: space=0, page number=240] log sequence number 1203873 is in the future! Current system log sequence number 397648.
2026-03-27 13:12:33 0 [ERROR] InnoDB: Your database may be corrupt or you may have copied the InnoDB tablespace but not the InnoDB log files. Please refer to https://mariadb.com/kb/en/library/innodb-recovery-modes/ for information about forcing recovery.
2026-03-27 13:12:33 0 [ERROR] InnoDB: Page [page id: space=0, page number=241] log sequence number 1226073 is in the future! Current system log sequence number 397648.
2026-03-27 13:12:33 0 [ERROR] InnoDB: Your database may be corrupt or you may have copied the InnoDB tablespace but not the InnoDB log files. Please refer to https://mariadb.com/kb/en/library/innodb-recovery-modes/ for information about forcing recovery.
2026-03-27 13:12:33 0 [ERROR] InnoDB: Page [page id: space=0, page number=377] log sequence number 1226073 is in the future! Current system log sequence number 397648.
2026-03-27 13:12:33 0 [ERROR] InnoDB: Your database may be corrupt or you may have copied the InnoDB tablespace but not the InnoDB log files. Please refer to https://mariadb.com/kb/en/library/innodb-recovery-modes/ for information about forcing recovery.
2026-03-27 13:12:33 0 [ERROR] InnoDB: Page [page id: space=0, page number=242] log sequence number 1314990 is in the future! Current system log sequence number 397648.
2026-03-27 13:12:33 0 [ERROR] InnoDB: Your database may be corrupt or you may have copied the InnoDB tablespace but not the InnoDB log files. Please refer to https://mariadb.com/kb/en/library/innodb-recovery-modes/ for information about forcing recovery.
2026-03-27 13:12:33 0 [ERROR] InnoDB: Page [page id: space=0, page number=392] log sequence number 1314990 is in the future! Current system log sequence number 397648.
2026-03-27 13:12:33 0 [ERROR] InnoDB: Your database may be corrupt or you may have copied the InnoDB tablespace but not the InnoDB log files. Please refer to https://mariadb.com/kb/en/library/innodb-recovery-modes/ for information about forcing recovery.
2026-03-27 13:12:33 0 [ERROR] InnoDB: Page [page id: space=0, page number=244] log sequence number 1315034 is in the future! Current system log sequence number 397648.
2026-03-27 13:12:33 0 [ERROR] InnoDB: Your database may be corrupt or you may have copied the InnoDB tablespace but not the InnoDB log files. Please refer to https://mariadb.com/kb/en/library/innodb-recovery-modes/ for information about forcing recovery.
2026-03-27 13:12:33 0 [ERROR] InnoDB: Page [page id: space=0, page number=378] log sequence number 1315034 is in the future! Current system log sequence number 397648.
2026-03-27 13:12:33 0 [ERROR] InnoDB: Your database may be corrupt or you may have copied the InnoDB tablespace but not the InnoDB log files. Please refer to https://mariadb.com/kb/en/library/innodb-recovery-modes/ for information about forcing recovery.
2026-03-27 13:12:33 0 [ERROR] InnoDB: Page [page id: space=0, page number=245] log sequence number 1317328 is in the future! Current system log sequence number 397648.
2026-03-27 13:12:33 0 [ERROR] InnoDB: Your database may be corrupt or you may have copied the InnoDB tablespace but not the InnoDB log files. Please refer to https://mariadb.com/kb/en/library/innodb-recovery-modes/ for information about forcing recovery.
2026-03-27 13:12:33 0 [ERROR] InnoDB: Page [page id: space=0, page number=379] log sequence number 1317328 is in the future! Current system log sequence number 397648.
2026-03-27 13:12:33 0 [ERROR] InnoDB: Your database may be corrupt or you may have copied the InnoDB tablespace but not the InnoDB log files. Please refer to https://mariadb.com/kb/en/library/innodb-recovery-modes/ for information about forcing recovery.
2026-03-27 13:12:33 0 [ERROR] InnoDB: Page [page id: space=0, page number=246] log sequence number 1317388 is in the future! Current system log sequence number 397648.
2026-03-27 13:12:33 0 [ERROR] InnoDB: Your database may be corrupt or you may have copied the InnoDB tablespace but not the InnoDB log files. Please refer to https://mariadb.com/kb/en/library/innodb-recovery-modes/ for information about forcing recovery.
2026-03-27 13:12:33 0 [ERROR] InnoDB: Page [page id: space=0, page number=444] log sequence number 1317388 is in the future! Current system log sequence number 397648.
2026-03-27 13:12:33 0 [ERROR] InnoDB: Your database may be corrupt or you may have copied the InnoDB tablespace but not the InnoDB log files. Please refer to https://mariadb.com/kb/en/library/innodb-recovery-modes/ for information about forcing recovery.
2026-03-27 13:12:33 0 [ERROR] InnoDB: Page [page id: space=0, page number=247] log sequence number 1317432 is in the future! Current system log sequence number 397648.
2026-03-27 13:12:33 0 [ERROR] InnoDB: Your database may be corrupt or you may have copied the InnoDB tablespace but not the InnoDB log files. Please refer to https://mariadb.com/kb/en/library/innodb-recovery-modes/ for information about forcing recovery.
2026-03-27 13:12:33 0 [ERROR] InnoDB: Page [page id: space=0, page number=393] log sequence number 1317432 is in the future! Current system log sequence number 397648.
2026-03-27 13:12:33 0 [ERROR] InnoDB: Your database may be corrupt or you may have copied the InnoDB tablespace but not the InnoDB log files. Please refer to https://mariadb.com/kb/en/library/innodb-recovery-modes/ for information about forcing recovery.
2026-03-27 13:12:33 0 [ERROR] InnoDB: Page [page id: space=0, page number=248] log sequence number 1317476 is in the future! Current system log sequence number 397648.
2026-03-27 13:12:33 0 [ERROR] InnoDB: Your database may be corrupt or you may have copied the InnoDB tablespace but not the InnoDB log files. Please refer to https://mariadb.com/kb/en/library/innodb-recovery-modes/ for information about forcing recovery.
2026-03-27 13:12:33 0 [ERROR] InnoDB: Page [page id: space=0, page number=381] log sequence number 1317476 is in the future! Current system log sequence number 397648.
2026-03-27 13:12:33 0 [ERROR] InnoDB: Your database may be corrupt or you may have copied the InnoDB tablespace but not the InnoDB log files. Please refer to https://mariadb.com/kb/en/library/innodb-recovery-modes/ for information about forcing recovery.
2026-03-27 13:12:33 0 [ERROR] InnoDB: Page [page id: space=0, page number=249] log sequence number 1317520 is in the future! Current system log sequence number 397648.
2026-03-27 13:12:33 0 [ERROR] InnoDB: Your database may be corrupt or you may have copied the InnoDB tablespace but not the InnoDB log files. Please refer to https://mariadb.com/kb/en/library/innodb-recovery-modes/ for information about forcing recovery.
2026-03-27 13:12:33 0 [ERROR] InnoDB: Page [page id: space=0, page number=370] log sequence number 1317520 is in the future! Current system log sequence number 397648.
2026-03-27 13:12:33 0 [ERROR] InnoDB: Your database may be corrupt or you may have copied the InnoDB tablespace but not the InnoDB log files. Please refer to https://mariadb.com/kb/en/library/innodb-recovery-modes/ for information about forcing recovery.
2026-03-27 13:12:33 0 [ERROR] InnoDB: Page [page id: space=0, page number=250] log sequence number 1317564 is in the future! Current system log sequence number 397648.
2026-03-27 13:12:33 0 [ERROR] InnoDB: Your database may be corrupt or you may have copied the InnoDB tablespace but not the InnoDB log files. Please refer to https://mariadb.com/kb/en/library/innodb-recovery-modes/ for information about forcing recovery.
2026-03-27 13:12:33 0 [ERROR] InnoDB: Page [page id: space=0, page number=371] log sequence number 1317564 is in the future! Current system log sequence number 397648.
2026-03-27 13:12:33 0 [ERROR] InnoDB: Your database may be corrupt or you may have copied the InnoDB tablespace but not the InnoDB log files. Please refer to https://mariadb.com/kb/en/library/innodb-recovery-modes/ for information about forcing recovery.
2026-03-27 13:12:33 0 [ERROR] InnoDB: Page [page id: space=0, page number=251] log sequence number 1317608 is in the future! Current system log sequence number 397648.
2026-03-27 13:12:33 0 [ERROR] InnoDB: Your database may be corrupt or you may have copied the InnoDB tablespace but not the InnoDB log files. Please refer to https://mariadb.com/kb/en/library/innodb-recovery-modes/ for information about forcing recovery.
2026-03-27 13:12:33 0 [ERROR] InnoDB: Page [page id: space=0, page number=361] log sequence number 1317608 is in the future! Current system log sequence number 397648.
2026-03-27 13:12:33 0 [ERROR] InnoDB: Your database may be corrupt or you may have copied the InnoDB tablespace but not the InnoDB log files. Please refer to https://mariadb.com/kb/en/library/innodb-recovery-modes/ for information about forcing recovery.
2026-03-27 13:12:33 0 [ERROR] InnoDB: Page [page id: space=0, page number=252] log sequence number 1319843 is in the future! Current system log sequence number 397648.
2026-03-27 13:12:33 0 [ERROR] InnoDB: Your database may be corrupt or you may have copied the InnoDB tablespace but not the InnoDB log files. Please refer to https://mariadb.com/kb/en/library/innodb-recovery-modes/ for information about forcing recovery.
2026-03-27 13:12:33 0 [ERROR] InnoDB: Page [page id: space=0, page number=383] log sequence number 1319843 is in the future! Current system log sequence number 397648.
2026-03-27 13:12:33 0 [ERROR] InnoDB: Your database may be corrupt or you may have copied the InnoDB tablespace but not the InnoDB log files. Please refer to https://mariadb.com/kb/en/library/innodb-recovery-modes/ for information about forcing recovery.
2026-03-27 13:12:33 0 [ERROR] InnoDB: Page [page id: space=0, page number=253] log sequence number 1319887 is in the future! Current system log sequence number 397648.
2026-03-27 13:12:33 0 [ERROR] InnoDB: Your database may be corrupt or you may have copied the InnoDB tablespace but not the InnoDB log files. Please refer to https://mariadb.com/kb/en/library/innodb-recovery-modes/ for information about forcing recovery.
2026-03-27 13:12:33 0 [ERROR] InnoDB: Page [page id: space=0, page number=330] log sequence number 1319887 is in the future! Current system log sequence number 397648.
2026-03-27 13:12:33 0 [ERROR] InnoDB: Your database may be corrupt or you may have copied the InnoDB tablespace but not the InnoDB log files. Please refer to https://mariadb.com/kb/en/library/innodb-recovery-modes/ for information about forcing recovery.
2026-03-27 13:12:33 0 [ERROR] InnoDB: Page [page id: space=0, page number=254] log sequence number 1319931 is in the future! Current system log sequence number 397648.
2026-03-27 13:12:33 0 [ERROR] InnoDB: Your database may be corrupt or you may have copied the InnoDB tablespace but not the InnoDB log files. Please refer to https://mariadb.com/kb/en/library/innodb-recovery-modes/ for information about forcing recovery.
2026-03-27 13:12:33 0 [ERROR] InnoDB: Page [page id: space=0, page number=386] log sequence number 1319931 is in the future! Current system log sequence number 397648.
2026-03-27 13:12:33 0 [ERROR] InnoDB: Your database may be corrupt or you may have copied the InnoDB tablespace but not the InnoDB log files. Please refer to https://mariadb.com/kb/en/library/innodb-recovery-modes/ for information about forcing recovery.
2026-03-27 13:12:33 0 [ERROR] InnoDB: Page [page id: space=0, page number=255] log sequence number 1319991 is in the future! Current system log sequence number 397648.
2026-03-27 13:12:33 0 [ERROR] InnoDB: Your database may be corrupt or you may have copied the InnoDB tablespace but not the InnoDB log files. Please refer to https://mariadb.com/kb/en/library/innodb-recovery-modes/ for information about forcing recovery.
2026-03-27 13:12:33 0 [ERROR] InnoDB: Page [page id: space=0, page number=364] log sequence number 1319991 is in the future! Current system log sequence number 397648.
2026-03-27 13:12:33 0 [ERROR] InnoDB: Your database may be corrupt or you may have copied the InnoDB tablespace but not the InnoDB log files. Please refer to https://mariadb.com/kb/en/library/innodb-recovery-modes/ for information about forcing recovery.
2026-03-27 13:12:33 0 [ERROR] InnoDB: Page [page id: space=0, page number=256] log sequence number 1320035 is in the future! Current system log sequence number 397648.
2026-03-27 13:12:33 0 [ERROR] InnoDB: Your database may be corrupt or you may have copied the InnoDB tablespace but not the InnoDB log files. Please refer to https://mariadb.com/kb/en/library/innodb-recovery-modes/ for information about forcing recovery.
2026-03-27 13:12:33 0 [ERROR] InnoDB: Page [page id: space=0, page number=385] log sequence number 1320035 is in the future! Current system log sequence number 397648.
2026-03-27 13:12:33 0 [ERROR] InnoDB: Your database may be corrupt or you may have copied the InnoDB tablespace but not the InnoDB log files. Please refer to https://mariadb.com/kb/en/library/innodb-recovery-modes/ for information about forcing recovery.
2026-03-27 13:12:33 0 [ERROR] InnoDB: Page [page id: space=0, page number=257] log sequence number 1320079 is in the future! Current system log sequence number 397648.
2026-03-27 13:12:33 0 [ERROR] InnoDB: Your database may be corrupt or you may have copied the InnoDB tablespace but not the InnoDB log files. Please refer to https://mariadb.com/kb/en/library/innodb-recovery-modes/ for information about forcing recovery.
2026-03-27 13:12:33 0 [ERROR] InnoDB: Page [page id: space=0, page number=387] log sequence number 1320079 is in the future! Current system log sequence number 397648.
2026-03-27 13:12:33 0 [ERROR] InnoDB: Your database may be corrupt or you may have copied the InnoDB tablespace but not the InnoDB log files. Please refer to https://mariadb.com/kb/en/library/innodb-recovery-modes/ for information about forcing recovery.
2026-03-27 13:12:33 0 [ERROR] InnoDB: Page [page id: space=0, page number=258] log sequence number 1226809 is in the future! Current system log sequence number 397648.
2026-03-27 13:12:33 0 [ERROR] InnoDB: Your database may be corrupt or you may have copied the InnoDB tablespace but not the InnoDB log files. Please refer to https://mariadb.com/kb/en/library/innodb-recovery-modes/ for information about forcing recovery.
2026-03-27 13:12:33 0 [ERROR] InnoDB: Page [page id: space=0, page number=396] log sequence number 1226809 is in the future! Current system log sequence number 397648.
2026-03-27 13:12:33 0 [ERROR] InnoDB: Your database may be corrupt or you may have copied the InnoDB tablespace but not the InnoDB log files. Please refer to https://mariadb.com/kb/en/library/innodb-recovery-modes/ for information about forcing recovery.
2026-03-27 13:12:33 0 [ERROR] InnoDB: Page [page id: space=0, page number=259] log sequence number 1320123 is in the future! Current system log sequence number 397648.
2026-03-27 13:12:33 0 [ERROR] InnoDB: Your database may be corrupt or you may have copied the InnoDB tablespace but not the InnoDB log files. Please refer to https://mariadb.com/kb/en/library/innodb-recovery-modes/ for information about forcing recovery.
2026-03-27 13:12:33 0 [ERROR] InnoDB: Page [page id: space=0, page number=331] log sequence number 1320123 is in the future! Current system log sequence number 397648.
2026-03-27 13:12:33 0 [ERROR] InnoDB: Your database may be corrupt or you may have copied the InnoDB tablespace but not the InnoDB log files. Please refer to https://mariadb.com/kb/en/library/innodb-recovery-modes/ for information about forcing recovery.
2026-03-27 13:12:33 0 [ERROR] InnoDB: Page [page id: space=0, page number=260] log sequence number 1648633 is in the future! Current system log sequence number 397648.
2026-03-27 13:12:33 0 [ERROR] InnoDB: Your database may be corrupt or you may have copied the InnoDB tablespace but not the InnoDB log files. Please refer to https://mariadb.com/kb/en/library/innodb-recovery-modes/ for information about forcing recovery.
2026-03-27 13:12:33 0 [ERROR] InnoDB: Page [page id: space=0, page number=395] log sequence number 1648633 is in the future! Current system log sequence number 397648.
2026-03-27 13:12:33 0 [ERROR] InnoDB: Your database may be corrupt or you may have copied the InnoDB tablespace but not the InnoDB log files. Please refer to https://mariadb.com/kb/en/library/innodb-recovery-modes/ for information about forcing recovery.
2026-03-27 13:12:33 0 [ERROR] InnoDB: Page [page id: space=0, page number=261] log sequence number 1648693 is in the future! Current system log sequence number 397648.
2026-03-27 13:12:33 0 [ERROR] InnoDB: Your database may be corrupt or you may have copied the InnoDB tablespace but not the InnoDB log files. Please refer to https://mariadb.com/kb/en/library/innodb-recovery-modes/ for information about forcing recovery.
2026-03-27 13:12:33 0 [ERROR] InnoDB: Page [page id: space=0, page number=398] log sequence number 1648693 is in the future! Current system log sequence number 397648.
2026-03-27 13:12:33 0 [ERROR] InnoDB: Your database may be corrupt or you may have copied the InnoDB tablespace but not the InnoDB log files. Please refer to https://mariadb.com/kb/en/library/innodb-recovery-modes/ for information about forcing recovery.
2026-03-27 13:12:33 0 [ERROR] InnoDB: Page [page id: space=0, page number=262] log sequence number 1648737 is in the future! Current system log sequence number 397648.
2026-03-27 13:12:33 0 [ERROR] InnoDB: Your database may be corrupt or you may have copied the InnoDB tablespace but not the InnoDB log files. Please refer to https://mariadb.com/kb/en/library/innodb-recovery-modes/ for information about forcing recovery.
2026-03-27 13:12:33 0 [ERROR] InnoDB: Page [page id: space=0, page number=397] log sequence number 1648737 is in the future! Current system log sequence number 397648.
2026-03-27 13:12:33 0 [ERROR] InnoDB: Your database may be corrupt or you may have copied the InnoDB tablespace but not the InnoDB log files. Please refer to https://mariadb.com/kb/en/library/innodb-recovery-modes/ for information about forcing recovery.
2026-03-27 13:12:33 0 [ERROR] InnoDB: Page [page id: space=0, page number=263] log sequence number 1648781 is in the future! Current system log sequence number 397648.
2026-03-27 13:12:33 0 [ERROR] InnoDB: Your database may be corrupt or you may have copied the InnoDB tablespace but not the InnoDB log files. Please refer to https://mariadb.com/kb/en/library/innodb-recovery-modes/ for information about forcing recovery.
2026-03-27 13:12:33 0 [ERROR] InnoDB: Page [page id: space=0, page number=405] log sequence number 1648781 is in the future! Current system log sequence number 397648.
2026-03-27 13:12:33 0 [ERROR] InnoDB: Your database may be corrupt or you may have copied the InnoDB tablespace but not the InnoDB log files. Please refer to https://mariadb.com/kb/en/library/innodb-recovery-modes/ for information about forcing recovery.
2026-03-27 13:12:33 0 [ERROR] InnoDB: Page [page id: space=0, page number=264] log sequence number 1648825 is in the future! Current system log sequence number 397648.
2026-03-27 13:12:33 0 [ERROR] InnoDB: Your database may be corrupt or you may have copied the InnoDB tablespace but not the InnoDB log files. Please refer to https://mariadb.com/kb/en/library/innodb-recovery-modes/ for information about forcing recovery.
2026-03-27 13:12:33 0 [ERROR] InnoDB: Page [page id: space=0, page number=399] log sequence number 1648825 is in the future! Current system log sequence number 397648.
2026-03-27 13:12:33 0 [ERROR] InnoDB: Your database may be corrupt or you may have copied the InnoDB tablespace but not the InnoDB log files. Please refer to https://mariadb.com/kb/en/library/innodb-recovery-modes/ for information about forcing recovery.
2026-03-27 13:12:33 0 [ERROR] InnoDB: Page [page id: space=0, page number=265] log sequence number 1648869 is in the future! Current system log sequence number 397648.
2026-03-27 13:12:33 0 [ERROR] InnoDB: Your database may be corrupt or you may have copied the InnoDB tablespace but not the InnoDB log files. Please refer to https://mariadb.com/kb/en/library/innodb-recovery-modes/ for information about forcing recovery.
2026-03-27 13:12:33 0 [ERROR] InnoDB: Page [page id: space=0, page number=400] log sequence number 1648869 is in the future! Current system log sequence number 397648.
2026-03-27 13:12:33 0 [ERROR] InnoDB: Your database may be corrupt or you may have copied the InnoDB tablespace but not the InnoDB log files. Please refer to https://mariadb.com/kb/en/library/innodb-recovery-modes/ for information about forcing recovery.
2026-03-27 13:12:33 0 [ERROR] InnoDB: Page [page id: space=0, page number=266] log sequence number 1648913 is in the future! Current system log sequence number 397648.
2026-03-27 13:12:33 0 [ERROR] InnoDB: Your database may be corrupt or you may have copied the InnoDB tablespace but not the InnoDB log files. Please refer to https://mariadb.com/kb/en/library/innodb-recovery-modes/ for information about forcing recovery.
2026-03-27 13:12:33 0 [ERROR] InnoDB: Page [page id: space=0, page number=437] log sequence number 1648913 is in the future! Current system log sequence number 397648.
2026-03-27 13:12:33 0 [ERROR] InnoDB: Your database may be corrupt or you may have copied the InnoDB tablespace but not the InnoDB log files. Please refer to https://mariadb.com/kb/en/library/innodb-recovery-modes/ for information about forcing recovery.
2026-03-27 13:12:33 0 [ERROR] InnoDB: Page [page id: space=0, page number=267] log sequence number 1648957 is in the future! Current system log sequence number 397648.
2026-03-27 13:12:33 0 [ERROR] InnoDB: Your database may be corrupt or you may have copied the InnoDB tablespace but not the InnoDB log files. Please refer to https://mariadb.com/kb/en/library/innodb-recovery-modes/ for information about forcing recovery.
2026-03-27 13:12:33 0 [ERROR] InnoDB: Page [page id: space=0, page number=401] log sequence number 1648957 is in the future! Current system log sequence number 397648.
2026-03-27 13:12:33 0 [ERROR] InnoDB: Your database may be corrupt or you may have copied the InnoDB tablespace but not the InnoDB log files. Please refer to https://mariadb.com/kb/en/library/innodb-recovery-modes/ for information about forcing recovery.
2026-03-27 13:12:33 0 [ERROR] InnoDB: Page [page id: space=0, page number=268] log sequence number 1649001 is in the future! Current system log sequence number 397648.
2026-03-27 13:12:33 0 [ERROR] InnoDB: Your database may be corrupt or you may have copied the InnoDB tablespace but not the InnoDB log files. Please refer to https://mariadb.com/kb/en/library/innodb-recovery-modes/ for information about forcing recovery.
2026-03-27 13:12:33 0 [ERROR] InnoDB: Page [page id: space=0, page number=332] log sequence number 1649001 is in the future! Current system log sequence number 397648.
2026-03-27 13:12:33 0 [ERROR] InnoDB: Your database may be corrupt or you may have copied the InnoDB tablespace but not the InnoDB log files. Please refer to https://mariadb.com/kb/en/library/innodb-recovery-modes/ for information about forcing recovery.
2026-03-27 13:12:33 0 [ERROR] InnoDB: Page [page id: space=0, page number=269] log sequence number 1649045 is in the future! Current system log sequence number 397648.
2026-03-27 13:12:33 0 [ERROR] InnoDB: Your database may be corrupt or you may have copied the InnoDB tablespace but not the InnoDB log files. Please refer to https://mariadb.com/kb/en/library/innodb-recovery-modes/ for information about forcing recovery.
2026-03-27 13:12:33 0 [ERROR] InnoDB: Page [page id: space=0, page number=403] log sequence number 1649045 is in the future! Current system log sequence number 397648.
2026-03-27 13:12:33 0 [ERROR] InnoDB: Your database may be corrupt or you may have copied the InnoDB tablespace but not the InnoDB log files. Please refer to https://mariadb.com/kb/en/library/innodb-recovery-modes/ for information about forcing recovery.
2026-03-27 13:12:33 0 [ERROR] InnoDB: Page [page id: space=0, page number=270] log sequence number 1649089 is in the future! Current system log sequence number 397648.
2026-03-27 13:12:33 0 [ERROR] InnoDB: Your database may be corrupt or you may have copied the InnoDB tablespace but not the InnoDB log files. Please refer to https://mariadb.com/kb/en/library/innodb-recovery-modes/ for information about forcing recovery.
2026-03-27 13:12:33 0 [ERROR] InnoDB: Page [page id: space=0, page number=404] log sequence number 1649089 is in the future! Current system log sequence number 397648.
2026-03-27 13:12:33 0 [ERROR] InnoDB: Your database may be corrupt or you may have copied the InnoDB tablespace but not the InnoDB log files. Please refer to https://mariadb.com/kb/en/library/innodb-recovery-modes/ for information about forcing recovery.
2026-03-27 13:12:33 0 [ERROR] InnoDB: Page [page id: space=0, page number=271] log sequence number 1649133 is in the future! Current system log sequence number 397648.
2026-03-27 13:12:33 0 [ERROR] InnoDB: Your database may be corrupt or you may have copied the InnoDB tablespace but not the InnoDB log files. Please refer to https://mariadb.com/kb/en/library/innodb-recovery-modes/ for information about forcing recovery.
2026-03-27 13:12:33 0 [ERROR] InnoDB: Page [page id: space=0, page number=317] log sequence number 1649133 is in the future! Current system log sequence number 397648.
2026-03-27 13:12:33 0 [ERROR] InnoDB: Your database may be corrupt or you may have copied the InnoDB tablespace but not the InnoDB log files. Please refer to https://mariadb.com/kb/en/library/innodb-recovery-modes/ for information about forcing recovery.
2026-03-27 13:12:33 0 [ERROR] InnoDB: Page [page id: space=0, page number=272] log sequence number 1649193 is in the future! Current system log sequence number 397648.
2026-03-27 13:12:33 0 [ERROR] InnoDB: Your database may be corrupt or you may have copied the InnoDB tablespace but not the InnoDB log files. Please refer to https://mariadb.com/kb/en/library/innodb-recovery-modes/ for information about forcing recovery.
2026-03-27 13:12:33 0 [ERROR] InnoDB: Page [page id: space=0, page number=406] log sequence number 1649193 is in the future! Current system log sequence number 397648.
2026-03-27 13:12:33 0 [ERROR] InnoDB: Your database may be corrupt or you may have copied the InnoDB tablespace but not the InnoDB log files. Please refer to https://mariadb.com/kb/en/library/innodb-recovery-modes/ for information about forcing recovery.
2026-03-27 13:12:33 0 [ERROR] InnoDB: Page [page id: space=0, page number=273] log sequence number 1649237 is in the future! Current system log sequence number 397648.
2026-03-27 13:12:33 0 [ERROR] InnoDB: Your database may be corrupt or you may have copied the InnoDB tablespace but not the InnoDB log files. Please refer to https://mariadb.com/kb/en/library/innodb-recovery-modes/ for information about forcing recovery.
2026-03-27 13:12:33 0 [ERROR] InnoDB: Page [page id: space=0, page number=334] log sequence number 1649237 is in the future! Current system log sequence number 397648.
2026-03-27 13:12:33 0 [ERROR] InnoDB: Your database may be corrupt or you may have copied the InnoDB tablespace but not the InnoDB log files. Please refer to https://mariadb.com/kb/en/library/innodb-recovery-modes/ for information about forcing recovery.
2026-03-27 13:12:33 0 [ERROR] InnoDB: Page [page id: space=0, page number=274] log sequence number 1649281 is in the future! Current system log sequence number 397648.
2026-03-27 13:12:33 0 [ERROR] InnoDB: Your database may be corrupt or you may have copied the InnoDB tablespace but not the InnoDB log files. Please refer to https://mariadb.com/kb/en/library/innodb-recovery-modes/ for information about forcing recovery.
2026-03-27 13:12:33 0 [ERROR] InnoDB: Page [page id: space=0, page number=409] log sequence number 1649281 is in the future! Current system log sequence number 397648.
2026-03-27 13:12:33 0 [ERROR] InnoDB: Your database may be corrupt or you may have copied the InnoDB tablespace but not the InnoDB log files. Please refer to https://mariadb.com/kb/en/library/innodb-recovery-modes/ for information about forcing recovery.
2026-03-27 13:12:33 0 [ERROR] InnoDB: Page [page id: space=0, page number=275] log sequence number 1649325 is in the future! Current system log sequence number 397648.
2026-03-27 13:12:33 0 [ERROR] InnoDB: Your database may be corrupt or you may have copied the InnoDB tablespace but not the InnoDB log files. Please refer to https://mariadb.com/kb/en/library/innodb-recovery-modes/ for information about forcing recovery.
2026-03-27 13:12:33 0 [ERROR] InnoDB: Page [page id: space=0, page number=352] log sequence number 1649325 is in the future! Current system log sequence number 397648.
2026-03-27 13:12:33 0 [ERROR] InnoDB: Your database may be corrupt or you may have copied the InnoDB tablespace but not the InnoDB log files. Please refer to https://mariadb.com/kb/en/library/innodb-recovery-modes/ for information about forcing recovery.
2026-03-27 13:12:33 0 [ERROR] InnoDB: Page [page id: space=0, page number=278] log sequence number 1236052 is in the future! Current system log sequence number 397648.
2026-03-27 13:12:33 0 [ERROR] InnoDB: Your database may be corrupt or you may have copied the InnoDB tablespace but not the InnoDB log files. Please refer to https://mariadb.com/kb/en/library/innodb-recovery-modes/ for information about forcing recovery.
2026-03-27 13:12:33 0 [ERROR] InnoDB: Page [page id: space=0, page number=413] log sequence number 1236052 is in the future! Current system log sequence number 397648.
2026-03-27 13:12:33 0 [ERROR] InnoDB: Your database may be corrupt or you may have copied the InnoDB tablespace but not the InnoDB log files. Please refer to https://mariadb.com/kb/en/library/innodb-recovery-modes/ for information about forcing recovery.
2026-03-27 13:12:33 0 [ERROR] InnoDB: Page [page id: space=0, page number=279] log sequence number 1237075 is in the future! Current system log sequence number 397648.
2026-03-27 13:12:33 0 [ERROR] InnoDB: Your database may be corrupt or you may have copied the InnoDB tablespace but not the InnoDB log files. Please refer to https://mariadb.com/kb/en/library/innodb-recovery-modes/ for information about forcing recovery.
2026-03-27 13:12:33 0 [ERROR] InnoDB: Page [page id: space=0, page number=414] log sequence number 1237075 is in the future! Current system log sequence number 397648.
2026-03-27 13:12:33 0 [ERROR] InnoDB: Your database may be corrupt or you may have copied the InnoDB tablespace but not the InnoDB log files. Please refer to https://mariadb.com/kb/en/library/innodb-recovery-modes/ for information about forcing recovery.
2026-03-27 13:12:33 0 [ERROR] InnoDB: Page [page id: space=0, page number=280] log sequence number 1237119 is in the future! Current system log sequence number 397648.
2026-03-27 13:12:33 0 [ERROR] InnoDB: Your database may be corrupt or you may have copied the InnoDB tablespace but not the InnoDB log files. Please refer to https://mariadb.com/kb/en/library/innodb-recovery-modes/ for information about forcing recovery.
2026-03-27 13:12:33 0 [ERROR] InnoDB: Page [page id: space=0, page number=415] log sequence number 1237119 is in the future! Current system log sequence number 397648.
2026-03-27 13:12:33 0 [ERROR] InnoDB: Your database may be corrupt or you may have copied the InnoDB tablespace but not the InnoDB log files. Please refer to https://mariadb.com/kb/en/library/innodb-recovery-modes/ for information about forcing recovery.
2026-03-27 13:12:33 0 [ERROR] InnoDB: Page [page id: space=0, page number=281] log sequence number 1266772 is in the future! Current system log sequence number 397648.
2026-03-27 13:12:33 0 [ERROR] InnoDB: Your database may be corrupt or you may have copied the InnoDB tablespace but not the InnoDB log files. Please refer to https://mariadb.com/kb/en/library/innodb-recovery-modes/ for information about forcing recovery.
2026-03-27 13:12:33 0 [ERROR] InnoDB: Page [page id: space=0, page number=416] log sequence number 1266772 is in the future! Current system log sequence number 397648.
2026-03-27 13:12:33 0 [ERROR] InnoDB: Your database may be corrupt or you may have copied the InnoDB tablespace but not the InnoDB log files. Please refer to https://mariadb.com/kb/en/library/innodb-recovery-modes/ for information about forcing recovery.
2026-03-27 13:12:33 0 [ERROR] InnoDB: Page [page id: space=0, page number=282] log sequence number 1266816 is in the future! Current system log sequence number 397648.
2026-03-27 13:12:33 0 [ERROR] InnoDB: Your database may be corrupt or you may have copied the InnoDB tablespace but not the InnoDB log files. Please refer to https://mariadb.com/kb/en/library/innodb-recovery-modes/ for information about forcing recovery.
2026-03-27 13:12:33 0 [ERROR] InnoDB: Page [page id: space=0, page number=417] log sequence number 1266816 is in the future! Current system log sequence number 397648.
2026-03-27 13:12:33 0 [ERROR] InnoDB: Your database may be corrupt or you may have copied the InnoDB tablespace but not the InnoDB log files. Please refer to https://mariadb.com/kb/en/library/innodb-recovery-modes/ for information about forcing recovery.
2026-03-27 13:12:33 0 [ERROR] InnoDB: Page [page id: space=0, page number=283] log sequence number 1266860 is in the future! Current system log sequence number 397648.
2026-03-27 13:12:33 0 [ERROR] InnoDB: Your database may be corrupt or you may have copied the InnoDB tablespace but not the InnoDB log files. Please refer to https://mariadb.com/kb/en/library/innodb-recovery-modes/ for information about forcing recovery.
2026-03-27 13:12:33 0 [ERROR] InnoDB: Page [page id: space=0, page number=418] log sequence number 1266860 is in the future! Current system log sequence number 397648.
2026-03-27 13:12:33 0 [ERROR] InnoDB: Your database may be corrupt or you may have copied the InnoDB tablespace but not the InnoDB log files. Please refer to https://mariadb.com/kb/en/library/innodb-recovery-modes/ for information about forcing recovery.
2026-03-27 13:12:33 0 [ERROR] InnoDB: Page [page id: space=0, page number=284] log sequence number 1266904 is in the future! Current system log sequence number 397648.
2026-03-27 13:12:33 0 [ERROR] InnoDB: Your database may be corrupt or you may have copied the InnoDB tablespace but not the InnoDB log files. Please refer to https://mariadb.com/kb/en/library/innodb-recovery-modes/ for information about forcing recovery.
2026-03-27 13:12:33 0 [ERROR] InnoDB: Page [page id: space=0, page number=419] log sequence number 1266904 is in the future! Current system log sequence number 397648.
2026-03-27 13:12:33 0 [ERROR] InnoDB: Your database may be corrupt or you may have copied the InnoDB tablespace but not the InnoDB log files. Please refer to https://mariadb.com/kb/en/library/innodb-recovery-modes/ for information about forcing recovery.
2026-03-27 13:12:33 0 [ERROR] InnoDB: Page [page id: space=0, page number=285] log sequence number 1267010 is in the future! Current system log sequence number 397648.
2026-03-27 13:12:33 0 [ERROR] InnoDB: Your database may be corrupt or you may have copied the InnoDB tablespace but not the InnoDB log files. Please refer to https://mariadb.com/kb/en/library/innodb-recovery-modes/ for information about forcing recovery.
2026-03-27 13:12:33 0 [ERROR] InnoDB: Page [page id: space=0, page number=286] log sequence number 1267054 is in the future! Current system log sequence number 397648.
2026-03-27 13:12:33 0 [ERROR] InnoDB: Your database may be corrupt or you may have copied the InnoDB tablespace but not the InnoDB log files. Please refer to https://mariadb.com/kb/en/library/innodb-recovery-modes/ for information about forcing recovery.
2026-03-27 13:12:33 0 [ERROR] InnoDB: Page [page id: space=0, page number=421] log sequence number 1267054 is in the future! Current system log sequence number 397648.
2026-03-27 13:12:33 0 [ERROR] InnoDB: Your database may be corrupt or you may have copied the InnoDB tablespace but not the InnoDB log files. Please refer to https://mariadb.com/kb/en/library/innodb-recovery-modes/ for information about forcing recovery.
2026-03-27 13:12:33 0 [ERROR] InnoDB: Page [page id: space=0, page number=287] log sequence number 1267098 is in the future! Current system log sequence number 397648.
2026-03-27 13:12:33 0 [ERROR] InnoDB: Your database may be corrupt or you may have copied the InnoDB tablespace but not the InnoDB log files. Please refer to https://mariadb.com/kb/en/library/innodb-recovery-modes/ for information about forcing recovery.
2026-03-27 13:12:33 0 [ERROR] InnoDB: Page [page id: space=0, page number=422] log sequence number 1267098 is in the future! Current system log sequence number 397648.
2026-03-27 13:12:33 0 [ERROR] InnoDB: Your database may be corrupt or you may have copied the InnoDB tablespace but not the InnoDB log files. Please refer to https://mariadb.com/kb/en/library/innodb-recovery-modes/ for information about forcing recovery.
2026-03-27 13:12:33 0 [ERROR] InnoDB: Page [page id: space=0, page number=288] log sequence number 1267220 is in the future! Current system log sequence number 397648.
2026-03-27 13:12:33 0 [ERROR] InnoDB: Your database may be corrupt or you may have copied the InnoDB tablespace but not the InnoDB log files. Please refer to https://mariadb.com/kb/en/library/innodb-recovery-modes/ for information about forcing recovery.
2026-03-27 13:12:33 0 [ERROR] InnoDB: Page [page id: space=0, page number=289] log sequence number 1267264 is in the future! Current system log sequence number 397648.
2026-03-27 13:12:33 0 [ERROR] InnoDB: Your database may be corrupt or you may have copied the InnoDB tablespace but not the InnoDB log files. Please refer to https://mariadb.com/kb/en/library/innodb-recovery-modes/ for information about forcing recovery.
2026-03-27 13:12:33 0 [ERROR] InnoDB: Page [page id: space=0, page number=424] log sequence number 1267264 is in the future! Current system log sequence number 397648.
2026-03-27 13:12:33 0 [ERROR] InnoDB: Your database may be corrupt or you may have copied the InnoDB tablespace but not the InnoDB log files. Please refer to https://mariadb.com/kb/en/library/innodb-recovery-modes/ for information about forcing recovery.
2026-03-27 13:12:33 0 [ERROR] InnoDB: Page [page id: space=0, page number=290] log sequence number 1267308 is in the future! Current system log sequence number 397648.
2026-03-27 13:12:33 0 [ERROR] InnoDB: Your database may be corrupt or you may have copied the InnoDB tablespace but not the InnoDB log files. Please refer to https://mariadb.com/kb/en/library/innodb-recovery-modes/ for information about forcing recovery.
2026-03-27 13:12:34 0 [ERROR] InnoDB: Page [page id: space=0, page number=425] log sequence number 1267308 is in the future! Current system log sequence number 397648.
2026-03-27 13:12:34 0 [ERROR] InnoDB: Your database may be corrupt or you may have copied the InnoDB tablespace but not the InnoDB log files. Please refer to https://mariadb.com/kb/en/library/innodb-recovery-modes/ for information about forcing recovery.
2026-03-27 13:12:34 0 [ERROR] InnoDB: Page [page id: space=0, page number=291] log sequence number 1267352 is in the future! Current system log sequence number 397648.
2026-03-27 13:12:34 0 [ERROR] InnoDB: Your database may be corrupt or you may have copied the InnoDB tablespace but not the InnoDB log files. Please refer to https://mariadb.com/kb/en/library/innodb-recovery-modes/ for information about forcing recovery.
2026-03-27 13:12:34 0 [ERROR] InnoDB: Page [page id: space=0, page number=337] log sequence number 1267352 is in the future! Current system log sequence number 397648.
2026-03-27 13:12:34 0 [ERROR] InnoDB: Your database may be corrupt or you may have copied the InnoDB tablespace but not the InnoDB log files. Please refer to https://mariadb.com/kb/en/library/innodb-recovery-modes/ for information about forcing recovery.
2026-03-27 13:12:34 0 [ERROR] InnoDB: Page [page id: space=0, page number=292] log sequence number 1267396 is in the future! Current system log sequence number 397648.
2026-03-27 13:12:34 0 [ERROR] InnoDB: Your database may be corrupt or you may have copied the InnoDB tablespace but not the InnoDB log files. Please refer to https://mariadb.com/kb/en/library/innodb-recovery-modes/ for information about forcing recovery.
2026-03-27 13:12:34 0 [ERROR] InnoDB: Page [page id: space=0, page number=427] log sequence number 1267396 is in the future! Current system log sequence number 397648.
2026-03-27 13:12:34 0 [ERROR] InnoDB: Your database may be corrupt or you may have copied the InnoDB tablespace but not the InnoDB log files. Please refer to https://mariadb.com/kb/en/library/innodb-recovery-modes/ for information about forcing recovery.
2026-03-27 13:12:34 0 [ERROR] InnoDB: Page [page id: space=0, page number=293] log sequence number 1267440 is in the future! Current system log sequence number 397648.
2026-03-27 13:12:34 0 [ERROR] InnoDB: Your database may be corrupt or you may have copied the InnoDB tablespace but not the InnoDB log files. Please refer to https://mariadb.com/kb/en/library/innodb-recovery-modes/ for information about forcing recovery.
2026-03-27 13:12:34 0 [ERROR] InnoDB: Page [page id: space=0, page number=428] log sequence number 1267440 is in the future! Current system log sequence number 397648.
2026-03-27 13:12:34 0 [ERROR] InnoDB: Your database may be corrupt or you may have copied the InnoDB tablespace but not the InnoDB log files. Please refer to https://mariadb.com/kb/en/library/innodb-recovery-modes/ for information about forcing recovery.
2026-03-27 13:12:34 0 [ERROR] InnoDB: Page [page id: space=0, page number=294] log sequence number 1267484 is in the future! Current system log sequence number 397648.
2026-03-27 13:12:34 0 [ERROR] InnoDB: Your database may be corrupt or you may have copied the InnoDB tablespace but not the InnoDB log files. Please refer to https://mariadb.com/kb/en/library/innodb-recovery-modes/ for information about forcing recovery.
2026-03-27 13:12:34 0 [ERROR] InnoDB: Page [page id: space=0, page number=429] log sequence number 1267484 is in the future! Current system log sequence number 397648.
2026-03-27 13:12:34 0 [ERROR] InnoDB: Your database may be corrupt or you may have copied the InnoDB tablespace but not the InnoDB log files. Please refer to https://mariadb.com/kb/en/library/innodb-recovery-modes/ for information about forcing recovery.
2026-03-27 13:12:34 0 [ERROR] InnoDB: Page [page id: space=0, page number=295] log sequence number 1267528 is in the future! Current system log sequence number 397648.
2026-03-27 13:12:34 0 [ERROR] InnoDB: Your database may be corrupt or you may have copied the InnoDB tablespace but not the InnoDB log files. Please refer to https://mariadb.com/kb/en/library/innodb-recovery-modes/ for information about forcing recovery.
2026-03-27 13:12:34 0 [ERROR] InnoDB: Page [page id: space=0, page number=430] log sequence number 1267528 is in the future! Current system log sequence number 397648.
2026-03-27 13:12:34 0 [ERROR] InnoDB: Your database may be corrupt or you may have copied the InnoDB tablespace but not the InnoDB log files. Please refer to https://mariadb.com/kb/en/library/innodb-recovery-modes/ for information about forcing recovery.
2026-03-27 13:12:34 0 [ERROR] InnoDB: Page [page id: space=0, page number=296] log sequence number 1267572 is in the future! Current system log sequence number 397648.
2026-03-27 13:12:34 0 [ERROR] InnoDB: Your database may be corrupt or you may have copied the InnoDB tablespace but not the InnoDB log files. Please refer to https://mariadb.com/kb/en/library/innodb-recovery-modes/ for information about forcing recovery.
2026-03-27 13:12:34 0 [ERROR] InnoDB: Page [page id: space=0, page number=431] log sequence number 1267572 is in the future! Current system log sequence number 397648.
2026-03-27 13:12:34 0 [ERROR] InnoDB: Your database may be corrupt or you may have copied the InnoDB tablespace but not the InnoDB log files. Please refer to https://mariadb.com/kb/en/library/innodb-recovery-modes/ for information about forcing recovery.
2026-03-27 13:12:34 0 [ERROR] InnoDB: Page [page id: space=0, page number=297] log sequence number 1280930 is in the future! Current system log sequence number 397648.
2026-03-27 13:12:34 0 [ERROR] InnoDB: Your database may be corrupt or you may have copied the InnoDB tablespace but not the InnoDB log files. Please refer to https://mariadb.com/kb/en/library/innodb-recovery-modes/ for information about forcing recovery.
2026-03-27 13:12:34 0 [ERROR] InnoDB: Page [page id: space=0, page number=380] log sequence number 1280930 is in the future! Current system log sequence number 397648.
2026-03-27 13:12:34 0 [ERROR] InnoDB: Your database may be corrupt or you may have copied the InnoDB tablespace but not the InnoDB log files. Please refer to https://mariadb.com/kb/en/library/innodb-recovery-modes/ for information about forcing recovery.
2026-03-27 13:12:34 0 [ERROR] InnoDB: Page [page id: space=0, page number=298] log sequence number 1280974 is in the future! Current system log sequence number 397648.
2026-03-27 13:12:34 0 [ERROR] InnoDB: Your database may be corrupt or you may have copied the InnoDB tablespace but not the InnoDB log files. Please refer to https://mariadb.com/kb/en/library/innodb-recovery-modes/ for information about forcing recovery.
2026-03-27 13:12:34 0 [ERROR] InnoDB: Page [page id: space=0, page number=433] log sequence number 1280974 is in the future! Current system log sequence number 397648.
2026-03-27 13:12:34 0 [ERROR] InnoDB: Your database may be corrupt or you may have copied the InnoDB tablespace but not the InnoDB log files. Please refer to https://mariadb.com/kb/en/library/innodb-recovery-modes/ for information about forcing recovery.
2026-03-27 13:12:34 0 [ERROR] InnoDB: Page [page id: space=0, page number=299] log sequence number 1281018 is in the future! Current system log sequence number 397648.
2026-03-27 13:12:34 0 [ERROR] InnoDB: Your database may be corrupt or you may have copied the InnoDB tablespace but not the InnoDB log files. Please refer to https://mariadb.com/kb/en/library/innodb-recovery-modes/ for information about forcing recovery.
2026-03-27 13:12:34 0 [ERROR] InnoDB: Page [page id: space=0, page number=434] log sequence number 1281018 is in the future! Current system log sequence number 397648.
2026-03-27 13:12:34 0 [ERROR] InnoDB: Your database may be corrupt or you may have copied the InnoDB tablespace but not the InnoDB log files. Please refer to https://mariadb.com/kb/en/library/innodb-recovery-modes/ for information about forcing recovery.
2026-03-27 13:12:34 0 [ERROR] InnoDB: Page [page id: space=0, page number=300] log sequence number 1281078 is in the future! Current system log sequence number 397648.
2026-03-27 13:12:34 0 [ERROR] InnoDB: Your database may be corrupt or you may have copied the InnoDB tablespace but not the InnoDB log files. Please refer to https://mariadb.com/kb/en/library/innodb-recovery-modes/ for information about forcing recovery.
2026-03-27 13:12:34 0 [ERROR] InnoDB: Page [page id: space=0, page number=435] log sequence number 1281078 is in the future! Current system log sequence number 397648.
2026-03-27 13:12:34 0 [ERROR] InnoDB: Your database may be corrupt or you may have copied the InnoDB tablespace but not the InnoDB log files. Please refer to https://mariadb.com/kb/en/library/innodb-recovery-modes/ for information about forcing recovery.
2026-03-27 13:12:34 0 [ERROR] InnoDB: Page [page id: space=0, page number=10] log sequence number 4947534 is in the future! Current system log sequence number 397648.
2026-03-27 13:12:34 0 [ERROR] InnoDB: Your database may be corrupt or you may have copied the InnoDB tablespace but not the InnoDB log files. Please refer to https://mariadb.com/kb/en/library/innodb-recovery-modes/ for information about forcing recovery.
2026-03-27 13:12:34 0 [ERROR] InnoDB: Page [page id: space=0, page number=439] log sequence number 4947534 is in the future! Current system log sequence number 397648.
2026-03-27 13:12:34 0 [ERROR] InnoDB: Your database may be corrupt or you may have copied the InnoDB tablespace but not the InnoDB log files. Please refer to https://mariadb.com/kb/en/library/innodb-recovery-modes/ for information about forcing recovery.
2026-03-27 13:12:34 0 [ERROR] InnoDB: Operating system error number 3 in a file operation.
2026-03-27 13:12:34 0 [ERROR] InnoDB: The error means the system cannot find the path specified.
2026-03-27 13:12:34 0 [ERROR] InnoDB: If you are installing InnoDB, remember that you must create directories yourself, InnoDB does not create them.
2026-03-27 13:12:34 0 [ERROR] InnoDB: Cannot open datafile for read-only: '.\mydb\sathwik.ibd' OS error: 203
2026-03-27 13:12:34 0 [ERROR] InnoDB: Operating system error number 203 in a file operation.
2026-03-27 13:12:34 0 [Note] InnoDB: Some operating system error numbers are described at https://mariadb.com/kb/en/library/operating-system-error-codes/
2026-03-27 13:12:34 0 [ERROR] InnoDB: Could not find a valid tablespace file for ``mydb`.`sathwik``. Please refer to https://mariadb.com/kb/en/innodb-data-dictionary-troubleshooting/ for how to resolve the issue.
2026-03-27 13:12:34 0 [Warning] InnoDB: Ignoring tablespace for `mydb`.`sathwik` because it could not be opened.
2026-03-27 13:12:34 0 [Note] InnoDB: 128 out of 128 rollback segments are active.
2026-03-27 13:12:34 0 [Note] InnoDB: Removed temporary tablespace data file: "ibtmp1"
2026-03-27 13:12:34 0 [Note] InnoDB: Creating shared tablespace for temporary tables
2026-03-27 13:12:34 0 [Note] InnoDB: Setting file 'C:\xampp\mysql\data\ibtmp1' size to 12 MB. Physically writing the file full; Please wait ...
2026-03-27 13:12:34 0 [Note] InnoDB: File 'C:\xampp\mysql\data\ibtmp1' size is now 12 MB.
2026-03-27 13:12:34 0 [Note] InnoDB: Waiting for purge to start
2026-03-27 13:12:34 0 [Note] InnoDB: 10.4.32 started; log sequence number 397639; transaction id 5675
2026-03-27 13:12:34 0 [Note] InnoDB: Loading buffer pool(s) from C:\xampp\mysql\data\ib_buffer_pool
2026-03-27 13:12:34 0 [Note] Plugin 'FEEDBACK' is disabled.
2026-03-27 13:12:34 0 [ERROR] InnoDB: Page [page id: space=0, page number=243] log sequence number 397747 is in the future! Current system log sequence number 397648.
2026-03-27 13:12:34 0 [ERROR] InnoDB: Your database may be corrupt or you may have copied the InnoDB tablespace but not the InnoDB log files. Please refer to https://mariadb.com/kb/en/library/innodb-recovery-modes/ for information about forcing recovery.
2026-03-27 13:12:34 0 [Note] Server socket created on IP: '::'.
2026-03-27 13:12:32026-03-27 13:35:25 0 [Note] Starting MariaDB 10.4.32-MariaDB source revision c4143f909528e3fab0677a28631d10389354c491 as process 5960
2026-03-27 13:35:25 0 [Note] InnoDB: Mutexes and rw_locks use Windows interlocked functions
2026-03-27 13:35:25 0 [Note] InnoDB: Uses event mutexes
2026-03-27 13:35:25 0 [Note] InnoDB: Compressed tables use zlib 1.3
2026-03-27 13:35:25 0 [Note] InnoDB: Number of pools: 1
2026-03-27 13:35:25 0 [Note] InnoDB: Using SSE2 crc32 instructions
2026-03-27 13:35:25 0 [Note] InnoDB: Initializing buffer pool, total size = 16M, instances = 1, chunk size = 16M
2026-03-27 13:35:25 0 [Note] InnoDB: Completed initialization of buffer pool
2026-03-27 13:35:25 0 [Note] InnoDB: Starting crash recovery from checkpoint LSN=400433
2026-03-27 13:35:25 0 [Warning] InnoDB: Are you sure you are using the right ib_logfiles to start up the database? Log sequence number in the ib_logfiles is 400433, less than the log sequence number in the first system tablespace file header, 1651414.
2026-03-27 13:35:25 0 [Warning] InnoDB: Ignoring a doublewrite copy of page [page id: space=0, page number=292] with future log sequence number 1117093
2026-03-27 13:35:25 0 [Warning] InnoDB: Ignoring a doublewrite copy of page [page id: space=0, page number=427] with future log sequence number 1117093
2026-03-27 13:35:25 0 [Warning] InnoDB: Ignoring a doublewrite copy of page [page id: space=0, page number=291] with future log sequence number 1117049
2026-03-27 13:35:25 0 [Warning] InnoDB: Ignoring a doublewrite copy of page [page id: space=0, page number=426] with future log sequence number 1117049
2026-03-27 13:35:25 0 [Warning] InnoDB: Ignoring a doublewrite copy of page [page id: space=0, page number=408] with future log sequence number 1117049
2026-03-27 13:35:25 0 [Warning] InnoDB: Ignoring a doublewrite copy of page [page id: space=0, page number=290] with future log sequence number 1116942
2026-03-27 13:35:25 0 [Warning] InnoDB: Ignoring a doublewrite copy of page [page id: space=0, page number=425] with future log sequence number 1116942
2026-03-27 13:35:25 0 [Warning] InnoDB: Ignoring a doublewrite copy of page [page id: space=0, page number=289] with future log sequence number 1116898
2026-03-27 13:35:25 0 [Warning] InnoDB: Ignoring a doublewrite copy of page [page id: space=0, page number=424] with future log sequence number 1116898
2026-03-27 13:35:25 0 [Warning] InnoDB: Ignoring a doublewrite copy of page [page id: space=0, page number=288] with future log sequence number 1116854
2026-03-27 13:35:25 0 [Warning] InnoDB: Ignoring a doublewrite copy of page [page id: space=0, page number=423] with future log sequence number 1116854
2026-03-27 13:35:25 0 [Warning] InnoDB: Ignoring a doublewrite copy of page [page id: space=0, page number=287] with future log sequence number 1116810
2026-03-27 13:35:25 0 [Warning] InnoDB: Ignoring a doublewrite copy of page [page id: space=0, page number=422] with future log sequence number 1116810
2026-03-27 13:35:25 0 [Warning] InnoDB: Ignoring a doublewrite copy of page [page id: space=0, page number=286] with future log sequence number 1116766
2026-03-27 13:35:25 0 [Warning] InnoDB: Ignoring a doublewrite copy of page [page id: space=0, page number=421] with future log sequence number 1116766
2026-03-27 13:35:25 0 [Warning] InnoDB: Ignoring a doublewrite copy of page [page id: space=0, page number=285] with future log sequence number 1116722
2026-03-27 13:35:25 0 [Warning] InnoDB: Ignoring a doublewrite copy of page [page id: space=0, page number=420] with future log sequence number 1116722
2026-03-27 13:35:25 0 [Warning] InnoDB: Ignoring a doublewrite copy of page [page id: space=0, page number=284] with future log sequence number 1116662
2026-03-27 13:35:25 0 [Warning] InnoDB: Ignoring a doublewrite copy of page [page id: space=0, page number=419] with future log sequence number 1116662
2026-03-27 13:35:25 0 [Warning] InnoDB: Ignoring a doublewrite copy of page [page id: space=0, page number=300] with future log sequence number 674742
2026-03-27 13:35:25 0 [Warning] InnoDB: Ignoring a doublewrite copy of page [page id: space=0, page number=435] with future log sequence number 674742
2026-03-27 13:35:25 0 [Warning] InnoDB: Ignoring a doublewrite copy of page [page id: space=0, page number=299] with future log sequence number 674698
2026-03-27 13:35:25 0 [Warning] InnoDB: Ignoring a doublewrite copy of page [page id: space=0, page number=434] with future log sequence number 674698
2026-03-27 13:35:25 0 [Warning] InnoDB: Ignoring a doublewrite copy of page [page id: space=0, page number=298] with future log sequence number 674654
2026-03-27 13:35:25 0 [Warning] InnoDB: Ignoring a doublewrite copy of page [page id: space=0, page number=433] with future log sequence number 674654
2026-03-27 13:35:25 0 [Warning] InnoDB: Ignoring a doublewrite copy of page [page id: space=0, page number=297] with future log sequence number 674610
2026-03-27 13:35:25 0 [Warning] InnoDB: Ignoring a doublewrite copy of page [page id: space=0, page number=432] with future log sequence number 674610
2026-03-27 13:35:25 0 [Warning] InnoDB: Ignoring a doublewrite copy of page [page id: space=0, page number=296] with future log sequence number 674503
2026-03-27 13:35:25 0 [Warning] InnoDB: Ignoring a doublewrite copy of page [page id: space=0, page number=431] with future log sequence number 674503
2026-03-27 13:35:25 0 [Warning] InnoDB: Ignoring a doublewrite copy of page [page id: space=0, page number=295] with future log sequence number 674459
2026-03-27 13:35:25 0 [Warning] InnoDB: Ignoring a doublewrite copy of page [page id: space=0, page number=430] with future log sequence number 674459
2026-03-27 13:35:25 0 [Warning] InnoDB: Ignoring a doublewrite copy of page [page id: space=0, page number=294] with future log sequence number 674415
2026-03-27 13:35:25 0 [Warning] InnoDB: Ignoring a doublewrite copy of page [page id: space=0, page number=429] with future log sequence number 674415
2026-03-27 13:35:25 0 [Warning] InnoDB: Ignoring a doublewrite copy of page [page id: space=0, page number=293] with future log sequence number 674371
2026-03-27 13:35:25 0 [Warning] InnoDB: Ignoring a doublewrite copy of page [page id: space=0, page number=222] with future log sequence number 1305314
2026-03-27 13:35:25 0 [Warning] InnoDB: Ignoring a doublewrite copy of page [page id: space=0, page number=359] with future log sequence number 1305314
2026-03-27 13:35:25 0 [Warning] InnoDB: Ignoring a doublewrite copy of page [page id: space=0, page number=221] with future log sequence number 1305043
2026-03-27 13:35:25 0 [Warning] InnoDB: Ignoring a doublewrite copy of page [page id: space=0, page number=358] with future log sequence number 1305043
2026-03-27 13:35:25 0 [Warning] InnoDB: Ignoring a doublewrite copy of page [page id: space=0, page number=220] with future log sequence number 1304788
2026-03-27 13:35:25 0 [Warning] InnoDB: Ignoring a doublewrite copy of page [page id: space=0, page number=402] with future log sequence number 1304788
2026-03-27 13:35:25 0 [Warning] InnoDB: Ignoring a doublewrite copy of page [page id: space=0, page number=215] with future log sequence number 1304383
2026-03-27 13:35:25 0 [Warning] InnoDB: Ignoring a doublewrite copy of page [page id: space=0, page number=315] with future log sequence number 1304383
2026-03-27 13:35:25 0 [Warning] InnoDB: Ignoring a doublewrite copy of page [page id: space=0, page number=214] with future log sequence number 1304339
2026-03-27 13:35:25 0 [Warning] InnoDB: Ignoring a doublewrite copy of page [page id: space=0, page number=326] with future log sequence number 1304339
2026-03-27 13:35:25 0 [Warning] InnoDB: Ignoring a doublewrite copy of page [page id: space=0, page number=213] with future log sequence number 1304295
2026-03-27 13:35:25 0 [Warning] InnoDB: Ignoring a doublewrite copy of page [page id: space=0, page number=350] with future log sequence number 1304295
2026-03-27 13:35:25 0 [Warning] InnoDB: Ignoring a doublewrite copy of page [page id: space=0, page number=212] with future log sequence number 1304251
2026-03-27 13:35:25 0 [ERROR] InnoDB: Page [page id: space=0, page number=2] log sequence number 862100 is in the future! Current system log sequence number 400451.
2026-03-27 13:35:25 0 [ERROR] InnoDB: Your database may be corrupt or you may have copied the InnoDB tablespace but not the InnoDB log files. Please refer to https://mariadb.com/kb/en/library/innodb-recovery-modes/ for information about forcing recovery.
2026-03-27 13:35:25 0 [ERROR] InnoDB: Page [page id: space=0, page number=6] log sequence number 1280363 is in the future! Current system log sequence number 400451.
2026-03-27 13:35:25 0 [ERROR] InnoDB: Your database may be corrupt or you may have copied the InnoDB tablespace but not the InnoDB log files. Please refer to https://mariadb.com/kb/en/library/innodb-recovery-modes/ for information about forcing recovery.
2026-03-27 13:35:25 0 [ERROR] InnoDB: Page [page id: space=0, page number=382] log sequence number 1280363 is in the future! Current system log sequence number 400451.
2026-03-27 13:35:25 0 [ERROR] InnoDB: Your database may be corrupt or you may have copied the InnoDB tablespace but not the InnoDB log files. Please refer to https://mariadb.com/kb/en/library/innodb-recovery-modes/ for information about forcing recovery.
2026-03-27 13:35:25 0 [ERROR] InnoDB: Page [page id: space=0, page number=45] log sequence number 1280402 is in the future! Current system log sequence number 400451.
2026-03-27 13:35:25 0 [ERROR] InnoDB: Your database may be corrupt or you may have copied the InnoDB tablespace but not the InnoDB log files. Please refer to https://mariadb.com/kb/en/library/innodb-recovery-modes/ for information about forcing recovery.
2026-03-27 13:35:25 0 [ERROR] InnoDB: Page [page id: space=0, page number=306] log sequence number 1280402 is in the future! Current system log sequence number 400451.
2026-03-27 13:35:25 0 [ERROR] InnoDB: Your database may be corrupt or you may have copied the InnoDB tablespace but not the InnoDB log files. Please refer to https://mariadb.com/kb/en/library/innodb-recovery-modes/ for information about forcing recovery.
2026-03-27 13:35:25 0 [ERROR] InnoDB: Page [page id: space=0, page number=53] log sequence number 1280730 is in the future! Current system log sequence number 400451.
2026-03-27 13:35:25 0 [ERROR] InnoDB: Your database may be corrupt or you may have copied the InnoDB tablespace but not the InnoDB log files. Please refer to https://mariadb.com/kb/en/library/innodb-recovery-modes/ for information about forcing recovery.
2026-03-27 13:35:25 0 [ERROR] InnoDB: Page [page id: space=0, page number=426] log sequence number 1280730 is in the future! Current system log sequence number 400451.
2026-03-27 13:35:25 0 [ERROR] InnoDB: Your database may be corrupt or you may have copied the InnoDB tablespace but not the InnoDB log files. Please refer to https://mariadb.com/kb/en/library/innodb-recovery-modes/ for information about forcing recovery.
2026-03-27 13:35:25 0 [ERROR] InnoDB: Page [page id: space=0, page number=59] log sequence number 1302799 is in the future! Current system log sequence number 400451.
2026-03-27 13:35:25 0 [ERROR] InnoDB: Your database may be corrupt or you may have copied the InnoDB tablespace but not the InnoDB log files. Please refer to https://mariadb.com/kb/en/library/innodb-recovery-modes/ for information about forcing recovery.
2026-03-27 13:35:25 0 [ERROR] InnoDB: Page [page id: space=0, page number=324] log sequence number 1302799 is in the future! Current system log sequence number 400451.
2026-03-27 13:35:25 0 [ERROR] InnoDB: Your database may be corrupt or you may have copied the InnoDB tablespace but not the InnoDB log files. Please refer to https://mariadb.com/kb/en/library/innodb-recovery-modes/ for information about forcing recovery.
2026-03-27 13:35:25 0 [ERROR] InnoDB: Page [page id: space=0, page number=63] log sequence number 1303127 is in the future! Current system log sequence number 400451.
2026-03-27 13:35:25 0 [ERROR] InnoDB: Your database may be corrupt or you may have copied the InnoDB tablespace but not the InnoDB log files. Please refer to https://mariadb.com/kb/en/library/innodb-recovery-modes/ for information about forcing recovery.
2026-03-27 13:35:25 0 [ERROR] InnoDB: Page [page id: space=0, page number=351] log sequence number 1303127 is in the future! Current system log sequence number 400451.
2026-03-27 13:35:25 0 [ERROR] InnoDB: Your database may be corrupt or you may have copied the InnoDB tablespace but not the InnoDB log files. Please refer to https://mariadb.com/kb/en/library/innodb-recovery-modes/ for information about forcing recovery.
2026-03-27 13:35:25 0 [ERROR] InnoDB: Page [page id: space=0, page number=192] log sequence number 1303213 is in the future! Current system log sequence number 400451.
2026-03-27 13:35:25 0 [ERROR] InnoDB: Your database may be corrupt or you may have copied the InnoDB tablespace but not the InnoDB log files. Please refer to https://mariadb.com/kb/en/library/innodb-recovery-modes/ for information about forcing recovery.
2026-03-27 13:35:25 0 [ERROR] InnoDB: Page [page id: space=0, page number=327] log sequence number 1303213 is in the future! Current system log sequence number 400451.
2026-03-27 13:35:25 0 [ERROR] InnoDB: Your database may be corrupt or you may have copied the InnoDB tablespace but not the InnoDB log files. Please refer to https://mariadb.com/kb/en/library/innodb-recovery-modes/ for information about forcing recovery.
2026-03-27 13:35:25 0 [ERROR] InnoDB: Page [page id: space=0, page number=197] log sequence number 1303575 is in the future! Current system log sequence number 400451.
2026-03-27 13:35:25 0 [ERROR] InnoDB: Your database may be corrupt or you may have copied the InnoDB tablespace but not the InnoDB log files. Please refer to https://mariadb.com/kb/en/library/innodb-recovery-modes/ for information about forcing recovery.
2026-03-27 13:35:25 0 [ERROR] InnoDB: Page [page id: space=0, page number=394] log sequence number 1303575 is in the future! Current system log sequence number 400451.
2026-03-27 13:35:25 0 [ERROR] InnoDB: Your database may be corrupt or you may have copied the InnoDB tablespace but not the InnoDB log files. Please refer to https://mariadb.com/kb/en/library/innodb-recovery-modes/ for information about forcing recovery.
2026-03-27 13:35:25 0 [ERROR] InnoDB: Page [page id: space=0, page number=209] log sequence number 1304119 is in the future! Current system log sequence number 400451.
2026-03-27 13:35:25 0 [ERROR] InnoDB: Your database may be corrupt or you may have copied the InnoDB tablespace but not the InnoDB log files. Please refer to https://mariadb.com/kb/en/library/innodb-recovery-modes/ for information about forcing recovery.
2026-03-27 13:35:25 0 [ERROR] InnoDB: Page [page id: space=0, page number=336] log sequence number 1304119 is in the future! Current system log sequence number 400451.
2026-03-27 13:35:25 0 [ERROR] InnoDB: Your database may be corrupt or you may have copied the InnoDB tablespace but not the InnoDB log files. Please refer to https://mariadb.com/kb/en/library/innodb-recovery-modes/ for information about forcing recovery.
2026-03-27 13:35:25 0 [ERROR] InnoDB: Page [page id: space=0, page number=212] log sequence number 1304251 is in the future! Current system log sequence number 400451.
2026-03-27 13:35:25 0 [ERROR] InnoDB: Your database may be corrupt or you may have copied the InnoDB tablespace but not the InnoDB log files. Please refer to https://mariadb.com/kb/en/library/innodb-recovery-modes/ for information about forcing recovery.
2026-03-27 13:35:25 0 [ERROR] InnoDB: Page [page id: space=0, page number=349] log sequence number 1304251 is in the future! Current system log sequence number 400451.
2026-03-27 13:35:25 0 [ERROR] InnoDB: Your database may be corrupt or you may have copied the InnoDB tablespace but not the InnoDB log files. Please refer to https://mariadb.com/kb/en/library/innodb-recovery-modes/ for information about forcing recovery.
2026-03-27 13:35:25 0 [ERROR] InnoDB: Page [page id: space=0, page number=215] log sequence number 1304383 is in the future! Current system log sequence number 400451.
2026-03-27 13:35:25 0 [ERROR] InnoDB: Your database may be corrupt or you may have copied the InnoDB tablespace but not the InnoDB log files. Please refer to https://mariadb.com/kb/en/library/innodb-recovery-modes/ for information about forcing recovery.
2026-03-27 13:35:25 0 [ERROR] InnoDB: Page [page id: space=0, page number=315] log sequence number 1304383 is in the future! Current system log sequence number 400451.
2026-03-27 13:35:25 0 [ERROR] InnoDB: Your database may be corrupt or you may have copied the InnoDB tablespace but not the InnoDB log files. Please refer to https://mariadb.com/kb/en/library/innodb-recovery-modes/ for information about forcing recovery.
2026-03-27 13:35:25 0 [ERROR] InnoDB: Page [page id: space=0, page number=218] log sequence number 1304515 is in the future! Current system log sequence number 400451.
2026-03-27 13:35:25 0 [ERROR] InnoDB: Your database may be corrupt or you may have copied the InnoDB tablespace but not the InnoDB log files. Please refer to https://mariadb.com/kb/en/library/innodb-recovery-modes/ for information about forcing recovery.
2026-03-27 13:35:25 0 [ERROR] InnoDB: Page [page id: space=0, page number=384] log sequence number 1304515 is in the future! Current system log sequence number 400451.
2026-03-27 13:35:25 0 [ERROR] InnoDB: Your database may be corrupt or you may have copied the InnoDB tablespace but not the InnoDB log files. Please refer to https://mariadb.com/kb/en/library/innodb-recovery-modes/ for information about forcing recovery.
2026-03-27 13:35:25 0 [ERROR] InnoDB: Page [page id: space=0, page number=221] log sequence number 1314148 is in the future! Current system log sequence number 400451.
2026-03-27 13:35:25 0 [ERROR] InnoDB: Your database may be corrupt or you may have copied the InnoDB tablespace but not the InnoDB log files. Please refer to https://mariadb.com/kb/en/library/innodb-recovery-modes/ for information about forcing recovery.
2026-03-27 13:35:25 0 [ERROR] InnoDB: Page [page id: space=0, page number=358] log sequence number 1314148 is in the future! Current system log sequence number 400451.
2026-03-27 13:35:25 0 [ERROR] InnoDB: Your database may be corrupt or you may have copied the InnoDB tablespace but not the InnoDB log files. Please refer to https://mariadb.com/kb/en/library/innodb-recovery-modes/ for information about forcing recovery.
2026-03-27 13:35:25 0 [ERROR] InnoDB: Page [page id: space=0, page number=224] log sequence number 1314280 is in the future! Current system log sequence number 400451.
2026-03-27 13:35:25 0 [ERROR] InnoDB: Your database may be corrupt or you may have copied the InnoDB tablespace but not the InnoDB log files. Please refer to https://mariadb.com/kb/en/library/innodb-recovery-modes/ for information about forcing recovery.
2026-03-27 13:35:25 0 [ERROR] InnoDB: Page [page id: space=0, page number=357] log sequence number 1314280 is in the future! Current system log sequence number 400451.
2026-03-27 13:35:25 0 [ERROR] InnoDB: Your database may be corrupt or you may have copied the InnoDB tablespace but not the InnoDB log files. Please refer to https://mariadb.com/kb/en/library/innodb-recovery-modes/ for information about forcing recovery.
2026-03-27 13:35:25 0 [ERROR] InnoDB: Page [page id: space=0, page number=227] log sequence number 1314428 is in the future! Current system log sequence number 400451.
2026-03-27 13:35:25 0 [ERROR] InnoDB: Your database may be corrupt or you may have copied the InnoDB tablespace but not the InnoDB log files. Please refer to https://mariadb.com/kb/en/library/innodb-recovery-modes/ for information about forcing recovery.
2026-03-27 13:35:25 0 [ERROR] InnoDB: Page [page id: space=0, page number=339] log sequence number 1314428 is in the future! Current system log sequence number 400451.
2026-03-27 13:35:25 0 [ERROR] InnoDB: Your database may be corrupt or you may have copied the InnoDB tablespace but not the InnoDB log files. Please refer to https://mariadb.com/kb/en/library/innodb-recovery-modes/ for information about forcing recovery.
2026-03-27 13:35:25 0 [ERROR] InnoDB: Page [page id: space=0, page number=230] log sequence number 1314560 is in the future! Current system log sequence number 400451.
2026-03-27 13:35:25 0 [ERROR] InnoDB: Your database may be corrupt or you may have copied the InnoDB tablespace but not the InnoDB log files. Please refer to https://mariadb.com/kb/en/library/innodb-recovery-modes/ for information about forcing recovery.
2026-03-27 13:35:25 0 [ERROR] InnoDB: Page [page id: space=0, page number=367] log sequence number 1314560 is in the future! Current system log sequence number 400451.
2026-03-27 13:35:25 0 [ERROR] InnoDB: Your database may be corrupt or you may have copied the InnoDB tablespace but not the InnoDB log files. Please refer to https://mariadb.com/kb/en/library/innodb-recovery-modes/ for information about forcing recovery.
2026-03-27 13:35:25 0 [ERROR] InnoDB: Page [page id: space=0, page number=233] log sequence number 1314692 is in the future! Current system log sequence number 400451.
2026-03-27 13:35:25 0 [ERROR] InnoDB: Your database may be corrupt or you may have copied the InnoDB tablespace but not the InnoDB log files. Please refer to https://mariadb.com/kb/en/library/innodb-recovery-modes/ for information about forcing recovery.
2026-03-27 13:35:25 0 [ERROR] InnoDB: Page [page id: space=0, page number=374] log sequence number 1314692 is in the future! Current system log sequence number 400451.
2026-03-27 13:35:25 0 [ERROR] InnoDB: Your database may be corrupt or you may have copied the InnoDB tablespace but not the InnoDB log files. Please refer to https://mariadb.com/kb/en/library/innodb-recovery-modes/ for information about forcing recovery.
2026-03-27 13:35:25 0 [ERROR] InnoDB: Page [page id: space=0, page number=236] log sequence number 1314840 is in the future! Current system log sequence number 400451.
2026-03-27 13:35:25 0 [ERROR] InnoDB: Your database may be corrupt or you may have copied the InnoDB tablespace but not the InnoDB log files. Please refer to https://mariadb.com/kb/en/library/innodb-recovery-modes/ for information about forcing recovery.
2026-03-27 13:35:25 0 [ERROR] InnoDB: Page [page id: space=0, page number=389] log sequence number 1314840 is in the future! Current system log sequence number 400451.
2026-03-27 13:35:25 0 [ERROR] InnoDB: Your database may be corrupt or you may have copied the InnoDB tablespace but not the InnoDB log files. Please refer to https://mariadb.com/kb/en/library/innodb-recovery-modes/ for information about forcing recovery.
2026-03-27 13:35:25 0 [ERROR] InnoDB: Page [page id: space=0, page number=240] log sequence number 1203873 is in the future! Current system log sequence number 400451.
2026-03-27 13:35:25 0 [ERROR] InnoDB: Your database may be corrupt or you may have copied the InnoDB tablespace but not the InnoDB log files. Please refer to https://mariadb.com/kb/en/library/innodb-recovery-modes/ for information about forcing recovery.
2026-03-27 13:35:25 0 [ERROR] InnoDB: Page [page id: space=0, page number=241] log sequence number 1226073 is in the future! Current system log sequence number 400451.
2026-03-27 13:35:25 0 [ERROR] InnoDB: Your database may be corrupt or you may have copied the InnoDB tablespace but not the InnoDB log files. Please refer to https://mariadb.com/kb/en/library/innodb-recovery-modes/ for information about forcing recovery.
2026-03-27 13:35:25 0 [ERROR] InnoDB: Page [page id: space=0, page number=377] log sequence number 1226073 is in the future! Current system log sequence number 400451.
2026-03-27 13:35:25 0 [ERROR] InnoDB: Your database may be corrupt or you may have copied the InnoDB tablespace but not the InnoDB log files. Please refer to https://mariadb.com/kb/en/library/innodb-recovery-modes/ for information about forcing recovery.
2026-03-27 13:35:25 0 [ERROR] InnoDB: Page [page id: space=0, page number=242] log sequence number 1314990 is in the future! Current system log sequence number 400451.
2026-03-27 13:35:25 0 [ERROR] InnoDB: Your database may be corrupt or you may have copied the InnoDB tablespace but not the InnoDB log files. Please refer to https://mariadb.com/kb/en/library/innodb-recovery-modes/ for information about forcing recovery.
2026-03-27 13:35:25 0 [ERROR] InnoDB: Page [page id: space=0, page number=392] log sequence number 1314990 is in the future! Current system log sequence number 400451.
2026-03-27 13:35:25 0 [ERROR] InnoDB: Your database may be corrupt or you may have copied the InnoDB tablespace but not the InnoDB log files. Please refer to https://mariadb.com/kb/en/library/innodb-recovery-modes/ for information about forcing recovery.
2026-03-27 13:35:25 0 [ERROR] InnoDB: Page [page id: space=0, page number=244] log sequence number 1315034 is in the future! Current system log sequence number 400451.
2026-03-27 13:35:25 0 [ERROR] InnoDB: Your database may be corrupt or you may have copied the InnoDB tablespace but not the InnoDB log files. Please refer to https://mariadb.com/kb/en/library/innodb-recovery-modes/ for information about forcing recovery.
2026-03-27 13:35:25 0 [ERROR] InnoDB: Page [page id: space=0, page number=378] log sequence number 1315034 is in the future! Current system log sequence number 400451.
2026-03-27 13:35:25 0 [ERROR] InnoDB: Your database may be corrupt or you may have copied the InnoDB tablespace but not the InnoDB log files. Please refer to https://mariadb.com/kb/en/library/innodb-recovery-modes/ for information about forcing recovery.
2026-03-27 13:35:25 0 [ERROR] InnoDB: Page [page id: space=0, page number=245] log sequence number 1317328 is in the future! Current system log sequence number 400451.
2026-03-27 13:35:25 0 [ERROR] InnoDB: Your database may be corrupt or you may have copied the InnoDB tablespace but not the InnoDB log files. Please refer to https://mariadb.com/kb/en/library/innodb-recovery-modes/ for information about forcing recovery.
2026-03-27 13:35:25 0 [ERROR] InnoDB: Page [page id: space=0, page number=379] log sequence number 1317328 is in the future! Current system log sequence number 400451.
2026-03-27 13:35:25 0 [ERROR] InnoDB: Your database may be corrupt or you may have copied the InnoDB tablespace but not the InnoDB log files. Please refer to https://mariadb.com/kb/en/library/innodb-recovery-modes/ for information about forcing recovery.
2026-03-27 13:35:25 0 [ERROR] InnoDB: Page [page id: space=0, page number=246] log sequence number 1317388 is in the future! Current system log sequence number 400451.
2026-03-27 13:35:25 0 [ERROR] InnoDB: Your database may be corrupt or you may have copied the InnoDB tablespace but not the InnoDB log files. Please refer to https://mariadb.com/kb/en/library/innodb-recovery-modes/ for information about forcing recovery.
2026-03-27 13:35:25 0 [ERROR] InnoDB: Page [page id: space=0, page number=444] log sequence number 1317388 is in the future! Current system log sequence number 400451.
2026-03-27 13:35:25 0 [ERROR] InnoDB: Your database may be corrupt or you may have copied the InnoDB tablespace but not the InnoDB log files. Please refer to https://mariadb.com/kb/en/library/innodb-recovery-modes/ for information about forcing recovery.
2026-03-27 13:35:25 0 [ERROR] InnoDB: Page [page id: space=0, page number=247] log sequence number 1317432 is in the future! Current system log sequence number 400451.
2026-03-27 13:35:25 0 [ERROR] InnoDB: Your database may be corrupt or you may have copied the InnoDB tablespace but not the InnoDB log files. Please refer to https://mariadb.com/kb/en/library/innodb-recovery-modes/ for information about forcing recovery.
2026-03-27 13:35:25 0 [ERROR] InnoDB: Page [page id: space=0, page number=393] log sequence number 1317432 is in the future! Current system log sequence number 400451.
2026-03-27 13:35:25 0 [ERROR] InnoDB: Your database may be corrupt or you may have copied the InnoDB tablespace but not the InnoDB log files. Please refer to https://mariadb.com/kb/en/library/innodb-recovery-modes/ for information about forcing recovery.
2026-03-27 13:35:25 0 [ERROR] InnoDB: Page [page id: space=0, page number=248] log sequence number 1317476 is in the future! Current system log sequence number 400451.
2026-03-27 13:35:25 0 [ERROR] InnoDB: Your database may be corrupt or you may have copied the InnoDB tablespace but not the InnoDB log files. Please refer to https://mariadb.com/kb/en/library/innodb-recovery-modes/ for information about forcing recovery.
2026-03-27 13:35:25 0 [ERROR] InnoDB: Page [page id: space=0, page number=381] log sequence number 1317476 is in the future! Current system log sequence number 400451.
2026-03-27 13:35:25 0 [ERROR] InnoDB: Your database may be corrupt or you may have copied the InnoDB tablespace but not the InnoDB log files. Please refer to https://mariadb.com/kb/en/library/innodb-recovery-modes/ for information about forcing recovery.
2026-03-27 13:35:25 0 [ERROR] InnoDB: Page [page id: space=0, page number=249] log sequence number 1317520 is in the future! Current system log sequence number 400451.
2026-03-27 13:35:25 0 [ERROR] InnoDB: Your database may be corrupt or you may have copied the InnoDB tablespace but not the InnoDB log files. Please refer to https://mariadb.com/kb/en/library/innodb-recovery-modes/ for information about forcing recovery.
2026-03-27 13:35:25 0 [ERROR] InnoDB: Page [page id: space=0, page number=370] log sequence number 1317520 is in the future! Current system log sequence number 400451.
2026-03-27 13:35:25 0 [ERROR] InnoDB: Your database may be corrupt or you may have copied the InnoDB tablespace but not the InnoDB log files. Please refer to https://mariadb.com/kb/en/library/innodb-recovery-modes/ for information about forcing recovery.
2026-03-27 13:35:25 0 [ERROR] InnoDB: Page [page id: space=0, page number=250] log sequence number 1317564 is in the future! Current system log sequence number 400451.
2026-03-27 13:35:25 0 [ERROR] InnoDB: Your database may be corrupt or you may have copied the InnoDB tablespace but not the InnoDB log files. Please refer to https://mariadb.com/kb/en/library/innodb-recovery-modes/ for information about forcing recovery.
2026-03-27 13:35:25 0 [ERROR] InnoDB: Page [page id: space=0, page number=371] log sequence number 1317564 is in the future! Current system log sequence number 400451.
2026-03-27 13:35:25 0 [ERROR] InnoDB: Your database may be corrupt or you may have copied the InnoDB tablespace but not the InnoDB log files. Please refer to https://mariadb.com/kb/en/library/innodb-recovery-modes/ for information about forcing recovery.
2026-03-27 13:35:25 0 [ERROR] InnoDB: Page [page id: space=0, page number=251] log sequence number 1317608 is in the future! Current system log sequence number 400451.
2026-03-27 13:35:25 0 [ERROR] InnoDB: Your database may be corrupt or you may have copied the InnoDB tablespace but not the InnoDB log files. Please refer to https://mariadb.com/kb/en/library/innodb-recovery-modes/ for information about forcing recovery.
2026-03-27 13:35:25 0 [ERROR] InnoDB: Page [page id: space=0, page number=361] log sequence number 1317608 is in the future! Current system log sequence number 400451.
2026-03-27 13:35:25 0 [ERROR] InnoDB: Your database may be corrupt or you may have copied the InnoDB tablespace but not the InnoDB log files. Please refer to https://mariadb.com/kb/en/library/innodb-recovery-modes/ for information about forcing recovery.
2026-03-27 13:35:25 0 [ERROR] InnoDB: Page [page id: space=0, page number=252] log sequence number 1319843 is in the future! Current system log sequence number 400451.
2026-03-27 13:35:25 0 [ERROR] InnoDB: Your database may be corrupt or you may have copied the InnoDB tablespace but not the InnoDB log files. Please refer to https://mariadb.com/kb/en/library/innodb-recovery-modes/ for information about forcing recovery.
2026-03-27 13:35:25 0 [ERROR] InnoDB: Page [page id: space=0, page number=383] log sequence number 1319843 is in the future! Current system log sequence number 400451.
2026-03-27 13:35:25 0 [ERROR] InnoDB: Your database may be corrupt or you may have copied the InnoDB tablespace but not the InnoDB log files. Please refer to https://mariadb.com/kb/en/library/innodb-recovery-modes/ for information about forcing recovery.
2026-03-27 13:35:25 0 [ERROR] InnoDB: Page [page id: space=0, page number=253] log sequence number 1319887 is in the future! Current system log sequence number 400451.
2026-03-27 13:35:25 0 [ERROR] InnoDB: Your database may be corrupt or you may have copied the InnoDB tablespace but not the InnoDB log files. Please refer to https://mariadb.com/kb/en/library/innodb-recovery-modes/ for information about forcing recovery.
2026-03-27 13:35:25 0 [ERROR] InnoDB: Page [page id: space=0, page number=330] log sequence number 1319887 is in the future! Current system log sequence number 400451.
2026-03-27 13:35:25 0 [ERROR] InnoDB: Your database may be corrupt or you may have copied the InnoDB tablespace but not the InnoDB log files. Please refer to https://mariadb.com/kb/en/library/innodb-recovery-modes/ for information about forcing recovery.
2026-03-27 13:35:25 0 [ERROR] InnoDB: Page [page id: space=0, page number=254] log sequence number 1319931 is in the future! Current system log sequence number 400451.
2026-03-27 13:35:25 0 [ERROR] InnoDB: Your database may be corrupt or you may have copied the InnoDB tablespace but not the InnoDB log files. Please refer to https://mariadb.com/kb/en/library/innodb-recovery-modes/ for information about forcing recovery.
2026-03-27 13:35:25 0 [ERROR] InnoDB: Page [page id: space=0, page number=386] log sequence number 1319931 is in the future! Current system log sequence number 400451.
2026-03-27 13:35:25 0 [ERROR] InnoDB: Your database may be corrupt or you may have copied the InnoDB tablespace but not the InnoDB log files. Please refer to https://mariadb.com/kb/en/library/innodb-recovery-modes/ for information about forcing recovery.
2026-03-27 13:35:25 0 [ERROR] InnoDB: Page [page id: space=0, page number=255] log sequence number 1319991 is in the future! Current system log sequence number 400451.
2026-03-27 13:35:25 0 [ERROR] InnoDB: Your database may be corrupt or you may have copied the InnoDB tablespace but not the InnoDB log files. Please refer to https://mariadb.com/kb/en/library/innodb-recovery-modes/ for information about forcing recovery.
2026-03-27 13:35:25 0 [ERROR] InnoDB: Page [page id: space=0, page number=364] log sequence number 1319991 is in the future! Current system log sequence number 400451.
2026-03-27 13:35:25 0 [ERROR] InnoDB: Your database may be corrupt or you may have copied the InnoDB tablespace but not the InnoDB log files. Please refer to https://mariadb.com/kb/en/library/innodb-recovery-modes/ for information about forcing recovery.
2026-03-27 13:35:25 0 [ERROR] InnoDB: Page [page id: space=0, page number=256] log sequence number 1320035 is in the future! Current system log sequence number 400451.
2026-03-27 13:35:25 0 [ERROR] InnoDB: Your database may be corrupt or you may have copied the InnoDB tablespace but not the InnoDB log files. Please refer to https://mariadb.com/kb/en/library/innodb-recovery-modes/ for information about forcing recovery.
2026-03-27 13:35:25 0 [ERROR] InnoDB: Page [page id: space=0, page number=385] log sequence number 1320035 is in the future! Current system log sequence number 400451.
2026-03-27 13:35:25 0 [ERROR] InnoDB: Your database may be corrupt or you may have copied the InnoDB tablespace but not the InnoDB log files. Please refer to https://mariadb.com/kb/en/library/innodb-recovery-modes/ for information about forcing recovery.
2026-03-27 13:35:25 0 [ERROR] InnoDB: Page [page id: space=0, page number=257] log sequence number 1320079 is in the future! Current system log sequence number 400451.
2026-03-27 13:35:25 0 [ERROR] InnoDB: Your database may be corrupt or you may have copied the InnoDB tablespace but not the InnoDB log files. Please refer to https://mariadb.com/kb/en/library/innodb-recovery-modes/ for information about forcing recovery.
2026-03-27 13:35:25 0 [ERROR] InnoDB: Page [page id: space=0, page number=387] log sequence number 1320079 is in the future! Current system log sequence number 400451.
2026-03-27 13:35:25 0 [ERROR] InnoDB: Your database may be corrupt or you may have copied the InnoDB tablespace but not the InnoDB log files. Please refer to https://mariadb.com/kb/en/library/innodb-recovery-modes/ for information about forcing recovery.
2026-03-27 13:35:25 0 [ERROR] InnoDB: Page [page id: space=0, page number=258] log sequence number 1226809 is in the future! Current system log sequence number 400451.
2026-03-27 13:35:25 0 [ERROR] InnoDB: Your database may be corrupt or you may have copied the InnoDB tablespace but not the InnoDB log files. Please refer to https://mariadb.com/kb/en/library/innodb-recovery-modes/ for information about forcing recovery.
2026-03-27 13:35:25 0 [ERROR] InnoDB: Page [page id: space=0, page number=396] log sequence number 1226809 is in the future! Current system log sequence number 400451.
2026-03-27 13:35:25 0 [ERROR] InnoDB: Your database may be corrupt or you may have copied the InnoDB tablespace but not the InnoDB log files. Please refer to https://mariadb.com/kb/en/library/innodb-recovery-modes/ for information about forcing recovery.
2026-03-27 13:35:25 0 [ERROR] InnoDB: Page [page id: space=0, page number=259] log sequence number 1320123 is in the future! Current system log sequence number 400451.
2026-03-27 13:35:25 0 [ERROR] InnoDB: Your database may be corrupt or you may have copied the InnoDB tablespace but not the InnoDB log files. Please refer to https://mariadb.com/kb/en/library/innodb-recovery-modes/ for information about forcing recovery.
2026-03-27 13:35:25 0 [ERROR] InnoDB: Page [page id: space=0, page number=331] log sequence number 1320123 is in the future! Current system log sequence number 400451.
2026-03-27 13:35:25 0 [ERROR] InnoDB: Your database may be corrupt or you may have copied the InnoDB tablespace but not the InnoDB log files. Please refer to https://mariadb.com/kb/en/library/innodb-recovery-modes/ for information about forcing recovery.
2026-03-27 13:35:25 0 [ERROR] InnoDB: Page [page id: space=0, page number=260] log sequence number 1648633 is in the future! Current system log sequence number 400451.
2026-03-27 13:35:25 0 [ERROR] InnoDB: Your database may be corrupt or you may have copied the InnoDB tablespace but not the InnoDB log files. Please refer to https://mariadb.com/kb/en/library/innodb-recovery-modes/ for information about forcing recovery.
2026-03-27 13:35:25 0 [ERROR] InnoDB: Page [page id: space=0, page number=395] log sequence number 1648633 is in the future! Current system log sequence number 400451.
2026-03-27 13:35:25 0 [ERROR] InnoDB: Your database may be corrupt or you may have copied the InnoDB tablespace but not the InnoDB log files. Please refer to https://mariadb.com/kb/en/library/innodb-recovery-modes/ for information about forcing recovery.
2026-03-27 13:35:25 0 [ERROR] InnoDB: Page [page id: space=0, page number=261] log sequence number 1648693 is in the future! Current system log sequence number 400451.
2026-03-27 13:35:25 0 [ERROR] InnoDB: Your database may be corrupt or you may have copied the InnoDB tablespace but not the InnoDB log files. Please refer to https://mariadb.com/kb/en/library/innodb-recovery-modes/ for information about forcing recovery.
2026-03-27 13:35:25 0 [ERROR] InnoDB: Page [page id: space=0, page number=398] log sequence number 1648693 is in the future! Current system log sequence number 400451.
2026-03-27 13:35:25 0 [ERROR] InnoDB: Your database may be corrupt or you may have copied the InnoDB tablespace but not the InnoDB log files. Please refer to https://mariadb.com/kb/en/library/innodb-recovery-modes/ for information about forcing recovery.
2026-03-27 13:35:25 0 [ERROR] InnoDB: Page [page id: space=0, page number=262] log sequence number 1648737 is in the future! Current system log sequence number 400451.
2026-03-27 13:35:25 0 [ERROR] InnoDB: Your database may be corrupt or you may have copied the InnoDB tablespace but not the InnoDB log files. Please refer to https://mariadb.com/kb/en/library/innodb-recovery-modes/ for information about forcing recovery.
2026-03-27 13:35:25 0 [ERROR] InnoDB: Page [page id: space=0, page number=397] log sequence number 1648737 is in the future! Current system log sequence number 400451.
2026-03-27 13:35:25 0 [ERROR] InnoDB: Your database may be corrupt or you may have copied the InnoDB tablespace but not the InnoDB log files. Please refer to https://mariadb.com/kb/en/library/innodb-recovery-modes/ for information about forcing recovery.
2026-03-27 13:35:25 0 [ERROR] InnoDB: Page [page id: space=0, page number=263] log sequence number 1648781 is in the future! Current system log sequence number 400451.
2026-03-27 13:35:25 0 [ERROR] InnoDB: Your database may be corrupt or you may have copied the InnoDB tablespace but not the InnoDB log files. Please refer to https://mariadb.com/kb/en/library/innodb-recovery-modes/ for information about forcing recovery.
2026-03-27 13:35:25 0 [ERROR] InnoDB: Page [page id: space=0, page number=405] log sequence number 1648781 is in the future! Current system log sequence number 400451.
2026-03-27 13:35:25 0 [ERROR] InnoDB: Your database may be corrupt or you may have copied the InnoDB tablespace but not the InnoDB log files. Please refer to https://mariadb.com/kb/en/library/innodb-recovery-modes/ for information about forcing recovery.
2026-03-27 13:35:25 0 [ERROR] InnoDB: Page [page id: space=0, page number=264] log sequence number 1648825 is in the future! Current system log sequence number 400451.
2026-03-27 13:35:25 0 [ERROR] InnoDB: Your database may be corrupt or you may have copied the InnoDB tablespace but not the InnoDB log files. Please refer to https://mariadb.com/kb/en/library/innodb-recovery-modes/ for information about forcing recovery.
2026-03-27 13:35:25 0 [ERROR] InnoDB: Page [page id: space=0, page number=399] log sequence number 1648825 is in the future! Current system log sequence number 400451.
2026-03-27 13:35:25 0 [ERROR] InnoDB: Your database may be corrupt or you may have copied the InnoDB tablespace but not the InnoDB log files. Please refer to https://mariadb.com/kb/en/library/innodb-recovery-modes/ for information about forcing recovery.
2026-03-27 13:35:25 0 [ERROR] InnoDB: Page [page id: space=0, page number=265] log sequence number 1648869 is in the future! Current system log sequence number 400451.
2026-03-27 13:35:25 0 [ERROR] InnoDB: Your database may be corrupt or you may have copied the InnoDB tablespace but not the InnoDB log files. Please refer to https://mariadb.com/kb/en/library/innodb-recovery-modes/ for information about forcing recovery.
2026-03-27 13:35:25 0 [ERROR] InnoDB: Page [page id: space=0, page number=400] log sequence number 1648869 is in the future! Current system log sequence number 400451.
2026-03-27 13:35:25 0 [ERROR] InnoDB: Your database may be corrupt or you may have copied the InnoDB tablespace but not the InnoDB log files. Please refer to https://mariadb.com/kb/en/library/innodb-recovery-modes/ for information about forcing recovery.
2026-03-27 13:35:25 0 [ERROR] InnoDB: Page [page id: space=0, page number=266] log sequence number 1648913 is in the future! Current system log sequence number 400451.
2026-03-27 13:35:25 0 [ERROR] InnoDB: Your database may be corrupt or you may have copied the InnoDB tablespace but not the InnoDB log files. Please refer to https://mariadb.com/kb/en/library/innodb-recovery-modes/ for information about forcing recovery.
2026-03-27 13:35:25 0 [ERROR] InnoDB: Page [page id: space=0, page number=437] log sequence number 1648913 is in the future! Current system log sequence number 400451.
2026-03-27 13:35:25 0 [ERROR] InnoDB: Your database may be corrupt or you may have copied the InnoDB tablespace but not the InnoDB log files. Please refer to https://mariadb.com/kb/en/library/innodb-recovery-modes/ for information about forcing recovery.
2026-03-27 13:35:25 0 [ERROR] InnoDB: Page [page id: space=0, page number=267] log sequence number 1648957 is in the future! Current system log sequence number 400451.
2026-03-27 13:35:25 0 [ERROR] InnoDB: Your database may be corrupt or you may have copied the InnoDB tablespace but not the InnoDB log files. Please refer to https://mariadb.com/kb/en/library/innodb-recovery-modes/ for information about forcing recovery.
2026-03-27 13:35:25 0 [ERROR] InnoDB: Page [page id: space=0, page number=401] log sequence number 1648957 is in the future! Current system log sequence number 400451.
2026-03-27 13:35:25 0 [ERROR] InnoDB: Your database may be corrupt or you may have copied the InnoDB tablespace but not the InnoDB log files. Please refer to https://mariadb.com/kb/en/library/innodb-recovery-modes/ for information about forcing recovery.
2026-03-27 13:35:25 0 [ERROR] InnoDB: Page [page id: space=0, page number=268] log sequence number 1649001 is in the future! Current system log sequence number 400451.
2026-03-27 13:35:25 0 [ERROR] InnoDB: Your database may be corrupt or you may have copied the InnoDB tablespace but not the InnoDB log files. Please refer to https://mariadb.com/kb/en/library/innodb-recovery-modes/ for information about forcing recovery.
2026-03-27 13:35:25 0 [ERROR] InnoDB: Page [page id: space=0, page number=332] log sequence number 1649001 is in the future! Current system log sequence number 400451.
2026-03-27 13:35:25 0 [ERROR] InnoDB: Your database may be corrupt or you may have copied the InnoDB tablespace but not the InnoDB log files. Please refer to https://mariadb.com/kb/en/library/innodb-recovery-modes/ for information about forcing recovery.
2026-03-27 13:35:25 0 [ERROR] InnoDB: Page [page id: space=0, page number=269] log sequence number 1649045 is in the future! Current system log sequence number 400451.
2026-03-27 13:35:25 0 [ERROR] InnoDB: Your database may be corrupt or you may have copied the InnoDB tablespace but not the InnoDB log files. Please refer to https://mariadb.com/kb/en/library/innodb-recovery-modes/ for information about forcing recovery.
2026-03-27 13:35:25 0 [ERROR] InnoDB: Page [page id: space=0, page number=403] log sequence number 1649045 is in the future! Current system log sequence number 400451.
2026-03-27 13:35:25 0 [ERROR] InnoDB: Your database may be corrupt or you may have copied the InnoDB tablespace but not the InnoDB log files. Please refer to https://mariadb.com/kb/en/library/innodb-recovery-modes/ for information about forcing recovery.
2026-03-27 13:35:25 0 [ERROR] InnoDB: Page [page id: space=0, page number=270] log sequence number 1649089 is in the future! Current system log sequence number 400451.
2026-03-27 13:35:25 0 [ERROR] InnoDB: Your database may be corrupt or you may have copied the InnoDB tablespace but not the InnoDB log files. Please refer to https://mariadb.com/kb/en/library/innodb-recovery-modes/ for information about forcing recovery.
2026-03-27 13:35:25 0 [ERROR] InnoDB: Page [page id: space=0, page number=404] log sequence number 1649089 is in the future! Current system log sequence number 400451.
2026-03-27 13:35:25 0 [ERROR] InnoDB: Your database may be corrupt or you may have copied the InnoDB tablespace but not the InnoDB log files. Please refer to https://mariadb.com/kb/en/library/innodb-recovery-modes/ for information about forcing recovery.
2026-03-27 13:35:25 0 [ERROR] InnoDB: Page [page id: space=0, page number=271] log sequence number 1649133 is in the future! Current system log sequence number 400451.
2026-03-27 13:35:25 0 [ERROR] InnoDB: Your database may be corrupt or you may have copied the InnoDB tablespace but not the InnoDB log files. Please refer to https://mariadb.com/kb/en/library/innodb-recovery-modes/ for information about forcing recovery.
2026-03-27 13:35:25 0 [ERROR] InnoDB: Page [page id: space=0, page number=317] log sequence number 1649133 is in the future! Current system log sequence number 400451.
2026-03-27 13:35:25 0 [ERROR] InnoDB: Your database may be corrupt or you may have copied the InnoDB tablespace but not the InnoDB log files. Please refer to https://mariadb.com/kb/en/library/innodb-recovery-modes/ for information about forcing recovery.
2026-03-27 13:35:25 0 [ERROR] InnoDB: Page [page id: space=0, page number=272] log sequence number 1649193 is in the future! Current system log sequence number 400451.
2026-03-27 13:35:25 0 [ERROR] InnoDB: Your database may be corrupt or you may have copied the InnoDB tablespace but not the InnoDB log files. Please refer to https://mariadb.com/kb/en/library/innodb-recovery-modes/ for information about forcing recovery.
2026-03-27 13:35:25 0 [ERROR] InnoDB: Page [page id: space=0, page number=406] log sequence number 1649193 is in the future! Current system log sequence number 400451.
2026-03-27 13:35:25 0 [ERROR] InnoDB: Your database may be corrupt or you may have copied the InnoDB tablespace but not the InnoDB log files. Please refer to https://mariadb.com/kb/en/library/innodb-recovery-modes/ for information about forcing recovery.
2026-03-27 13:35:25 0 [ERROR] InnoDB: Page [page id: space=0, page number=273] log sequence number 1649237 is in the future! Current system log sequence number 400451.
2026-03-27 13:35:25 0 [ERROR] InnoDB: Your database may be corrupt or you may have copied the InnoDB tablespace but not the InnoDB log files. Please refer to https://mariadb.com/kb/en/library/innodb-recovery-modes/ for information about forcing recovery.
2026-03-27 13:35:25 0 [ERROR] InnoDB: Page [page id: space=0, page number=334] log sequence number 1649237 is in the future! Current system log sequence number 400451.
2026-03-27 13:35:25 0 [ERROR] InnoDB: Your database may be corrupt or you may have copied the InnoDB tablespace but not the InnoDB log files. Please refer to https://mariadb.com/kb/en/library/innodb-recovery-modes/ for information about forcing recovery.
2026-03-27 13:35:25 0 [ERROR] InnoDB: Page [page id: space=0, page number=274] log sequence number 1649281 is in the future! Current system log sequence number 400451.
2026-03-27 13:35:25 0 [ERROR] InnoDB: Your database may be corrupt or you may have copied the InnoDB tablespace but not the InnoDB log files. Please refer to https://mariadb.com/kb/en/library/innodb-recovery-modes/ for information about forcing recovery.
2026-03-27 13:35:25 0 [ERROR] InnoDB: Page [page id: space=0, page number=409] log sequence number 1649281 is in the future! Current system log sequence number 400451.
2026-03-27 13:35:25 0 [ERROR] InnoDB: Your database may be corrupt or you may have copied the InnoDB tablespace but not the InnoDB log files. Please refer to https://mariadb.com/kb/en/library/innodb-recovery-modes/ for information about forcing recovery.
2026-03-27 13:35:25 0 [ERROR] InnoDB: Page [page id: space=0, page number=275] log sequence number 1649325 is in the future! Current system log sequence number 400451.
2026-03-27 13:35:25 0 [ERROR] InnoDB: Your database may be corrupt or you may have copied the InnoDB tablespace but not the InnoDB log files. Please refer to https://mariadb.com/kb/en/library/innodb-recovery-modes/ for information about forcing recovery.
2026-03-27 13:35:25 0 [ERROR] InnoDB: Page [page id: space=0, page number=352] log sequence number 1649325 is in the future! Current system log sequence number 400451.
2026-03-27 13:35:25 0 [ERROR] InnoDB: Your database may be corrupt or you may have copied the InnoDB tablespace but not the InnoDB log files. Please refer to https://mariadb.com/kb/en/library/innodb-recovery-modes/ for information about forcing recovery.
2026-03-27 13:35:25 0 [ERROR] InnoDB: Page [page id: space=0, page number=278] log sequence number 1236052 is in the future! Current system log sequence number 400451.
2026-03-27 13:35:25 0 [ERROR] InnoDB: Your database may be corrupt or you may have copied the InnoDB tablespace but not the InnoDB log files. Please refer to https://mariadb.com/kb/en/library/innodb-recovery-modes/ for information about forcing recovery.
2026-03-27 13:35:25 0 [ERROR] InnoDB: Page [page id: space=0, page number=413] log sequence number 1236052 is in the future! Current system log sequence number 400451.
2026-03-27 13:35:25 0 [ERROR] InnoDB: Your database may be corrupt or you may have copied the InnoDB tablespace but not the InnoDB log files. Please refer to https://mariadb.com/kb/en/library/innodb-recovery-modes/ for information about forcing recovery.
2026-03-27 13:35:25 0 [ERROR] InnoDB: Page [page id: space=0, page number=279] log sequence number 1237075 is in the future! Current system log sequence number 400451.
2026-03-27 13:35:25 0 [ERROR] InnoDB: Your database may be corrupt or you may have copied the InnoDB tablespace but not the InnoDB log files. Please refer to https://mariadb.com/kb/en/library/innodb-recovery-modes/ for information about forcing recovery.
2026-03-27 13:35:25 0 [ERROR] InnoDB: Page [page id: space=0, page number=414] log sequence number 1237075 is in the future! Current system log sequence number 400451.
2026-03-27 13:35:25 0 [ERROR] InnoDB: Your database may be corrupt or you may have copied the InnoDB tablespace but not the InnoDB log files. Please refer to https://mariadb.com/kb/en/library/innodb-recovery-modes/ for information about forcing recovery.
2026-03-27 13:35:25 0 [ERROR] InnoDB: Page [page id: space=0, page number=280] log sequence number 1237119 is in the future! Current system log sequence number 400451.
2026-03-27 13:35:25 0 [ERROR] InnoDB: Your database may be corrupt or you may have copied the InnoDB tablespace but not the InnoDB log files. Please refer to https://mariadb.com/kb/en/library/innodb-recovery-modes/ for information about forcing recovery.
2026-03-27 13:35:25 0 [ERROR] InnoDB: Page [page id: space=0, page number=415] log sequence number 1237119 is in the future! Current system log sequence number 400451.
2026-03-27 13:35:25 0 [ERROR] InnoDB: Your database may be corrupt or you may have copied the InnoDB tablespace but not the InnoDB log files. Please refer to https://mariadb.com/kb/en/library/innodb-recovery-modes/ for information about forcing recovery.
2026-03-27 13:35:25 0 [ERROR] InnoDB: Page [page id: space=0, page number=281] log sequence number 1266772 is in the future! Current system log sequence number 400451.
2026-03-27 13:35:25 0 [ERROR] InnoDB: Your database may be corrupt or you may have copied the InnoDB tablespace but not the InnoDB log files. Please refer to https://mariadb.com/kb/en/library/innodb-recovery-modes/ for information about forcing recovery.
2026-03-27 13:35:25 0 [ERROR] InnoDB: Page [page id: space=0, page number=416] log sequence number 1266772 is in the future! Current system log sequence number 400451.
2026-03-27 13:35:25 0 [ERROR] InnoDB: Your database may be corrupt or you may have copied the InnoDB tablespace but not the InnoDB log files. Please refer to https://mariadb.com/kb/en/library/innodb-recovery-modes/ for information about forcing recovery.
2026-03-27 13:35:25 0 [ERROR] InnoDB: Page [page id: space=0, page number=282] log sequence number 1266816 is in the future! Current system log sequence number 400451.
2026-03-27 13:35:25 0 [ERROR] InnoDB: Your database may be corrupt or you may have copied the InnoDB tablespace but not the InnoDB log files. Please refer to https://mariadb.com/kb/en/library/innodb-recovery-modes/ for information about forcing recovery.
2026-03-27 13:35:25 0 [ERROR] InnoDB: Page [page id: space=0, page number=417] log sequence number 1266816 is in the future! Current system log sequence number 400451.
2026-03-27 13:35:25 0 [ERROR] InnoDB: Your database may be corrupt or you may have copied the InnoDB tablespace but not the InnoDB log files. Please refer to https://mariadb.com/kb/en/library/innodb-recovery-modes/ for information about forcing recovery.
2026-03-27 13:35:25 0 [ERROR] InnoDB: Page [page id: space=0, page number=283] log sequence number 1266860 is in the future! Current system log sequence number 400451.
2026-03-27 13:35:25 0 [ERROR] InnoDB: Your database may be corrupt or you may have copied the InnoDB tablespace but not the InnoDB log files. Please refer to https://mariadb.com/kb/en/library/innodb-recovery-modes/ for information about forcing recovery.
2026-03-27 13:35:25 0 [ERROR] InnoDB: Page [page id: space=0, page number=418] log sequence number 1266860 is in the future! Current system log sequence number 400451.
2026-03-27 13:35:25 0 [ERROR] InnoDB: Your database may be corrupt or you may have copied the InnoDB tablespace but not the InnoDB log files. Please refer to https://mariadb.com/kb/en/library/innodb-recovery-modes/ for information about forcing recovery.
2026-03-27 13:35:25 0 [ERROR] InnoDB: Page [page id: space=0, page number=284] log sequence number 1266904 is in the future! Current system log sequence number 400451.
2026-03-27 13:35:25 0 [ERROR] InnoDB: Your database may be corrupt or you may have copied the InnoDB tablespace but not the InnoDB log files. Please refer to https://mariadb.com/kb/en/library/innodb-recovery-modes/ for information about forcing recovery.
2026-03-27 13:35:25 0 [ERROR] InnoDB: Page [page id: space=0, page number=419] log sequence number 1266904 is in the future! Current system log sequence number 400451.
2026-03-27 13:35:25 0 [ERROR] InnoDB: Your database may be corrupt or you may have copied the InnoDB tablespace but not the InnoDB log files. Please refer to https://mariadb.com/kb/en/library/innodb-recovery-modes/ for information about forcing recovery.
2026-03-27 13:35:25 0 [ERROR] InnoDB: Page [page id: space=0, page number=285] log sequence number 1267010 is in the future! Current system log sequence number 400451.
2026-03-27 13:35:25 0 [ERROR] InnoDB: Your database may be corrupt or you may have copied the InnoDB tablespace but not the InnoDB log files. Please refer to https://mariadb.com/kb/en/library/innodb-recovery-modes/ for information about forcing recovery.
2026-03-27 13:35:25 0 [ERROR] InnoDB: Page [page id: space=0, page number=286] log sequence number 1267054 is in the future! Current system log sequence number 400451.
2026-03-27 13:35:25 0 [ERROR] InnoDB: Your database may be corrupt or you may have copied the InnoDB tablespace but not the InnoDB log files. Please refer to https://mariadb.com/kb/en/library/innodb-recovery-modes/ for information about forcing recovery.
2026-03-27 13:35:25 0 [ERROR] InnoDB: Page [page id: space=0, page number=421] log sequence number 1267054 is in the future! Current system log sequence number 400451.
2026-03-27 13:35:25 0 [ERROR] InnoDB: Your database may be corrupt or you may have copied the InnoDB tablespace but not the InnoDB log files. Please refer to https://mariadb.com/kb/en/library/innodb-recovery-modes/ for information about forcing recovery.
2026-03-27 13:35:25 0 [ERROR] InnoDB: Page [page id: space=0, page number=287] log sequence number 1267098 is in the future! Current system log sequence number 400451.
2026-03-27 13:35:25 0 [ERROR] InnoDB: Your database may be corrupt or you may have copied the InnoDB tablespace but not the InnoDB log files. Please refer to https://mariadb.com/kb/en/library/innodb-recovery-modes/ for information about forcing recovery.
2026-03-27 13:35:25 0 [ERROR] InnoDB: Page [page id: space=0, page number=422] log sequence number 1267098 is in the future! Current system log sequence number 400451.
2026-03-27 13:35:25 0 [ERROR] InnoDB: Your database may be corrupt or you may have copied the InnoDB tablespace but not the InnoDB log files. Please refer to https://mariadb.com/kb/en/library/innodb-recovery-modes/ for information about forcing recovery.
2026-03-27 13:35:25 0 [ERROR] InnoDB: Page [page id: space=0, page number=288] log sequence number 1267220 is in the future! Current system log sequence number 400451.
2026-03-27 13:35:25 0 [ERROR] InnoDB: Your database may be corrupt or you may have copied the InnoDB tablespace but not the InnoDB log files. Please refer to https://mariadb.com/kb/en/library/innodb-recovery-modes/ for information about forcing recovery.
2026-03-27 13:35:25 0 [ERROR] InnoDB: Page [page id: space=0, page number=289] log sequence number 1267264 is in the future! Current system log sequence number 400451.
2026-03-27 13:35:25 0 [ERROR] InnoDB: Your database may be corrupt or you may have copied the InnoDB tablespace but not the InnoDB log files. Please refer to https://mariadb.com/kb/en/library/innodb-recovery-modes/ for information about forcing recovery.
2026-03-27 13:35:25 0 [ERROR] InnoDB: Page [page id: space=0, page number=424] log sequence number 1267264 is in the future! Current system log sequence number 400451.
2026-03-27 13:35:25 0 [ERROR] InnoDB: Your database may be corrupt or you may have copied the InnoDB tablespace but not the InnoDB log files. Please refer to https://mariadb.com/kb/en/library/innodb-recovery-modes/ for information about forcing recovery.
2026-03-27 13:35:25 0 [ERROR] InnoDB: Page [page id: space=0, page number=290] log sequence number 1267308 is in the future! Current system log sequence number 400451.
2026-03-27 13:35:25 0 [ERROR] InnoDB: Your database may be corrupt or you may have copied the InnoDB tablespace but not the InnoDB log files. Please refer to https://mariadb.com/kb/en/library/innodb-recovery-modes/ for information about forcing recovery.
2026-03-27 13:35:25 0 [ERROR] InnoDB: Page [page id: space=0, page number=425] log sequence number 1267308 is in the future! Current system log sequence number 400451.
2026-03-27 13:35:25 0 [ERROR] InnoDB: Your database may be corrupt or you may have copied the InnoDB tablespace but not the InnoDB log files. Please refer to https://mariadb.com/kb/en/library/innodb-recovery-modes/ for information about forcing recovery.
2026-03-27 13:35:25 0 [ERROR] InnoDB: Page [page id: space=0, page number=291] log sequence number 1267352 is in the future! Current system log sequence number 400451.
2026-03-27 13:35:25 0 [ERROR] InnoDB: Your database may be corrupt or you may have copied the InnoDB tablespace but not the InnoDB log files. Please refer to https://mariadb.com/kb/en/library/innodb-recovery-modes/ for information about forcing recovery.
2026-03-27 13:35:25 0 [ERROR] InnoDB: Page [page id: space=0, page number=337] log sequence number 1267352 is in the future! Current system log sequence number 400451.
2026-03-27 13:35:25 0 [ERROR] InnoDB: Your database may be corrupt or you may have copied the InnoDB tablespace but not the InnoDB log files. Please refer to https://mariadb.com/kb/en/library/innodb-recovery-modes/ for information about forcing recovery.
2026-03-27 13:35:25 0 [ERROR] InnoDB: Page [page id: space=0, page number=292] log sequence number 1267396 is in the future! Current system log sequence number 400451.
2026-03-27 13:35:25 0 [ERROR] InnoDB: Your database may be corrupt or you may have copied the InnoDB tablespace but not the InnoDB log files. Please refer to https://mariadb.com/kb/en/library/innodb-recovery-modes/ for information about forcing recovery.
2026-03-27 13:35:25 0 [ERROR] InnoDB: Page [page id: space=0, page number=427] log sequence number 1267396 is in the future! Current system log sequence number 400451.
2026-03-27 13:35:25 0 [ERROR] InnoDB: Your database may be corrupt or you may have copied the InnoDB tablespace but not the InnoDB log files. Please refer to https://mariadb.com/kb/en/library/innodb-recovery-modes/ for information about forcing recovery.
2026-03-27 13:35:25 0 [ERROR] InnoDB: Page [page id: space=0, page number=293] log sequence number 1267440 is in the future! Current system log sequence number 400451.
2026-03-27 13:35:25 0 [ERROR] InnoDB: Your database may be corrupt or you may have copied the InnoDB tablespace but not the InnoDB log files. Please refer to https://mariadb.com/kb/en/library/innodb-recovery-modes/ for information about forcing recovery.
2026-03-27 13:35:25 0 [ERROR] InnoDB: Page [page id: space=0, page number=428] log sequence number 1267440 is in the future! Current system log sequence number 400451.
2026-03-27 13:35:25 0 [ERROR] InnoDB: Your database may be corrupt or you may have copied the InnoDB tablespace but not the InnoDB log files. Please refer to https://mariadb.com/kb/en/library/innodb-recovery-modes/ for information about forcing recovery.
2026-03-27 13:35:25 0 [ERROR] InnoDB: Page [page id: space=0, page number=294] log sequence number 1267484 is in the future! Current system log sequence number 400451.
2026-03-27 13:35:25 0 [ERROR] InnoDB: Your database may be corrupt or you may have copied the InnoDB tablespace but not the InnoDB log files. Please refer to https://mariadb.com/kb/en/library/innodb-recovery-modes/ for information about forcing recovery.
2026-03-27 13:35:25 0 [ERROR] InnoDB: Page [page id: space=0, page number=429] log sequence number 1267484 is in the future! Current system log sequence number 400451.
2026-03-27 13:35:25 0 [ERROR] InnoDB: Your database may be corrupt or you may have copied the InnoDB tablespace but not the InnoDB log files. Please refer to https://mariadb.com/kb/en/library/innodb-recovery-modes/ for information about forcing recovery.
2026-03-27 13:35:25 0 [ERROR] InnoDB: Page [page id: space=0, page number=295] log sequence number 1267528 is in the future! Current system log sequence number 400451.
2026-03-27 13:35:25 0 [ERROR] InnoDB: Your database may be corrupt or you may have copied the InnoDB tablespace but not the InnoDB log files. Please refer to https://mariadb.com/kb/en/library/innodb-recovery-modes/ for information about forcing recovery.
2026-03-27 13:35:25 0 [ERROR] InnoDB: Page [page id: space=0, page number=430] log sequence number 1267528 is in the future! Current system log sequence number 400451.
2026-03-27 13:35:25 0 [ERROR] InnoDB: Your database may be corrupt or you may have copied the InnoDB tablespace but not the InnoDB log files. Please refer to https://mariadb.com/kb/en/library/innodb-recovery-modes/ for information about forcing recovery.
2026-03-27 13:35:25 0 [ERROR] InnoDB: Page [page id: space=0, page number=296] log sequence number 1267572 is in the future! Current system log sequence number 400451.
2026-03-27 13:35:25 0 [ERROR] InnoDB: Your database may be corrupt or you may have copied the InnoDB tablespace but not the InnoDB log files. Please refer to https://mariadb.com/kb/en/library/innodb-recovery-modes/ for information about forcing recovery.
2026-03-27 13:35:25 0 [ERROR] InnoDB: Page [page id: space=0, page number=431] log sequence number 1267572 is in the future! Current system log sequence number 400451.
2026-03-27 13:35:25 0 [ERROR] InnoDB: Your database may be corrupt or you may have copied the InnoDB tablespace but not the InnoDB log files. Please refer to https://mariadb.com/kb/en/library/innodb-recovery-modes/ for information about forcing recovery.
2026-03-27 13:35:25 0 [ERROR] InnoDB: Page [page id: space=0, page number=297] log sequence number 1280930 is in the future! Current system log sequence number 400451.
2026-03-27 13:35:25 0 [ERROR] InnoDB: Your database may be corrupt or you may have copied the InnoDB tablespace but not the InnoDB log files. Please refer to https://mariadb.com/kb/en/library/innodb-recovery-modes/ for information about forcing recovery.
2026-03-27 13:35:25 0 [ERROR] InnoDB: Page [page id: space=0, page number=380] log sequence number 1280930 is in the future! Current system log sequence number 400451.
2026-03-27 13:35:25 0 [ERROR] InnoDB: Your database may be corrupt or you may have copied the InnoDB tablespace but not the InnoDB log files. Please refer to https://mariadb.com/kb/en/library/innodb-recovery-modes/ for information about forcing recovery.
2026-03-27 13:35:25 0 [ERROR] InnoDB: Page [page id: space=0, page number=298] log sequence number 1280974 is in the future! Current system log sequence number 400451.
2026-03-27 13:35:25 0 [ERROR] InnoDB: Your database may be corrupt or you may have copied the InnoDB tablespace but not the InnoDB log files. Please refer to https://mariadb.com/kb/en/library/innodb-recovery-modes/ for information about forcing recovery.
2026-03-27 13:35:25 0 [ERROR] InnoDB: Page [page id: space=0, page number=433] log sequence number 1280974 is in the future! Current system log sequence number 400451.
2026-03-27 13:35:25 0 [ERROR] InnoDB: Your database may be corrupt or you may have copied the InnoDB tablespace but not the InnoDB log files. Please refer to https://mariadb.com/kb/en/library/innodb-recovery-modes/ for information about forcing recovery.
2026-03-27 13:35:25 0 [ERROR] InnoDB: Page [page id: space=0, page number=299] log sequence number 1281018 is in the future! Current system log sequence number 400451.
2026-03-27 13:35:25 0 [ERROR] InnoDB: Your database may be corrupt or you may have copied the InnoDB tablespace but not the InnoDB log files. Please refer to https://mariadb.com/kb/en/library/innodb-recovery-modes/ for information about forcing recovery.
2026-03-27 13:35:25 0 [ERROR] InnoDB: Page [page id: space=0, page number=434] log sequence number 1281018 is in the future! Current system log sequence number 400451.
2026-03-27 13:35:25 0 [ERROR] InnoDB: Your database may be corrupt or you may have copied the InnoDB tablespace but not the InnoDB log files. Please refer to https://mariadb.com/kb/en/library/innodb-recovery-modes/ for information about forcing recovery.
2026-03-27 13:35:25 0 [ERROR] InnoDB: Page [page id: space=0, page number=300] log sequence number 1281078 is in the future! Current system log sequence number 400451.
2026-03-27 13:35:25 0 [ERROR] InnoDB: Your database may be corrupt or you may have copied the InnoDB tablespace but not the InnoDB log files. Please refer to https://mariadb.com/kb/en/library/innodb-recovery-modes/ for information about forcing recovery.
2026-03-27 13:35:25 0 [ERROR] InnoDB: Page [page id: space=0, page number=435] log sequence number 1281078 is in the future! Current system log sequence number 400451.
2026-03-27 13:35:25 0 [ERROR] InnoDB: Your database may be corrupt or you may have copied the InnoDB tablespace but not the InnoDB log files. Please refer to https://mariadb.com/kb/en/library/innodb-recovery-modes/ for information about forcing recovery.
2026-03-27 13:35:25 0 [ERROR] InnoDB: Page [page id: space=0, page number=10] log sequence number 4947534 is in the future! Current system log sequence number 400451.
2026-03-27 13:35:25 0 [ERROR] InnoDB: Your database may be corrupt or you may have copied the InnoDB tablespace but not the InnoDB log files. Please refer to https://mariadb.com/kb/en/library/innodb-recovery-modes/ for information about forcing recovery.
2026-03-27 13:35:25 0 [ERROR] InnoDB: Page [page id: space=0, page number=439] log sequence number 4947534 is in the future! Current system log sequence number 400451.
2026-03-27 13:35:25 0 [ERROR] InnoDB: Your database may be corrupt or you may have copied the InnoDB tablespace but not the InnoDB log files. Please refer to https://mariadb.com/kb/en/library/innodb-recovery-modes/ for information about forcing recovery.
2026-03-27 13:35:25 0 [ERROR] InnoDB: Operating system error number 3 in a file operation.
2026-03-27 13:35:25 0 [ERROR] InnoDB: The error means the system cannot find the path specified.
2026-03-27 13:35:25 0 [ERROR] InnoDB: If you are installing InnoDB, remember that you must create directories yourself, InnoDB does not create them.
2026-03-27 13:35:25 0 [ERROR] InnoDB: Cannot open datafile for read-only: '.\mydb\sathwik.ibd' OS error: 203
2026-03-27 13:35:25 0 [ERROR] InnoDB: Operating system error number 203 in a file operation.
2026-03-27 13:35:25 0 [Note] InnoDB: Some operating system error numbers are described at https://mariadb.com/kb/en/library/operating-system-error-codes/
2026-03-27 13:35:25 0 [ERROR] InnoDB: Could not find a valid tablespace file for ``mydb`.`sathwik``. Please refer to https://mariadb.com/kb/en/innodb-data-dictionary-troubleshooting/ for how to resolve the issue.
2026-03-27 13:35:25 0 [Warning] InnoDB: Ignoring tablespace for `mydb`.`sathwik` because it could not be opened.
2026-03-27 13:35:25 0 [Note] InnoDB: 128 out of 128 rollback segments are active.
2026-03-27 13:35:25 0 [Note] InnoDB: Removed temporary tablespace data file: "ibtmp1"
2026-03-27 13:35:25 0 [Note] InnoDB: Creating shared tablespace for temporary tables
2026-03-27 13:35:25 0 [Note] InnoDB: Setting file 'C:\xampp\mysql\data\ibtmp1' size to 12 MB. Physically writing the file full; Please wait ...
2026-03-27 13:35:25 0 [Note] InnoDB: File 'C:\xampp\mysql\data\ibtmp1' size is now 12 MB.
2026-03-27 13:35:25 0 [Note] InnoDB: Waiting for purge to start
2026-03-27 13:35:25 2 [ERROR] InnoDB: Page [page id: space=53, page number=1] log sequence number 2171442 is in the future! Current system log sequence number 400451.
2026-03-27 13:35:25 2 [ERROR] InnoDB: Your database may be corrupt or you may have copied the InnoDB tablespace but not the InnoDB log files. Please refer to https://mariadb.com/kb/en/library/innodb-recovery-modes/ for information about forcing recovery.
2026-03-27 13:35:25 1 [ERROR] InnoDB: Page [page id: space=49, page number=0] log sequence number 2153917 is in the future! Current system log sequence number 400451.
2026-03-27 13:35:25 1 [ERROR] InnoDB: Your database may be corrupt or you may have copied the InnoDB tablespace but not the InnoDB log files. Please refer to https://mariadb.com/kb/en/library/innodb-recovery-modes/ for information about forcing recovery.
2026-03-27 13:35:25 1 [ERROR] InnoDB: Page [page id: space=63, page number=0] log sequence number 473319 is in the future! Current system log sequence number 400451.
2026-03-27 13:35:25 1 [ERROR] InnoDB: Your database may be corrupt or you may have copied the InnoDB tablespace but not the InnoDB log files. Please refer to https://mariadb.com/kb/en/library/innodb-recovery-modes/ for information about forcing recovery.
2026-03-27 13:35:25 1 [ERROR] InnoDB: Page [page id: space=63, page number=3] log sequence number 1046484 is in the future! Current system log sequence number 400451.
2026-03-27 13:35:25 1 [ERROR] InnoDB: Your database may be corrupt or you may have copied the InnoDB tablespace but not the InnoDB log files. Please refer to https://mariadb.com/kb/en/library/innodb-recovery-modes/ for information about forcing recovery.
2026-03-27 13:35:25 1 [ERROR] InnoDB: Page [page id: space=63, page number=1] log sequence number 473027 is in the future! Current system log sequence number 400451.
2026-03-27 13:35:25 1 [ERROR] InnoDB: Your database may be corrupt or you may have copied the InnoDB tablespace but not the InnoDB log files. Please refer to https://mariadb.com/kb/en/library/innodb-recovery-modes/ for information about forcing recovery.
2026-03-27 13:35:25 1 [ERROR] InnoDB: Page [page id: space=54, page number=0] log sequence number 2177401 is in the future! Current system log sequence number 400451.
2026-03-27 13:35:25 1 [ERROR] InnoDB: Your database may be corrupt or you may have copied the InnoDB tablespace but not the InnoDB log files. Please refer to https://mariadb.com/kb/en/library/innodb-recovery-modes/ for information about forcing recovery.
2026-03-27 13:35:25 1 [ERROR] InnoDB: Page [page id: space=54, page number=3] log sequence number 1041053 is in the future! Current system log sequence number 400451.
2026-03-27 13:35:25 1 [ERROR] InnoDB: Your database may be corrupt or you may have copied the InnoDB tablespace but not the InnoDB log files. Please refer to https://mariadb.com/kb/en/library/innodb-recovery-modes/ for information about forcing recovery.
2026-03-27 13:35:25 1 [ERROR] InnoDB: Page [page id: space=54, page number=1] log sequence number 2177125 is in the future! Current system log sequence number 400451.
2026-03-27 13:35:25 1 [ERROR] InnoDB: Your database may be corrupt or you may have copied the InnoDB tablespace but not the InnoDB log files. Please refer to https://mariadb.com/kb/en/library/innodb-recovery-modes/ for information about forcing recovery.
2026-03-27 13:35:25 1 [ERROR] InnoDB: Page [page id: space=61, page number=0] log sequence number 4949561 is in the future! Current system log sequence number 400451.
2026-03-27 13:35:25 1 [ERROR] InnoDB: Your database may be corrupt or you may have copied the InnoDB tablespace but not the InnoDB log files. Please refer to https://mariadb.com/kb/en/library/innodb-recovery-modes/ for information about forcing recovery.
2026-03-27 13:35:25 1 [ERROR] InnoDB: Page [page id: space=61, page number=3] log sequence number 1139755 is in the future! Current system log sequence number 400451.
2026-03-27 13:35:25 1 [ERROR] InnoDB: Your database may be corrupt or you may have copied the InnoDB tablespace but not the InnoDB log files. Please refer to https://mariadb.com/kb/en/library/innodb-recovery-modes/ for information about forcing recovery.
2026-03-27 13:35:25 1 [ERROR] InnoDB: Page [page id: space=61, page number=1] log sequence number 4949269 is in the future! Current system log sequence number 400451.
2026-03-27 13:35:25 1 [ERROR] InnoDB: Your database may be corrupt or you may have copied the InnoDB tablespace but not the InnoDB log files. Please refer to https://mariadb.com/kb/en/library/innodb-recovery-modes/ for information about forcing recovery.
2026-03-27 13:35:25 1 [ERROR] InnoDB: Page [page id: space=55, page number=0] log sequence number 2211462 is in the future! Current system log sequence number 400451.
2026-03-27 13:35:25 1 [ERROR] InnoDB: Your database may be corrupt or you may have copied the InnoDB tablespace but not the InnoDB log files. Please refer to https://mariadb.com/kb/en/library/innodb-recovery-modes/ for information about forcing recovery.
2026-03-27 13:35:25 1 [ERROR] InnoDB: Page [page id: space=55, page number=3] log sequence number 1006971 is in the future! Current system log sequence number 400451.
2026-03-27 13:35:25 1 [ERROR] InnoDB: Your database may be corrupt or you may have copied the InnoDB tablespace but not the InnoDB log files. Please refer to https://mariadb.com/kb/en/library/innodb-recovery-modes/ for information about forcing recovery.
2026-03-27 13:35:25 1 [ERROR] InnoDB: Page [page id: space=55, page number=1] log sequence number 2211170 is in the future! Current system log sequence number 400451.
2026-03-27 13:35:25 1 [ERROR] InnoDB: Your database may be corrupt or you may have copied the InnoDB tablespace but not the InnoDB log files. Please refer to https://mariadb.com/kb/en/library/innodb-recovery-modes/ for information about forcing recovery.
2026-03-27 13:35:25 1 [ERROR] InnoDB: Page [page id: space=58, page number=0] log sequence number 3562340 is in the future! Current system log sequence number 400451.
2026-03-27 13:35:25 1 [ERROR] InnoDB: Your database may be corrupt or you may have copied the InnoDB tablespace but not the InnoDB log files. Please refer to https://mariadb.com/kb/en/library/innodb-recovery-modes/ for information about forcing recovery.
2026-03-27 13:35:25 1 [ERROR] InnoDB: Page [page id: space=58, page number=3] log sequence number 1650248 is in the future! Current system log sequence number 400451.
2026-03-27 13:35:25 1 [ERROR] InnoDB: Your database may be corrupt or you may have copied the InnoDB tablespace but not the InnoDB log files. Please refer to https://mariadb.com/kb/en/library/innodb-recovery-modes/ for information about forcing recovery.
2026-03-27 13:35:25 1 [ERROR] InnoDB: Page [page id: space=58, page number=1] log sequence number 3562064 is in the future! Current system log sequence number 400451.
2026-03-27 13:35:25 1 [ERROR] InnoDB: Your database may be corrupt or you may have copied the InnoDB tablespace but not the InnoDB log files. Please refer to https://mariadb.com/kb/en/library/innodb-recovery-modes/ for information about forcing recovery.
2026-03-27 13:35:25 1 [ERROR] InnoDB: Page [page id: space=56, page number=0] log sequence number 2219567 is in the future! Current system log sequence number 400451.
2026-03-27 13:35:25 1 [ERROR] InnoDB: Your database may be corrupt or you may have copied the InnoDB tablespace but not the InnoDB log files. Please refer to https://mariadb.com/kb/en/library/innodb-recovery-modes/ for information about forcing recovery.
2026-03-27 13:35:25 1 [ERROR] InnoDB: Page [page id: space=56, page number=3] log sequence number 1644929 is in the future! Current system log sequence number 400451.
2026-03-27 13:35:25 1 [ERROR] InnoDB: Your database may be corrupt or you may have copied the InnoDB tablespace but not the InnoDB log files. Please refer to https://mariadb.com/kb/en/library/innodb-recovery-modes/ for information about forcing recovery.
2026-03-27 13:35:25 1 [ERROR] InnoDB: Page [page id: space=56, page number=1] log sequence number 2219275 is in the future! Current system log sequence number 400451.
2026-03-27 13:35:25 1 [ERROR] InnoDB: Your database may be corrupt or you may have copied the InnoDB tablespace but not the InnoDB log files. Please refer to https://mariadb.com/kb/en/library/innodb-recovery-modes/ for information about forcing recovery.
2026-03-27 13:35:25 1 [ERROR] InnoDB: Page [page id: space=62, page number=0] log sequence number 520086 is in the future! Current system log sequence number 400451.
2026-03-27 13:35:25 1 [ERROR] InnoDB: Your database may be corrupt or you may have copied the InnoDB tablespace but not the InnoDB log files. Please refer to https://mariadb.com/kb/en/library/innodb-recovery-modes/ for information about forcing recovery.
2026-03-27 13:35:25 1 [ERROR] InnoDB: Page [page id: space=62, page number=1] log sequence number 519810 is in the future! Current system log sequence number 400451.
2026-03-27 13:35:25 1 [ERROR] InnoDB: Your database may be corrupt or you may have copied the InnoDB tablespace but not the InnoDB log files. Please refer to https://mariadb.com/kb/en/library/innodb-recovery-modes/ for information about forcing recovery.
2026-03-27 13:35:25 1 [ERROR] InnoDB: Page [page id: space=60, page number=0] log sequence number 4896124 is in the future! Current system log sequence number 400451.
2026-03-27 13:35:25 1 [ERROR] InnoDB: Your database may be corrupt or you may have copied the InnoDB tablespace but not the InnoDB log files. Please refer to https://mariadb.com/kb/en/library/innodb-recovery-modes/ for information about forcing recovery.
2026-03-27 13:35:25 1 [ERROR] InnoDB: Page [page id: space=60, page number=3] log sequence number 1011928 is in the future! Current system log sequence number 400451.
2026-03-27 13:35:25 1 [ERROR] InnoDB: Your database may be corrupt or you may have copied the InnoDB tablespace but not the InnoDB log files. Please refer to https://mariadb.com/kb/en/library/innodb-recovery-modes/ for information about forcing recovery.
2026-03-27 13:35:25 1 [ERROR] InnoDB: Page [page id: space=60, page number=1] log sequence number 4895848 is in the future! Current system log sequence number 400451.
2026-03-27 13:35:25 1 [ERROR] InnoDB: Your database may be corrupt or you may have copied the InnoDB tablespace but not the InnoDB log files. Please refer to https://mariadb.com/kb/en/library/innodb-recovery-modes/ for information about forcing recovery.
2026-03-27 13:35:25 0 [Note] InnoDB: 10.4.32 started; log sequence number 400442; transaction id 5698
2026-03-27 13:35:25 0 [Note] InnoDB: Loading buffer pool(s) from C:\xampp\mysql\data\ib_buffer_pool
2026-03-27 13:35:25 0 [Note] Plugin 'FEEDBACK' is disabled.
2026-03-27 13:35:25 0 [Note] Server socket created on IP: '::'.
2026-03-27 13:41:11 0 [Note] Starting MariaDB 10.4.32-MariaDB source revision c4143f909528e3fab0677a28631d10389354c491 as process 5212
2026-03-27 13:41:11 0 [Note] InnoDB: Mutexes and rw_locks use Windows interlocked functions
2026-03-27 13:41:11 0 [Note] InnoDB: Uses event mutexes
2026-03-27 13:41:11 0 [Note] InnoDB: Compressed tables use zlib 1.3
2026-03-27 13:41:11 0 [Note] InnoDB: Number of pools: 1
2026-03-27 13:41:11 0 [Note] InnoDB: Using SSE2 crc32 instructions
2026-03-27 13:41:11 0 [Note] InnoDB: Initializing buffer pool, total size = 16M, instances = 1, chunk size = 16M
2026-03-27 13:41:11 0 [Note] InnoDB: Completed initialization of buffer pool
2026-03-27 13:41:11 0 [Note] InnoDB: Starting crash recovery from checkpoint LSN=407178
2026-03-27 13:41:11 0 [Warning] InnoDB: Are you sure you are using the right ib_logfiles to start up the database? Log sequence number in the ib_logfiles is 407178, less than the log sequence number in the first system tablespace file header, 1651414.
2026-03-27 13:41:11 0 [Warning] InnoDB: Ignoring a doublewrite copy of page [page id: space=0, page number=292] with future log sequence number 1117093
2026-03-27 13:41:11 0 [Warning] InnoDB: Ignoring a doublewrite copy of page [page id: space=0, page number=427] with future log sequence number 1117093
2026-03-27 13:41:11 0 [Warning] InnoDB: Ignoring a doublewrite copy of page [page id: space=0, page number=291] with future log sequence number 1117049
2026-03-27 13:41:11 0 [Warning] InnoDB: Ignoring a doublewrite copy of page [page id: space=0, page number=426] with future log sequence number 1117049
2026-03-27 13:41:11 0 [Warning] InnoDB: Ignoring a doublewrite copy of page [page id: space=0, page number=408] with future log sequence number 1117049
2026-03-27 13:41:11 0 [Warning] InnoDB: Ignoring a doublewrite copy of page [page id: space=0, page number=290] with future log sequence number 1116942
2026-03-27 13:41:11 0 [Warning] InnoDB: Ignoring a doublewrite copy of page [page id: space=0, page number=425] with future log sequence number 1116942
2026-03-27 13:41:11 0 [Warning] InnoDB: Ignoring a doublewrite copy of page [page id: space=0, page number=289] with future log sequence number 1116898
2026-03-27 13:41:11 0 [Warning] InnoDB: Ignoring a doublewrite copy of page [page id: space=0, page number=424] with future log sequence number 1116898
2026-03-27 13:41:11 0 [Warning] InnoDB: Ignoring a doublewrite copy of page [page id: space=0, page number=288] with future log sequence number 1116854
2026-03-27 13:41:11 0 [Warning] InnoDB: Ignoring a doublewrite copy of page [page id: space=0, page number=423] with future log sequence number 1116854
2026-03-27 13:41:11 0 [Warning] InnoDB: Ignoring a doublewrite copy of page [page id: space=0, page number=287] with future log sequence number 1116810
2026-03-27 13:41:11 0 [Warning] InnoDB: Ignoring a doublewrite copy of page [page id: space=0, page number=422] with future log sequence number 1116810
2026-03-27 13:41:11 0 [Warning] InnoDB: Ignoring a doublewrite copy of page [page id: space=0, page number=286] with future log sequence number 1116766
2026-03-27 13:41:11 0 [Warning] InnoDB: Ignoring a doublewrite copy of page [page id: space=0, page number=421] with future log sequence number 1116766
2026-03-27 13:41:11 0 [Warning] InnoDB: Ignoring a doublewrite copy of page [page id: space=0, page number=285] with future log sequence number 1116722
2026-03-27 13:41:11 0 [Warning] InnoDB: Ignoring a doublewrite copy of page [page id: space=0, page number=420] with future log sequence number 1116722
2026-03-27 13:41:11 0 [Warning] InnoDB: Ignoring a doublewrite copy of page [page id: space=0, page number=284] with future log sequence number 1116662
2026-03-27 13:41:11 0 [Warning] InnoDB: Ignoring a doublewrite copy of page [page id: space=0, page number=419] with future log sequence number 1116662
2026-03-27 13:41:11 0 [Warning] InnoDB: Ignoring a doublewrite copy of page [page id: space=0, page number=300] with future log sequence number 674742
2026-03-27 13:41:11 0 [Warning] InnoDB: Ignoring a doublewrite copy of page [page id: space=0, page number=435] with future log sequence number 674742
2026-03-27 13:41:11 0 [Warning] InnoDB: Ignoring a doublewrite copy of page [page id: space=0, page number=299] with future log sequence number 674698
2026-03-27 13:41:11 0 [Warning] InnoDB: Ignoring a doublewrite copy of page [page id: space=0, page number=434] with future log sequence number 674698
2026-03-27 13:41:11 0 [Warning] InnoDB: Ignoring a doublewrite copy of page [page id: space=0, page number=298] with future log sequence number 674654
2026-03-27 13:41:11 0 [Warning] InnoDB: Ignoring a doublewrite copy of page [page id: space=0, page number=433] with future log sequence number 674654
2026-03-27 13:41:11 0 [Warning] InnoDB: Ignoring a doublewrite copy of page [page id: space=0, page number=297] with future log sequence number 674610
2026-03-27 13:41:11 0 [Warning] InnoDB: Ignoring a doublewrite copy of page [page id: space=0, page number=432] with future log sequence number 674610
2026-03-27 13:41:11 0 [Warning] InnoDB: Ignoring a doublewrite copy of page [page id: space=0, page number=296] with future log sequence number 674503
2026-03-27 13:41:11 0 [Warning] InnoDB: Ignoring a doublewrite copy of page [page id: space=0, page number=431] with future log sequence number 674503
2026-03-27 13:41:11 0 [Warning] InnoDB: Ignoring a doublewrite copy of page [page id: space=0, page number=295] with future log sequence number 674459
2026-03-27 13:41:11 0 [Warning] InnoDB: Ignoring a doublewrite copy of page [page id: space=0, page number=430] with future log sequence number 674459
2026-03-27 13:41:11 0 [Warning] InnoDB: Ignoring a doublewrite copy of page [page id: space=0, page number=294] with future log sequence number 674415
2026-03-27 13:41:11 0 [Warning] InnoDB: Ignoring a doublewrite copy of page [page id: space=0, page number=429] with future log sequence number 674415
2026-03-27 13:41:11 0 [Warning] InnoDB: Ignoring a doublewrite copy of page [page id: space=0, page number=293] with future log sequence number 674371
2026-03-27 13:41:11 0 [Warning] InnoDB: Ignoring a doublewrite copy of page [page id: space=0, page number=222] with future log sequence number 1305314
2026-03-27 13:41:11 0 [Warning] InnoDB: Ignoring a doublewrite copy of page [page id: space=0, page number=359] with future log sequence number 1305314
2026-03-27 13:41:11 0 [Warning] InnoDB: Ignoring a doublewrite copy of page [page id: space=0, page number=221] with future log sequence number 1305043
2026-03-27 13:41:11 0 [Warning] InnoDB: Ignoring a doublewrite copy of page [page id: space=0, page number=358] with future log sequence number 1305043
2026-03-27 13:41:11 0 [Warning] InnoDB: Ignoring a doublewrite copy of page [page id: space=0, page number=220] with future log sequence number 1304788
2026-03-27 13:41:11 0 [Warning] InnoDB: Ignoring a doublewrite copy of page [page id: space=0, page number=402] with future log sequence number 1304788
2026-03-27 13:41:11 0 [Warning] InnoDB: Ignoring a doublewrite copy of page [page id: space=0, page number=215] with future log sequence number 1304383
2026-03-27 13:41:11 0 [Warning] InnoDB: Ignoring a doublewrite copy of page [page id: space=0, page number=315] with future log sequence number 1304383
2026-03-27 13:41:11 0 [Warning] InnoDB: Ignoring a doublewrite copy of page [page id: space=0, page number=214] with future log sequence number 1304339
2026-03-27 13:41:11 0 [Warning] InnoDB: Ignoring a doublewrite copy of page [page id: space=0, page number=326] with future log sequence number 1304339
2026-03-27 13:41:11 0 [Warning] InnoDB: Ignoring a doublewrite copy of page [page id: space=0, page number=213] with future log sequence number 1304295
2026-03-27 13:41:11 0 [Warning] InnoDB: Ignoring a doublewrite copy of page [page id: space=0, page number=350] with future log sequence number 1304295
2026-03-27 13:41:11 0 [Warning] InnoDB: Ignoring a doublewrite copy of page [page id: space=0, page number=212] with future log sequence number 1304251
2026-03-27 13:41:11 0 [ERROR] InnoDB: Page [page id: space=0, page number=2] log sequence number 862100 is in the future! Current system log sequence number 407196.
2026-03-27 13:41:11 0 [ERROR] InnoDB: Your database may be corrupt or you may have copied the InnoDB tablespace but not the InnoDB log files. Please refer to https://mariadb.com/kb/en/library/innodb-recovery-modes/ for information about forcing recovery.
2026-03-27 13:41:11 0 [ERROR] InnoDB: Page [page id: space=0, page number=6] log sequence number 1280363 is in the future! Current system log sequence number 407196.
2026-03-27 13:41:11 0 [ERROR] InnoDB: Your database may be corrupt or you may have copied the InnoDB tablespace but not the InnoDB log files. Please refer to https://mariadb.com/kb/en/library/innodb-recovery-modes/ for information about forcing recovery.
2026-03-27 13:41:11 0 [ERROR] InnoDB: Page [page id: space=0, page number=382] log sequence number 1280363 is in the future! Current system log sequence number 407196.
2026-03-27 13:41:11 0 [ERROR] InnoDB: Your database may be corrupt or you may have copied the InnoDB tablespace but not the InnoDB log files. Please refer to https://mariadb.com/kb/en/library/innodb-recovery-modes/ for information about forcing recovery.
2026-03-27 13:41:11 0 [ERROR] InnoDB: Page [page id: space=0, page number=45] log sequence number 1280402 is in the future! Current system log sequence number 407196.
2026-03-27 13:41:11 0 [ERROR] InnoDB: Your database may be corrupt or you may have copied the InnoDB tablespace but not the InnoDB log files. Please refer to https://mariadb.com/kb/en/library/innodb-recovery-modes/ for information about forcing recovery.
2026-03-27 13:41:11 0 [ERROR] InnoDB: Page [page id: space=0, page number=306] log sequence number 1280402 is in the future! Current system log sequence number 407196.
2026-03-27 13:41:11 0 [ERROR] InnoDB: Your database may be corrupt or you may have copied the InnoDB tablespace but not the InnoDB log files. Please refer to https://mariadb.com/kb/en/library/innodb-recovery-modes/ for information about forcing recovery.
2026-03-27 13:41:11 0 [ERROR] InnoDB: Page [page id: space=0, page number=53] log sequence number 1280730 is in the future! Current system log sequence number 407196.
2026-03-27 13:41:11 0 [ERROR] InnoDB: Your database may be corrupt or you may have copied the InnoDB tablespace but not the InnoDB log files. Please refer to https://mariadb.com/kb/en/library/innodb-recovery-modes/ for information about forcing recovery.
2026-03-27 13:41:11 0 [ERROR] InnoDB: Page [page id: space=0, page number=426] log sequence number 1280730 is in the future! Current system log sequence number 407196.
2026-03-27 13:41:11 0 [ERROR] InnoDB: Your database may be corrupt or you may have copied the InnoDB tablespace but not the InnoDB log files. Please refer to https://mariadb.com/kb/en/library/innodb-recovery-modes/ for information about forcing recovery.
2026-03-27 13:41:11 0 [ERROR] InnoDB: Page [page id: space=0, page number=63] log sequence number 1303127 is in the future! Current system log sequence number 407196.
2026-03-27 13:41:11 0 [ERROR] InnoDB: Your database may be corrupt or you may have copied the InnoDB tablespace but not the InnoDB log files. Please refer to https://mariadb.com/kb/en/library/innodb-recovery-modes/ for information about forcing recovery.
2026-03-27 13:41:11 0 [ERROR] InnoDB: Page [page id: space=0, page number=351] log sequence number 1303127 is in the future! Current system log sequence number 407196.
2026-03-27 13:41:11 0 [ERROR] InnoDB: Your database may be corrupt or you may have copied the InnoDB tablespace but not the InnoDB log files. Please refer to https://mariadb.com/kb/en/library/innodb-recovery-modes/ for information about forcing recovery.
2026-03-27 13:41:11 0 [ERROR] InnoDB: Page [page id: space=0, page number=192] log sequence number 1303213 is in the future! Current system log sequence number 407196.
2026-03-27 13:41:11 0 [ERROR] InnoDB: Your database may be corrupt or you may have copied the InnoDB tablespace but not the InnoDB log files. Please refer to https://mariadb.com/kb/en/library/innodb-recovery-modes/ for information about forcing recovery.
2026-03-27 13:41:11 0 [ERROR] InnoDB: Page [page id: space=0, page number=327] log sequence number 1303213 is in the future! Current system log sequence number 407196.
2026-03-27 13:41:11 0 [ERROR] InnoDB: Your database may be corrupt or you may have copied the InnoDB tablespace but not the InnoDB log files. Please refer to https://mariadb.com/kb/en/library/innodb-recovery-modes/ for information about forcing recovery.
2026-03-27 13:41:11 0 [ERROR] InnoDB: Page [page id: space=0, page number=197] log sequence number 1303575 is in the future! Current system log sequence number 407196.
2026-03-27 13:41:11 0 [ERROR] InnoDB: Your database may be corrupt or you may have copied the InnoDB tablespace but not the InnoDB log files. Please refer to https://mariadb.com/kb/en/library/innodb-recovery-modes/ for information about forcing recovery.
2026-03-27 13:41:11 0 [ERROR] InnoDB: Page [page id: space=0, page number=394] log sequence number 1303575 is in the future! Current system log sequence number 407196.
2026-03-27 13:41:11 0 [ERROR] InnoDB: Your database may be corrupt or you may have copied the InnoDB tablespace but not the InnoDB log files. Please refer to https://mariadb.com/kb/en/library/innodb-recovery-modes/ for information about forcing recovery.
2026-03-27 13:41:11 0 [ERROR] InnoDB: Page [page id: space=0, page number=209] log sequence number 1304119 is in the future! Current system log sequence number 407196.
2026-03-27 13:41:11 0 [ERROR] InnoDB: Your database may be corrupt or you may have copied the InnoDB tablespace but not the InnoDB log files. Please refer to https://mariadb.com/kb/en/library/innodb-recovery-modes/ for information about forcing recovery.
2026-03-27 13:41:11 0 [ERROR] InnoDB: Page [page id: space=0, page number=336] log sequence number 1304119 is in the future! Current system log sequence number 407196.
2026-03-27 13:41:11 0 [ERROR] InnoDB: Your database may be corrupt or you may have copied the InnoDB tablespace but not the InnoDB log files. Please refer to https://mariadb.com/kb/en/library/innodb-recovery-modes/ for information about forcing recovery.
2026-03-27 13:41:11 0 [ERROR] InnoDB: Page [page id: space=0, page number=212] log sequence number 1304251 is in the future! Current system log sequence number 407196.
2026-03-27 13:41:11 0 [ERROR] InnoDB: Your database may be corrupt or you may have copied the InnoDB tablespace but not the InnoDB log files. Please refer to https://mariadb.com/kb/en/library/innodb-recovery-modes/ for information about forcing recovery.
2026-03-27 13:41:11 0 [ERROR] InnoDB: Page [page id: space=0, page number=349] log sequence number 1304251 is in the future! Current system log sequence number 407196.
2026-03-27 13:41:11 0 [ERROR] InnoDB: Your database may be corrupt or you may have copied the InnoDB tablespace but not the InnoDB log files. Please refer to https://mariadb.com/kb/en/library/innodb-recovery-modes/ for information about forcing recovery.
2026-03-27 13:41:11 0 [ERROR] InnoDB: Page [page id: space=0, page number=215] log sequence number 1304383 is in the future! Current system log sequence number 407196.
2026-03-27 13:41:11 0 [ERROR] InnoDB: Your database may be corrupt or you may have copied the InnoDB tablespace but not the InnoDB log files. Please refer to https://mariadb.com/kb/en/library/innodb-recovery-modes/ for information about forcing recovery.
2026-03-27 13:41:11 0 [ERROR] InnoDB: Page [page id: space=0, page number=315] log sequence number 1304383 is in the future! Current system log sequence number 407196.
2026-03-27 13:41:11 0 [ERROR] InnoDB: Your database may be corrupt or you may have copied the InnoDB tablespace but not the InnoDB log files. Please refer to https://mariadb.com/kb/en/library/innodb-recovery-modes/ for information about forcing recovery.
2026-03-27 13:41:11 0 [ERROR] InnoDB: Page [page id: space=0, page number=218] log sequence number 1304515 is in the future! Current system log sequence number 407196.
2026-03-27 13:41:11 0 [ERROR] InnoDB: Your database may be corrupt or you may have copied the InnoDB tablespace but not the InnoDB log files. Please refer to https://mariadb.com/kb/en/library/innodb-recovery-modes/ for information about forcing recovery.
2026-03-27 13:41:11 0 [ERROR] InnoDB: Page [page id: space=0, page number=384] log sequence number 1304515 is in the future! Current system log sequence number 407196.
2026-03-27 13:41:11 0 [ERROR] InnoDB: Your database may be corrupt or you may have copied the InnoDB tablespace but not the InnoDB log files. Please refer to https://mariadb.com/kb/en/library/innodb-recovery-modes/ for information about forcing recovery.
2026-03-27 13:41:11 0 [ERROR] InnoDB: Page [page id: space=0, page number=221] log sequence number 1314148 is in the future! Current system log sequence number 407196.
2026-03-27 13:41:11 0 [ERROR] InnoDB: Your database may be corrupt or you may have copied the InnoDB tablespace but not the InnoDB log files. Please refer to https://mariadb.com/kb/en/library/innodb-recovery-modes/ for information about forcing recovery.
2026-03-27 13:41:11 0 [ERROR] InnoDB: Page [page id: space=0, page number=358] log sequence number 1314148 is in the future! Current system log sequence number 407196.
2026-03-27 13:41:11 0 [ERROR] InnoDB: Your database may be corrupt or you may have copied the InnoDB tablespace but not the InnoDB log files. Please refer to https://mariadb.com/kb/en/library/innodb-recovery-modes/ for information about forcing recovery.
2026-03-27 13:41:11 0 [ERROR] InnoDB: Page [page id: space=0, page number=224] log sequence number 1314280 is in the future! Current system log sequence number 407196.
2026-03-27 13:41:11 0 [ERROR] InnoDB: Your database may be corrupt or you may have copied the InnoDB tablespace but not the InnoDB log files. Please refer to https://mariadb.com/kb/en/library/innodb-recovery-modes/ for information about forcing recovery.
2026-03-27 13:41:11 0 [ERROR] InnoDB: Page [page id: space=0, page number=357] log sequence number 1314280 is in the future! Current system log sequence number 407196.
2026-03-27 13:41:11 0 [ERROR] InnoDB: Your database may be corrupt or you may have copied the InnoDB tablespace but not the InnoDB log files. Please refer to https://mariadb.com/kb/en/library/innodb-recovery-modes/ for information about forcing recovery.
2026-03-27 13:41:11 0 [ERROR] InnoDB: Page [page id: space=0, page number=227] log sequence number 1314428 is in the future! Current system log sequence number 407196.
2026-03-27 13:41:11 0 [ERROR] InnoDB: Your database may be corrupt or you may have copied the InnoDB tablespace but not the InnoDB log files. Please refer to https://mariadb.com/kb/en/library/innodb-recovery-modes/ for information about forcing recovery.
2026-03-27 13:41:11 0 [ERROR] InnoDB: Page [page id: space=0, page number=339] log sequence number 1314428 is in the future! Current system log sequence number 407196.
2026-03-27 13:41:11 0 [ERROR] InnoDB: Your database may be corrupt or you may have copied the InnoDB tablespace but not the InnoDB log files. Please refer to https://mariadb.com/kb/en/library/innodb-recovery-modes/ for information about forcing recovery.
2026-03-27 13:41:11 0 [ERROR] InnoDB: Page [page id: space=0, page number=230] log sequence number 1314560 is in the future! Current system log sequence number 407196.
2026-03-27 13:41:11 0 [ERROR] InnoDB: Your database may be corrupt or you may have copied the InnoDB tablespace but not the InnoDB log files. Please refer to https://mariadb.com/kb/en/library/innodb-recovery-modes/ for information about forcing recovery.
2026-03-27 13:41:11 0 [ERROR] InnoDB: Page [page id: space=0, page number=367] log sequence number 1314560 is in the future! Current system log sequence number 407196.
2026-03-27 13:41:11 0 [ERROR] InnoDB: Your database may be corrupt or you may have copied the InnoDB tablespace but not the InnoDB log files. Please refer to https://mariadb.com/kb/en/library/innodb-recovery-modes/ for information about forcing recovery.
2026-03-27 13:41:11 0 [ERROR] InnoDB: Page [page id: space=0, page number=233] log sequence number 1314692 is in the future! Current system log sequence number 407196.
2026-03-27 13:41:11 0 [ERROR] InnoDB: Your database may be corrupt or you may have copied the InnoDB tablespace but not the InnoDB log files. Please refer to https://mariadb.com/kb/en/library/innodb-recovery-modes/ for information about forcing recovery.
2026-03-27 13:41:11 0 [ERROR] InnoDB: Page [page id: space=0, page number=374] log sequence number 1314692 is in the future! Current system log sequence number 407196.
2026-03-27 13:41:11 0 [ERROR] InnoDB: Your database may be corrupt or you may have copied the InnoDB tablespace but not the InnoDB log files. Please refer to https://mariadb.com/kb/en/library/innodb-recovery-modes/ for information about forcing recovery.
2026-03-27 13:41:11 0 [ERROR] InnoDB: Page [page id: space=0, page number=236] log sequence number 1314840 is in the future! Current system log sequence number 407196.
2026-03-27 13:41:11 0 [ERROR] InnoDB: Your database may be corrupt or you may have copied the InnoDB tablespace but not the InnoDB log files. Please refer to https://mariadb.com/kb/en/library/innodb-recovery-modes/ for information about forcing recovery.
2026-03-27 13:41:11 0 [ERROR] InnoDB: Page [page id: space=0, page number=389] log sequence number 1314840 is in the future! Current system log sequence number 407196.
2026-03-27 13:41:11 0 [ERROR] InnoDB: Your database may be corrupt or you may have copied the InnoDB tablespace but not the InnoDB log files. Please refer to https://mariadb.com/kb/en/library/innodb-recovery-modes/ for information about forcing recovery.
2026-03-27 13:41:11 0 [ERROR] InnoDB: Page [page id: space=0, page number=240] log sequence number 1203873 is in the future! Current system log sequence number 407196.
2026-03-27 13:41:11 0 [ERROR] InnoDB: Your database may be corrupt or you may have copied the InnoDB tablespace but not the InnoDB log files. Please refer to https://mariadb.com/kb/en/library/innodb-recovery-modes/ for information about forcing recovery.
2026-03-27 13:41:11 0 [ERROR] InnoDB: Page [page id: space=0, page number=241] log sequence number 1226073 is in the future! Current system log sequence number 407196.
2026-03-27 13:41:11 0 [ERROR] InnoDB: Your database may be corrupt or you may have copied the InnoDB tablespace but not the InnoDB log files. Please refer to https://mariadb.com/kb/en/library/innodb-recovery-modes/ for information about forcing recovery.
2026-03-27 13:41:11 0 [ERROR] InnoDB: Page [page id: space=0, page number=377] log sequence number 1226073 is in the future! Current system log sequence number 407196.
2026-03-27 13:41:11 0 [ERROR] InnoDB: Your database may be corrupt or you may have copied the InnoDB tablespace but not the InnoDB log files. Please refer to https://mariadb.com/kb/en/library/innodb-recovery-modes/ for information about forcing recovery.
2026-03-27 13:41:11 0 [ERROR] InnoDB: Page [page id: space=0, page number=242] log sequence number 1314990 is in the future! Current system log sequence number 407196.
2026-03-27 13:41:11 0 [ERROR] InnoDB: Your database may be corrupt or you may have copied the InnoDB tablespace but not the InnoDB log files. Please refer to https://mariadb.com/kb/en/library/innodb-recovery-modes/ for information about forcing recovery.
2026-03-27 13:41:11 0 [ERROR] InnoDB: Page [page id: space=0, page number=392] log sequence number 1314990 is in the future! Current system log sequence number 407196.
2026-03-27 13:41:11 0 [ERROR] InnoDB: Your database may be corrupt or you may have copied the InnoDB tablespace but not the InnoDB log files. Please refer to https://mariadb.com/kb/en/library/innodb-recovery-modes/ for information about forcing recovery.
2026-03-27 13:41:11 0 [ERROR] InnoDB: Page [page id: space=0, page number=244] log sequence number 1315034 is in the future! Current system log sequence number 407196.
2026-03-27 13:41:11 0 [ERROR] InnoDB: Your database may be corrupt or you may have copied the InnoDB tablespace but not the InnoDB log files. Please refer to https://mariadb.com/kb/en/library/innodb-recovery-modes/ for information about forcing recovery.
2026-03-27 13:41:11 0 [ERROR] InnoDB: Page [page id: space=0, page number=378] log sequence number 1315034 is in the future! Current system log sequence number 407196.
2026-03-27 13:41:11 0 [ERROR] InnoDB: Your database may be corrupt or you may have copied the InnoDB tablespace but not the InnoDB log files. Please refer to https://mariadb.com/kb/en/library/innodb-recovery-modes/ for information about forcing recovery.
2026-03-27 13:41:11 0 [ERROR] InnoDB: Page [page id: space=0, page number=245] log sequence number 1317328 is in the future! Current system log sequence number 407196.
2026-03-27 13:41:11 0 [ERROR] InnoDB: Your database may be corrupt or you may have copied the InnoDB tablespace but not the InnoDB log files. Please refer to https://mariadb.com/kb/en/library/innodb-recovery-modes/ for information about forcing recovery.
2026-03-27 13:41:11 0 [ERROR] InnoDB: Page [page id: space=0, page number=379] log sequence number 1317328 is in the future! Current system log sequence number 407196.
2026-03-27 13:41:11 0 [ERROR] InnoDB: Your database may be corrupt or you may have copied the InnoDB tablespace but not the InnoDB log files. Please refer to https://mariadb.com/kb/en/library/innodb-recovery-modes/ for information about forcing recovery.
2026-03-27 13:41:11 0 [ERROR] InnoDB: Page [page id: space=0, page number=246] log sequence number 1317388 is in the future! Current system log sequence number 407196.
2026-03-27 13:41:11 0 [ERROR] InnoDB: Your database may be corrupt or you may have copied the InnoDB tablespace but not the InnoDB log files. Please refer to https://mariadb.com/kb/en/library/innodb-recovery-modes/ for information about forcing recovery.
2026-03-27 13:41:11 0 [ERROR] InnoDB: Page [page id: space=0, page number=444] log sequence number 1317388 is in the future! Current system log sequence number 407196.
2026-03-27 13:41:11 0 [ERROR] InnoDB: Your database may be corrupt or you may have copied the InnoDB tablespace but not the InnoDB log files. Please refer to https://mariadb.com/kb/en/library/innodb-recovery-modes/ for information about forcing recovery.
2026-03-27 13:41:11 0 [ERROR] InnoDB: Page [page id: space=0, page number=247] log sequence number 1317432 is in the future! Current system log sequence number 407196.
2026-03-27 13:41:11 0 [ERROR] InnoDB: Your database may be corrupt or you may have copied the InnoDB tablespace but not the InnoDB log files. Please refer to https://mariadb.com/kb/en/library/innodb-recovery-modes/ for information about forcing recovery.
2026-03-27 13:41:11 0 [ERROR] InnoDB: Page [page id: space=0, page number=393] log sequence number 1317432 is in the future! Current system log sequence number 407196.
2026-03-27 13:41:11 0 [ERROR] InnoDB: Your database may be corrupt or you may have copied the InnoDB tablespace but not the InnoDB log files. Please refer to https://mariadb.com/kb/en/library/innodb-recovery-modes/ for information about forcing recovery.
2026-03-27 13:41:11 0 [ERROR] InnoDB: Page [page id: space=0, page number=248] log sequence number 1317476 is in the future! Current system log sequence number 407196.
2026-03-27 13:41:11 0 [ERROR] InnoDB: Your database may be corrupt or you may have copied the InnoDB tablespace but not the InnoDB log files. Please refer to https://mariadb.com/kb/en/library/innodb-recovery-modes/ for information about forcing recovery.
2026-03-27 13:41:11 0 [ERROR] InnoDB: Page [page id: space=0, page number=381] log sequence number 1317476 is in the future! Current system log sequence number 407196.
2026-03-27 13:41:11 0 [ERROR] InnoDB: Your database may be corrupt or you may have copied the InnoDB tablespace but not the InnoDB log files. Please refer to https://mariadb.com/kb/en/library/innodb-recovery-modes/ for information about forcing recovery.
2026-03-27 13:41:11 0 [ERROR] InnoDB: Page [page id: space=0, page number=249] log sequence number 1317520 is in the future! Current system log sequence number 407196.
2026-03-27 13:41:11 0 [ERROR] InnoDB: Your database may be corrupt or you may have copied the InnoDB tablespace but not the InnoDB log files. Please refer to https://mariadb.com/kb/en/library/innodb-recovery-modes/ for information about forcing recovery.
2026-03-27 13:41:11 0 [ERROR] InnoDB: Page [page id: space=0, page number=370] log sequence number 1317520 is in the future! Current system log sequence number 407196.
2026-03-27 13:41:11 0 [ERROR] InnoDB: Your database may be corrupt or you may have copied the InnoDB tablespace but not the InnoDB log files. Please refer to https://mariadb.com/kb/en/library/innodb-recovery-modes/ for information about forcing recovery.
2026-03-27 13:41:11 0 [ERROR] InnoDB: Page [page id: space=0, page number=250] log sequence number 1317564 is in the future! Current system log sequence number 407196.
2026-03-27 13:41:11 0 [ERROR] InnoDB: Your database may be corrupt or you may have copied the InnoDB tablespace but not the InnoDB log files. Please refer to https://mariadb.com/kb/en/library/innodb-recovery-modes/ for information about forcing recovery.
2026-03-27 13:41:11 0 [ERROR] InnoDB: Page [page id: space=0, page number=371] log sequence number 1317564 is in the future! Current system log sequence number 407196.
2026-03-27 13:41:11 0 [ERROR] InnoDB: Your database may be corrupt or you may have copied the InnoDB tablespace but not the InnoDB log files. Please refer to https://mariadb.com/kb/en/library/innodb-recovery-modes/ for information about forcing recovery.
2026-03-27 13:41:11 0 [ERROR] InnoDB: Page [page id: space=0, page number=251] log sequence number 1317608 is in the future! Current system log sequence number 407196.
2026-03-27 13:41:11 0 [ERROR] InnoDB: Your database may be corrupt or you may have copied the InnoDB tablespace but not the InnoDB log files. Please refer to https://mariadb.com/kb/en/library/innodb-recovery-modes/ for information about forcing recovery.
2026-03-27 13:41:11 0 [ERROR] InnoDB: Page [page id: space=0, page number=361] log sequence number 1317608 is in the future! Current system log sequence number 407196.
2026-03-27 13:41:11 0 [ERROR] InnoDB: Your database may be corrupt or you may have copied the InnoDB tablespace but not the InnoDB log files. Please refer to https://mariadb.com/kb/en/library/innodb-recovery-modes/ for information about forcing recovery.
2026-03-27 13:41:11 0 [ERROR] InnoDB: Page [page id: space=0, page number=252] log sequence number 1319843 is in the future! Current system log sequence number 407196.
2026-03-27 13:41:11 0 [ERROR] InnoDB: Your database may be corrupt or you may have copied the InnoDB tablespace but not the InnoDB log files. Please refer to https://mariadb.com/kb/en/library/innodb-recovery-modes/ for information about forcing recovery.
2026-03-27 13:41:11 0 [ERROR] InnoDB: Page [page id: space=0, page number=383] log sequence number 1319843 is in the future! Current system log sequence number 407196.
2026-03-27 13:41:11 0 [ERROR] InnoDB: Your database may be corrupt or you may have copied the InnoDB tablespace but not the InnoDB log files. Please refer to https://mariadb.com/kb/en/library/innodb-recovery-modes/ for information about forcing recovery.
2026-03-27 13:41:11 0 [ERROR] InnoDB: Page [page id: space=0, page number=253] log sequence number 1319887 is in the future! Current system log sequence number 407196.
2026-03-27 13:41:11 0 [ERROR] InnoDB: Your database may be corrupt or you may have copied the InnoDB tablespace but not the InnoDB log files. Please refer to https://mariadb.com/kb/en/library/innodb-recovery-modes/ for information about forcing recovery.
2026-03-27 13:41:11 0 [ERROR] InnoDB: Page [page id: space=0, page number=330] log sequence number 1319887 is in the future! Current system log sequence number 407196.
2026-03-27 13:41:11 0 [ERROR] InnoDB: Your database may be corrupt or you may have copied the InnoDB tablespace but not the InnoDB log files. Please refer to https://mariadb.com/kb/en/library/innodb-recovery-modes/ for information about forcing recovery.
2026-03-27 13:41:11 0 [ERROR] InnoDB: Page [page id: space=0, page number=254] log sequence number 1319931 is in the future! Current system log sequence number 407196.
2026-03-27 13:41:11 0 [ERROR] InnoDB: Your database may be corrupt or you may have copied the InnoDB tablespace but not the InnoDB log files. Please refer to https://mariadb.com/kb/en/library/innodb-recovery-modes/ for information about forcing recovery.
2026-03-27 13:41:11 0 [ERROR] InnoDB: Page [page id: space=0, page number=386] log sequence number 1319931 is in the future! Current system log sequence number 407196.
2026-03-27 13:41:11 0 [ERROR] InnoDB: Your database may be corrupt or you may have copied the InnoDB tablespace but not the InnoDB log files. Please refer to https://mariadb.com/kb/en/library/innodb-recovery-modes/ for information about forcing recovery.
2026-03-27 13:41:11 0 [ERROR] InnoDB: Page [page id: space=0, page number=255] log sequence number 1319991 is in the future! Current system log sequence number 407196.
2026-03-27 13:41:11 0 [ERROR] InnoDB: Your database may be corrupt or you may have copied the InnoDB tablespace but not the InnoDB log files. Please refer to https://mariadb.com/kb/en/library/innodb-recovery-modes/ for information about forcing recovery.
2026-03-27 13:41:11 0 [ERROR] InnoDB: Page [page id: space=0, page number=364] log sequence number 1319991 is in the future! Current system log sequence number 407196.
2026-03-27 13:41:11 0 [ERROR] InnoDB: Your database may be corrupt or you may have copied the InnoDB tablespace but not the InnoDB log files. Please refer to https://mariadb.com/kb/en/library/innodb-recovery-modes/ for information about forcing recovery.
2026-03-27 13:41:11 0 [ERROR] InnoDB: Page [page id: space=0, page number=256] log sequence number 1320035 is in the future! Current system log sequence number 407196.
2026-03-27 13:41:11 0 [ERROR] InnoDB: Your database may be corrupt or you may have copied the InnoDB tablespace but not the InnoDB log files. Please refer to https://mariadb.com/kb/en/library/innodb-recovery-modes/ for information about forcing recovery.
2026-03-27 13:41:11 0 [ERROR] InnoDB: Page [page id: space=0, page number=385] log sequence number 1320035 is in the future! Current system log sequence number 407196.
2026-03-27 13:41:11 0 [ERROR] InnoDB: Your database may be corrupt or you may have copied the InnoDB tablespace but not the InnoDB log files. Please refer to https://mariadb.com/kb/en/library/innodb-recovery-modes/ for information about forcing recovery.
2026-03-27 13:41:11 0 [ERROR] InnoDB: Page [page id: space=0, page number=257] log sequence number 1320079 is in the future! Current system log sequence number 407196.
2026-03-27 13:41:11 0 [ERROR] InnoDB: Your database may be corrupt or you may have copied the InnoDB tablespace but not the InnoDB log files. Please refer to https://mariadb.com/kb/en/library/innodb-recovery-modes/ for information a2026-03-27 13:41:15 0 [Note] Starting MariaDB 10.4.32-MariaDB source revision c4143f909528e3fab0677a28631d10389354c491 as process 13052
2026-03-27 13:41:15 0 [Note] InnoDB: Mutexes and rw_locks use Windows interlocked functions
2026-03-27 13:41:15 0 [Note] InnoDB: Uses event mutexes
2026-03-27 13:41:15 0 [Note] InnoDB: Compressed tables use zlib 1.3
2026-03-27 13:41:15 0 [Note] InnoDB: Number of pools: 1
2026-03-27 13:41:15 0 [Note] InnoDB: Using SSE2 crc32 instructions
2026-03-27 13:41:15 0 [Note] InnoDB: Initializing buffer pool, total size = 16M, instances = 1, chunk size = 16M
2026-03-27 13:41:15 0 [Note] InnoDB: Completed initialization of buffer pool
2026-03-27 13:41:15 0 [Note] InnoDB: Starting crash recovery from checkpoint LSN=407178
2026-03-27 13:41:15 0 [Warning] InnoDB: Are you sure you are using the right ib_logfiles to start up the database? Log sequence number in the ib_logfiles is 407178, less than the log sequence number in the first system tablespace file header, 1651414.
2026-03-27 13:41:15 0 [Warning] InnoDB: Ignoring a doublewrite copy of page [page id: space=0, page number=292] with future log sequence number 1117093
2026-03-27 13:41:15 0 [Warning] InnoDB: Ignoring a doublewrite copy of page [page id: space=0, page number=427] with future log sequence number 1117093
2026-03-27 13:41:15 0 [Warning] InnoDB: Ignoring a doublewrite copy of page [page id: space=0, page number=291] with future log sequence number 1117049
2026-03-27 13:41:15 0 [Warning] InnoDB: Ignoring a doublewrite copy of page [page id: space=0, page number=426] with future log sequence number 1117049
2026-03-27 13:41:15 0 [Warning] InnoDB: Ignoring a doublewrite copy of page [page id: space=0, page number=408] with future log sequence number 1117049
2026-03-27 13:41:15 0 [Warning] InnoDB: Ignoring a doublewrite copy of page [page id: space=0, page number=290] with future log sequence number 1116942
2026-03-27 13:41:15 0 [Warning] InnoDB: Ignoring a doublewrite copy of page [page id: space=0, page number=425] with future log sequence number 1116942
2026-03-27 13:41:15 0 [Warning] InnoDB: Ignoring a doublewrite copy of page [page id: space=0, page number=289] with future log sequence number 1116898
2026-03-27 13:41:15 0 [Warning] InnoDB: Ignoring a doublewrite copy of page [page id: space=0, page number=424] with future log sequence number 1116898
2026-03-27 13:41:15 0 [Warning] InnoDB: Ignoring a doublewrite copy of page [page id: space=0, page number=288] with future log sequence number 1116854
2026-03-27 13:41:15 0 [Warning] InnoDB: Ignoring a doublewrite copy of page [page id: space=0, page number=423] with future log sequence number 1116854
2026-03-27 13:41:15 0 [Warning] InnoDB: Ignoring a doublewrite copy of page [page id: space=0, page number=287] with future log sequence number 1116810
2026-03-27 13:41:15 0 [Warning] InnoDB: Ignoring a doublewrite copy of page [page id: space=0, page number=422] with future log sequence number 1116810
2026-03-27 13:41:15 0 [Warning] InnoDB: Ignoring a doublewrite copy of page [page id: space=0, page number=286] with future log sequence number 1116766
2026-03-27 13:41:15 0 [Warning] InnoDB: Ignoring a doublewrite copy of page [page id: space=0, page number=421] with future log sequence number 1116766
2026-03-27 13:41:15 0 [Warning] InnoDB: Ignoring a doublewrite copy of page [page id: space=0, page number=285] with future log sequence number 1116722
2026-03-27 13:41:15 0 [Warning] InnoDB: Ignoring a doublewrite copy of page [page id: space=0, page number=420] with future log sequence number 1116722
2026-03-27 13:41:15 0 [Warning] InnoDB: Ignoring a doublewrite copy of page [page id: space=0, page number=284] with future log sequence number 1116662
2026-03-27 13:41:15 0 [Warning] InnoDB: Ignoring a doublewrite copy of page [page id: space=0, page number=419] with future log sequence number 1116662
2026-03-27 13:41:15 0 [Warning] InnoDB: Ignoring a doublewrite copy of page [page id: space=0, page number=300] with future log sequence number 674742
2026-03-27 13:41:15 0 [Warning] InnoDB: Ignoring a doublewrite copy of page [page id: space=0, page number=435] with future log sequence number 674742
2026-03-27 13:41:15 0 [Warning] InnoDB: Ignoring a doublewrite copy of page [page id: space=0, page number=299] with future log sequence number 674698
2026-03-27 13:41:15 0 [Warning] InnoDB: Ignoring a doublewrite copy of page [page id: space=0, page number=434] with future log sequence number 674698
2026-03-27 13:41:15 0 [Warning] InnoDB: Ignoring a doublewrite copy of page [page id: space=0, page number=298] with future log sequence number 674654
2026-03-27 13:41:15 0 [Warning] InnoDB: Ignoring a doublewrite copy of page [page id: space=0, page number=433] with future log sequence number 674654
2026-03-27 13:41:15 0 [Warning] InnoDB: Ignoring a doublewrite copy of page [page id: space=0, page number=297] with future log sequence number 674610
2026-03-27 13:41:15 0 [Warning] InnoDB: Ignoring a doublewrite copy of page [page id: space=0, page number=432] with future log sequence number 674610
2026-03-27 13:41:15 0 [Warning] InnoDB: Ignoring a doublewrite copy of page [page id: space=0, page number=296] with future log sequence number 674503
2026-03-27 13:41:15 0 [Warning] InnoDB: Ignoring a doublewrite copy of page [page id: space=0, page number=431] with future log sequence number 674503
2026-03-27 13:41:15 0 [Warning] InnoDB: Ignoring a doublewrite copy of page [page id: space=0, page number=295] with future log sequence number 674459
2026-03-27 13:41:15 0 [Warning] InnoDB: Ignoring a doublewrite copy of page [page id: space=0, page number=430] with future log sequence number 674459
2026-03-27 13:41:15 0 [Warning] InnoDB: Ignoring a doublewrite copy of page [page id: space=0, page number=294] with future log sequence number 674415
2026-03-27 13:41:15 0 [Warning] InnoDB: Ignoring a doublewrite copy of page [page id: space=0, page number=429] with future log sequence number 674415
2026-03-27 13:41:15 0 [Warning] InnoDB: Ignoring a doublewrite copy of page [page id: space=0, page number=293] with future log sequence number 674371
2026-03-27 13:41:15 0 [Warning] InnoDB: Ignoring a doublewrite copy of page [page id: space=0, page number=222] with future log sequence number 1305314
2026-03-27 13:41:15 0 [Warning] InnoDB: Ignoring a doublewrite copy of page [page id: space=0, page number=359] with future log sequence number 1305314
2026-03-27 13:41:15 0 [Warning] InnoDB: Ignoring a doublewrite copy of page [page id: space=0, page number=221] with future log sequence number 1305043
2026-03-27 13:41:15 0 [Warning] InnoDB: Ignoring a doublewrite copy of page [page id: space=0, page number=358] with future log sequence number 1305043
2026-03-27 13:41:15 0 [Warning] InnoDB: Ignoring a doublewrite copy of page [page id: space=0, page number=220] with future log sequence number 1304788
2026-03-27 13:41:15 0 [Warning] InnoDB: Ignoring a doublewrite copy of page [page id: space=0, page number=402] with future log sequence number 1304788
2026-03-27 13:41:15 0 [Warning] InnoDB: Ignoring a doublewrite copy of page [page id: space=0, page number=215] with future log sequence number 1304383
2026-03-27 13:41:15 0 [Warning] InnoDB: Ignoring a doublewrite copy of page [page id: space=0, page number=315] with future log sequence number 1304383
2026-03-27 13:41:15 0 [Warning] InnoDB: Ignoring a doublewrite copy of page [page id: space=0, page number=214] with future log sequence number 1304339
2026-03-27 13:41:15 0 [Warning] InnoDB: Ignoring a doublewrite copy of page [page id: space=0, page number=326] with future log sequence number 1304339
2026-03-27 13:41:15 0 [Warning] InnoDB: Ignoring a doublewrite copy of page [page id: space=0, page number=213] with future log sequence number 1304295
2026-03-27 13:41:15 0 [Warning] InnoDB: Ignoring a doublewrite copy of page [page id: space=0, page number=350] with future log sequence number 1304295
2026-03-27 13:41:15 0 [Warning] InnoDB: Ignoring a doublewrite copy of page [page id: space=0, page number=212] with future log sequence number 1304251
2026-03-27 13:41:15 0 [ERROR] InnoDB: Page [page id: space=0, page number=2] log sequence number 862100 is in the future! Current system log sequence number 407196.
2026-03-27 13:41:15 0 [ERROR] InnoDB: Your database may be corrupt or you may have copied the InnoDB tablespace but not the InnoDB log files. Please refer to https://mariadb.com/kb/en/library/innodb-recovery-modes/ for information about forcing recovery.
2026-03-27 13:41:15 0 [ERROR] InnoDB: Page [page id: space=0, page number=6] log sequence number 1280363 is in the future! Current system log sequence number 407196.
2026-03-27 13:41:15 0 [ERROR] InnoDB: Your database may be corrupt or you may have copied the InnoDB tablespace but not the InnoDB log files. Please refer to https://mariadb.com/kb/en/library/innodb-recovery-modes/ for information about forcing recovery.
2026-03-27 13:41:15 0 [ERROR] InnoDB: Page [page id: space=0, page number=382] log sequence number 1280363 is in the future! Current system log sequence number 407196.
2026-03-27 13:41:15 0 [ERROR] InnoDB: Your database may be corrupt or you may have copied the InnoDB tablespace but not the InnoDB log files. Please refer to https://mariadb.com/kb/en/library/innodb-recovery-modes/ for information about forcing recovery.
2026-03-27 13:41:15 0 [ERROR] InnoDB: Page [page id: space=0, page number=45] log sequence number 1280402 is in the future! Current system log sequence number 407196.
2026-03-27 13:41:15 0 [ERROR] InnoDB: Your database may be corrupt or you may have copied the InnoDB tablespace but not the InnoDB log files. Please refer to https://mariadb.com/kb/en/library/innodb-recovery-modes/ for information about forcing recovery.
2026-03-27 13:41:15 0 [ERROR] InnoDB: Page [page id: space=0, page number=306] log sequence number 1280402 is in the future! Current system log sequence number 407196.
2026-03-27 13:41:15 0 [ERROR] InnoDB: Your database may be corrupt or you may have copied the InnoDB tablespace but not the InnoDB log files. Please refer to https://mariadb.com/kb/en/library/innodb-recovery-modes/ for information about forcing recovery.
2026-03-27 13:41:15 0 [ERROR] InnoDB: Page [page id: space=0, page number=53] log sequence number 1280730 is in the future! Current system log sequence number 407196.
2026-03-27 13:41:15 0 [ERROR] InnoDB: Your database may be corrupt or you may have copied the InnoDB tablespace but not the InnoDB log files. Please refer to https://mariadb.com/kb/en/library/innodb-recovery-modes/ for information about forcing recovery.
2026-03-27 13:41:15 0 [ERROR] InnoDB: Page [page id: space=0, page number=426] log sequence number 1280730 is in the future! Current system log sequence number 407196.
2026-03-27 13:41:15 0 [ERROR] InnoDB: Your database may be corrupt or you may have copied the InnoDB tablespace but not the InnoDB log files. Please refer to https://mariadb.com/kb/en/library/innodb-recovery-modes/ for information about forcing recovery.
2026-03-27 13:41:15 0 [ERROR] InnoDB: Page [page id: space=0, page number=63] log sequence number 1303127 is in the future! Current system log sequence number 407196.
2026-03-27 13:41:15 0 [ERROR] InnoDB: Your database may be corrupt or you may have copied the InnoDB tablespace but not the InnoDB log files. Please refer to https://mariadb.com/kb/en/library/innodb-recovery-modes/ for information about forcing recovery.
2026-03-27 13:41:15 0 [ERROR] InnoDB: Page [page id: space=0, page number=351] log sequence number 1303127 is in the future! Current system log sequence number 407196.
2026-03-27 13:41:15 0 [ERROR] InnoDB: Your database may be corrupt or you may have copied the InnoDB tablespace but not the InnoDB log files. Please refer to https://mariadb.com/kb/en/library/innodb-recovery-modes/ for information about forcing recovery.
2026-03-27 13:41:15 0 [ERROR] InnoDB: Page [page id: space=0, page number=192] log sequence number 1303213 is in the future! Current system log sequence number 407196.
2026-03-27 13:41:15 0 [ERROR] InnoDB: Your database may be corrupt or you may have copied the InnoDB tablespace but not the InnoDB log files. Please refer to https://mariadb.com/kb/en/library/innodb-recovery-modes/ for information about forcing recovery.
2026-03-27 13:41:15 0 [ERROR] InnoDB: Page [page id: space=0, page number=327] log sequence number 1303213 is in the future! Current system log sequence number 407196.
2026-03-27 13:41:15 0 [ERROR] InnoDB: Your database may be corrupt or you may have copied the InnoDB tablespace but not the InnoDB log files. Please refer to https://mariadb.com/kb/en/library/innodb-recovery-modes/ for information about forcing recovery.
2026-03-27 13:41:15 0 [ERROR] InnoDB: Page [page id: space=0, page number=197] log sequence number 1303575 is in the future! Current system log sequence number 407196.
2026-03-27 13:41:15 0 [ERROR] InnoDB: Your database may be corrupt or you may have copied the InnoDB tablespace but not the InnoDB log files. Please refer to https://mariadb.com/kb/en/library/innodb-recovery-modes/ for information about forcing recovery.
2026-03-27 13:41:15 0 [ERROR] InnoDB: Page [page id: space=0, page number=394] log sequence number 1303575 is in the future! Current system log sequence number 407196.
2026-03-27 13:41:15 0 [ERROR] InnoDB: Your database may be corrupt or you may have copied the InnoDB tablespace but not the InnoDB log files. Please refer to https://mariadb.com/kb/en/library/innodb-recovery-modes/ for information about forcing recovery.
2026-03-27 13:41:15 0 [ERROR] InnoDB: Page [page id: space=0, page number=209] log sequence number 1304119 is in the future! Current system log sequence number 407196.
2026-03-27 13:41:15 0 [ERROR] InnoDB: Your database may be corrupt or you may have copied the InnoDB tablespace but not the InnoDB log files. Please refer to https://mariadb.com/kb/en/library/innodb-recovery-modes/ for information about forcing recovery.
2026-03-27 13:41:15 0 [ERROR] InnoDB: Page [page id: space=0, page number=336] log sequence number 1304119 is in the future! Current system log sequence number 407196.
2026-03-27 13:41:15 0 [ERROR] InnoDB: Your database may be corrupt or you may have copied the InnoDB tablespace but not the InnoDB log files. Please refer to https://mariadb.com/kb/en/library/innodb-recovery-modes/ for information about forcing recovery.
2026-03-27 13:41:15 0 [ERROR] InnoDB: Page [page id: space=0, page number=212] log sequence number 1304251 is in the future! Current system log sequence number 407196.
2026-03-27 13:41:15 0 [ERROR] InnoDB: Your database may be corrupt or you may have copied the InnoDB tablespace but not the InnoDB log files. Please refer to https://mariadb.com/kb/en/library/innodb-recovery-modes/ for information about forcing recovery.
2026-03-27 13:41:15 0 [ERROR] InnoDB: Page [page id: space=0, page number=349] log sequence number 1304251 is in the future! Current system log sequence number 407196.
2026-03-27 13:41:15 0 [ERROR] InnoDB: Your database may be corrupt or you may have copied the InnoDB tablespace but not the InnoDB log files. Please refer to https://mariadb.com/kb/en/library/innodb-recovery-modes/ for information about forcing recovery.
2026-03-27 13:41:15 0 [ERROR] InnoDB: Page [page id: space=0, page number=215] log sequence number 1304383 is in the future! Current system log sequence number 407196.
2026-03-27 13:41:15 0 [ERROR] InnoDB: Your database may be corrupt or you may have copied the InnoDB tablespace but not the InnoDB log files. Please refer to https://mariadb.com/kb/en/library/innodb-recovery-modes/ for information about forcing recovery.
2026-03-27 13:41:15 0 [ERROR] InnoDB: Page [page id: space=0, page number=315] log sequence number 1304383 is in the future! Current system log sequence number 407196.
2026-03-27 13:41:15 0 [ERROR] InnoDB: Your database may be corrupt or you may have copied the InnoDB tablespace but not the InnoDB log files. Please refer to https://mariadb.com/kb/en/library/innodb-recovery-modes/ for information about forcing recovery.
2026-03-27 13:41:15 0 [ERROR] InnoDB: Page [page id: space=0, page number=218] log sequence number 1304515 is in the future! Current system log sequence number 407196.
2026-03-27 13:41:15 0 [ERROR] InnoDB: Your database may be corrupt or you may have copied the InnoDB tablespace but not the InnoDB log files. Please refer to https://mariadb.com/kb/en/library/innodb-recovery-modes/ for information about forcing recovery.
2026-03-27 13:41:15 0 [ERROR] InnoDB: Page [page id: space=0, page number=384] log sequence number 1304515 is in the future! Current system log sequence number 407196.
2026-03-27 13:41:15 0 [ERROR] InnoDB: Your database may be corrupt or you may have copied the InnoDB tablespace but not the InnoDB log files. Please refer to https://mariadb.com/kb/en/library/innodb-recovery-modes/ for information about forcing recovery.
2026-03-27 13:41:15 0 [ERROR] InnoDB: Page [page id: space=0, page number=221] log sequence number 1314148 is in the future! Current system log sequence number 407196.
2026-03-27 13:41:15 0 [ERROR] InnoDB: Your database may be corrupt or you may have copied the InnoDB tablespace but not the InnoDB log files. Please refer to https://mariadb.com/kb/en/library/innodb-recovery-modes/ for information about forcing recovery.
2026-03-27 13:41:15 0 [ERROR] InnoDB: Page [page id: space=0, page number=358] log sequence number 1314148 is in the future! Current system log sequence number 407196.
2026-03-27 13:41:15 0 [ERROR] InnoDB: Your database may be corrupt or you may have copied the InnoDB tablespace but not the InnoDB log files. Please refer to https://mariadb.com/kb/en/library/innodb-recovery-modes/ for information about forcing recovery.
2026-03-27 13:41:15 0 [ERROR] InnoDB: Page [page id: space=0, page number=224] log sequence number 1314280 is in the future! Current system log sequence number 407196.
2026-03-27 13:41:15 0 [ERROR] InnoDB: Your database may be corrupt or you may have copied the InnoDB tablespace but not the InnoDB log files. Please refer to https://mariadb.com/kb/en/library/innodb-recovery-modes/ for information about forcing recovery.
2026-03-27 13:41:15 0 [ERROR] InnoDB: Page [page id: space=0, page number=357] log sequence number 1314280 is in the future! Current system log sequence number 407196.
2026-03-27 13:41:15 0 [ERROR] InnoDB: Your database may be corrupt or you may have copied the InnoDB tablespace but not the InnoDB log files. Please refer to https://mariadb.com/kb/en/library/innodb-recovery-modes/ for information about forcing recovery.
2026-03-27 13:41:15 0 [ERROR] InnoDB: Page [page id: space=0, page number=227] log sequence number 1314428 is in the future! Current system log sequence number 407196.
2026-03-27 13:41:15 0 [ERROR] InnoDB: Your database may be corrupt or you may have copied the InnoDB tablespace but not the InnoDB log files. Please refer to https://mariadb.com/kb/en/library/innodb-recovery-modes/ for information about forcing recovery.
2026-03-27 13:41:15 0 [ERROR] InnoDB: Page [page id: space=0, page number=339] log sequence number 1314428 is in the future! Current system log sequence number 407196.
2026-03-27 13:41:15 0 [ERROR] InnoDB: Your database may be corrupt or you may have copied the InnoDB tablespace but not the InnoDB log files. Please refer to https://mariadb.com/kb/en/library/innodb-recovery-modes/ for information about forcing recovery.
2026-03-27 13:41:15 0 [ERROR] InnoDB: Page [page id: space=0, page number=230] log sequence number 1314560 is in the future! Current system log sequence number 407196.
2026-03-27 13:41:15 0 [ERROR] InnoDB: Your database may be corrupt or you may have copied the InnoDB tablespace but not the InnoDB log files. Please refer to https://mariadb.com/kb/en/library/innodb-recovery-modes/ for information about forcing recovery.
2026-03-27 13:41:15 0 [ERROR] InnoDB: Page [page id: space=0, page number=367] log sequence number 1314560 is in the future! Current system log sequence number 407196.
2026-03-27 13:41:15 0 [ERROR] InnoDB: Your database may be corrupt or you may have copied the InnoDB tablespace but not the InnoDB log files. Please refer to https://mariadb.com/kb/en/library/innodb-recovery-modes/ for information about forcing recovery.
2026-03-27 13:41:15 0 [ERROR] InnoDB: Page [page id: space=0, page number=233] log sequence number 1314692 is in the future! Current system log sequence number 407196.
2026-03-27 13:41:15 0 [ERROR] InnoDB: Your database may be corrupt or you may have copied the InnoDB tablespace but not the InnoDB log files. Please refer to https://mariadb.com/kb/en/library/innodb-recovery-modes/ for information about forcing recovery.
2026-03-27 13:41:15 0 [ERROR] InnoDB: Page [page id: space=0, page number=374] log sequence number 1314692 is in the future! Current system log sequence number 407196.
2026-03-27 13:41:15 0 [ERROR] InnoDB: Your database may be corrupt or you may have copied the InnoDB tablespace but not the InnoDB log files. Please refer to https://mariadb.com/kb/en/library/innodb-recovery-modes/ for information about forcing recovery.
2026-03-27 13:41:15 0 [ERROR] InnoDB: Page [page id: space=0, page number=236] log sequence number 1314840 is in the future! Current system log sequence number 407196.
2026-03-27 13:41:15 0 [ERROR] InnoDB: Your database may be corrupt or you may have copied the InnoDB tablespace but not the InnoDB log files. Please refer to https://mariadb.com/kb/en/library/innodb-recovery-modes/ for information about forcing recovery.
2026-03-27 13:41:15 0 [ERROR] InnoDB: Page [page id: space=0, page number=389] log sequence number 1314840 is in the future! Current system log sequence number 407196.
2026-03-27 13:41:15 0 [ERROR] InnoDB: Your database may be corrupt or you may have copied the InnoDB tablespace but not the InnoDB log files. Please refer to https://mariadb.com/kb/en/library/innodb-recovery-modes/ for information about forcing recovery.
2026-03-27 13:41:15 0 [ERROR] InnoDB: Page [page id: space=0, page number=240] log sequence number 1203873 is in the future! Current system log sequence number 407196.
2026-03-27 13:41:15 0 [ERROR] InnoDB: Your database may be corrupt or you may have copied the InnoDB tablespace but not the InnoDB log files. Please refer to https://mariadb.com/kb/en/library/innodb-recovery-modes/ for information about forcing recovery.
2026-03-27 13:41:15 0 [ERROR] InnoDB: Page [page id: space=0, page number=241] log sequence number 1226073 is in the future! Current system log sequence number 407196.
2026-03-27 13:41:15 0 [ERROR] InnoDB: Your database may be corrupt or you may have copied the InnoDB tablespace but not the InnoDB log files. Please refer to https://mariadb.com/kb/en/library/innodb-recovery-modes/ for information about forcing recovery.
2026-03-27 13:41:15 0 [ERROR] InnoDB: Page [page id: space=0, page number=377] log sequence number 1226073 is in the future! Current system log sequence number 407196.
2026-03-27 13:41:15 0 [ERROR] InnoDB: Your database may be corrupt or you may have copied the InnoDB tablespace but not the InnoDB log files. Please refer to https://mariadb.com/kb/en/library/innodb-recovery-modes/ for information about forcing recovery.
2026-03-27 13:41:15 0 [ERROR] InnoDB: Page [page id: space=0, page number=242] log sequence number 1314990 is in the future! Current system log sequence number 407196.
2026-03-27 13:41:15 0 [ERROR] InnoDB: Your database may be corrupt or you may have copied the InnoDB tablespace but not the InnoDB log files. Please refer to https://mariadb.com/kb/en/library/innodb-recovery-modes/ for information about forcing recovery.
2026-03-27 13:41:15 0 [ERROR] InnoDB: Page [page id: space=0, page number=392] log sequence number 1314990 is in the future! Current system log sequence number 407196.
2026-03-27 13:41:15 0 [ERROR] InnoDB: Your database may be corrupt or you may have copied the InnoDB tablespace but not the InnoDB log files. Please refer to https://mariadb.com/kb/en/library/innodb-recovery-modes/ for information about forcing recovery.
2026-03-27 13:41:15 0 [ERROR] InnoDB: Page [page id: space=0, page number=244] log sequence number 1315034 is in the future! Current system log sequence number 407196.
2026-03-27 13:41:15 0 [ERROR] InnoDB: Your database may be corrupt or you may have copied the InnoDB tablespace but not the InnoDB log files. Please refer to https://mariadb.com/kb/en/library/innodb-recovery-modes/ for information about forcing recovery.
2026-03-27 13:41:15 0 [ERROR] InnoDB: Page [page id: space=0, page number=378] log sequence number 1315034 is in the future! Current system log sequence number 407196.
2026-03-27 13:41:15 0 [ERROR] InnoDB: Your database may be corrupt or you may have copied the InnoDB tablespace but not the InnoDB log files. Please refer to https://mariadb.com/kb/en/library/innodb-recovery-modes/ for information about forcing recovery.
2026-03-27 13:41:15 0 [ERROR] InnoDB: Page [page id: space=0, page number=245] log sequence number 1317328 is in the future! Current system log sequence number 407196.
2026-03-27 13:41:15 0 [ERROR] InnoDB: Your database may be corrupt or you may have copied the InnoDB tablespace but not the InnoDB log files. Please refer to https://mariadb.com/kb/en/library/innodb-recovery-modes/ for information about forcing recovery.
2026-03-27 13:41:15 0 [ERROR] InnoDB: Page [page id: space=0, page number=379] log sequence number 1317328 is in the future! Current system log sequence number 407196.
2026-03-27 13:41:15 0 [ERROR] InnoDB: Your database may be corrupt or you may have copied the InnoDB tablespace but not the InnoDB log files. Please refer to https://mariadb.com/kb/en/library/innodb-recovery-modes/ for information about forcing recovery.
2026-03-27 13:41:15 0 [ERROR] InnoDB: Page [page id: space=0, page number=246] log sequence number 1317388 is in the future! Current system log sequence number 407196.
2026-03-27 13:41:15 0 [ERROR] InnoDB: Your database may be corrupt or you may have copied the InnoDB tablespace but not the InnoDB log files. Please refer to https://mariadb.com/kb/en/library/innodb-recovery-modes/ for information about forcing recovery.
2026-03-27 13:41:15 0 [ERROR] InnoDB: Page [page id: space=0, page number=444] log sequence number 1317388 is in the future! Current system log sequence number 407196.
2026-03-27 13:41:15 0 [ERROR] InnoDB: Your database may be corrupt or you may have copied the InnoDB tablespace but not the InnoDB log files. Please refer to https://mariadb.com/kb/en/library/innodb-recovery-modes/ for information about forcing recovery.
2026-03-27 13:41:15 0 [ERROR] InnoDB: Page [page id: space=0, page number=247] log sequence number 1317432 is in the future! Current system log sequence number 407196.
2026-03-27 13:41:15 0 [ERROR] InnoDB: Your database may be corrupt or you may have copied the InnoDB tablespace but not the InnoDB log files. Please refer to https://mariadb.com/kb/en/library/innodb-recovery-modes/ for information about forcing recovery.
2026-03-27 13:41:15 0 [ERROR] InnoDB: Page [page id: space=0, page number=393] log sequence number 1317432 is in the future! Current system log sequence number 407196.
2026-03-27 13:41:15 0 [ERROR] InnoDB: Your database may be corrupt or you may have copied the InnoDB tablespace but not the InnoDB log files. Please refer to https://mariadb.com/kb/en/library/innodb-recovery-modes/ for information about forcing recovery.
2026-03-27 13:41:15 0 [ERROR] InnoDB: Page [page id: space=0, page number=248] log sequence number 1317476 is in the future! Current system log sequence number 407196.
2026-03-27 13:41:15 0 [ERROR] InnoDB: Your database may be corrupt or you may have copied the InnoDB tablespace but not the InnoDB log files. Please refer to https://mariadb.com/kb/en/library/innodb-recovery-modes/ for information about forcing recovery.
2026-03-27 13:41:15 0 [ERROR] InnoDB: Page [page id: space=0, page number=381] log sequence number 1317476 is in the future! Current system log sequence number 407196.
2026-03-27 13:41:15 0 [ERROR] InnoDB: Your database may be corrupt or you may have copied the InnoDB tablespace but not the InnoDB log files. Please refer to https://mariadb.com/kb/en/library/innodb-recovery-modes/ for information about forcing recovery.
2026-03-27 13:41:15 0 [ERROR] InnoDB: Page [page id: space=0, page number=249] log sequence number 1317520 is in the future! Current system log sequence number 407196.
2026-03-27 13:41:15 0 [ERROR] InnoDB: Your database may be corrupt or you may have copied the InnoDB tablespace but not the InnoDB log files. Please refer to https://mariadb.com/kb/en/library/innodb-recovery-modes/ for information about forcing recovery.
2026-03-27 13:41:15 0 [ERROR] InnoDB: Page [page id: space=0, page number=370] log sequence number 1317520 is in the future! Current system log sequence number 407196.
2026-03-27 13:41:15 0 [ERROR] InnoDB: Your database may be corrupt or you may have copied the InnoDB tablespace but not the InnoDB log files. Please refer to https://mariadb.com/kb/en/library/innodb-recovery-modes/ for information about forcing recovery.
2026-03-27 13:41:15 0 [ERROR] InnoDB: Page [page id: space=0, page number=250] log sequence number 1317564 is in the future! Current system log sequence number 407196.
2026-03-27 13:41:15 0 [ERROR] InnoDB: Your database may be corrupt or you may have copied the InnoDB tablespace but not the InnoDB log files. Please refer to https://mariadb.com/kb/en/library/innodb-recovery-modes/ for information about forcing recovery.
2026-03-27 13:41:15 0 [ERROR] InnoDB: Page [page id: space=0, page number=371] log sequence number 1317564 is in the future! Current system log sequence number 407196.
2026-03-27 13:41:15 0 [ERROR] InnoDB: Your database may be corrupt or you may have copied the InnoDB tablespace but not the InnoDB log files. Please refer to https://mariadb.com/kb/en/library/innodb-recovery-modes/ for information about forcing recovery.
2026-03-27 13:41:15 0 [ERROR] InnoDB: Page [page id: space=0, page number=251] log sequence number 1317608 is in the future! Current system log sequence number 407196.
2026-03-27 13:41:15 0 [ERROR] InnoDB: Your database may be corrupt or you may have copied the InnoDB tablespace but not the InnoDB log files. Please refer to https://mariadb.com/kb/en/library/innodb-recovery-modes/ for information about forcing recovery.
2026-03-27 13:41:15 0 [ERROR] InnoDB: Page [page id: space=0, page number=361] log sequence number 1317608 is in the future! Current system log sequence number 407196.
2026-03-27 13:41:15 0 [ERROR] InnoDB: Your database may be corrupt or you may have copied the InnoDB tablespace but not the InnoDB log files. Please refer to https://mariadb.com/kb/en/library/innodb-recovery-modes/ for information about forcing recovery.
2026-03-27 13:41:15 0 [ERROR] InnoDB: Page [page id: space=0, page number=252] log sequence number 1319843 is in the future! Current system log sequence number 407196.
2026-03-27 13:41:15 0 [ERROR] InnoDB: Your database may be corrupt or you may have copied the InnoDB tablespace but not the InnoDB log files. Please refer to https://mariadb.com/kb/en/library/innodb-recovery-modes/ for information about forcing recovery.
2026-03-27 13:41:15 0 [ERROR] InnoDB: Page [page id: space=0, page number=383] log sequence number 1319843 is in the future! Current system log sequence number 407196.
2026-03-27 13:41:15 0 [ERROR] InnoDB: Your database may be corrupt or you may have copied the InnoDB tablespace but not the InnoDB log files. Please refer to https://mariadb.com/kb/en/library/innodb-recovery-modes/ for information about forcing recovery.
2026-03-27 13:41:15 0 [ERROR] InnoDB: Page [page id: space=0, page number=253] log sequence number 1319887 is in the future! Current system log sequence number 407196.
2026-03-27 13:41:15 0 [ERROR] InnoDB: Your database may be corrupt or you may have copied the InnoDB tablespace but not the InnoDB log files. Please refer to https://mariadb.com/kb/en/library/innodb-recovery-modes/ for information about forcing recovery.
2026-03-27 13:41:15 0 [ERROR] InnoDB: Page [page id: space=0, page number=330] log sequence number 1319887 is in the future! Current system log sequence number 407196.
2026-03-27 13:41:15 0 [ERROR] InnoDB: Your database may be corrupt or you may have copied the InnoDB tablespace but not the InnoDB log files. Please refer to https://mariadb.com/kb/en/library/innodb-recovery-modes/ for information about forcing recovery.
2026-03-27 13:41:15 0 [ERROR] InnoDB: Page [page id: space=0, page number=254] log sequence number 1319931 is in the future! Current system log sequence number 407196.
2026-03-27 13:41:15 0 [ERROR] InnoDB: Your database may be corrupt or you may have copied the InnoDB tablespace but not the InnoDB log files. Please refer to https://mariadb.com/kb/en/library/innodb-recovery-modes/ for information about forcing recovery.
2026-03-27 13:41:15 0 [ERROR] InnoDB: Page [page id: space=0, page number=386] log sequence number 1319931 is in the future! Current system log sequence number 407196.
2026-03-27 13:41:15 0 [ERROR] InnoDB: Your database may be corrupt or you may have copied the InnoDB tablespace but not the InnoDB log files. Please refer to https://mariadb.com/kb/en/library/innodb-recovery-modes/ for information about forcing recovery.
2026-03-27 13:41:15 0 [ERROR] InnoDB: Page [page id: space=0, page number=255] log sequence number 1319991 is in the future! Current system log sequence number 407196.
2026-03-27 13:41:15 0 [ERROR] InnoDB: Your database may be corrupt or you may have copied the InnoDB tablespace but not the InnoDB log files. Please refer to https://mariadb.com/kb/en/library/innodb-recovery-modes/ for information about forcing recovery.
2026-03-27 13:41:15 0 [ERROR] InnoDB: Page [page id: space=0, page number=364] log sequence number 1319991 is in the future! Current system log sequence number 407196.
2026-03-27 13:41:15 0 [ERROR] InnoDB: Your database may be corrupt or you may have copied the InnoDB tablespace but not the InnoDB log files. Please refer to https://mariadb.com/kb/en/library/innodb-recovery-modes/ for information about forcing recovery.
2026-03-27 13:41:15 0 [ERROR] InnoDB: Page [page id: space=0, page number=256] log sequence number 1320035 is in the future! Current system log sequence number 407196.
2026-03-27 13:41:15 0 [ERROR] InnoDB: Your database may be corrupt or you may have copied the InnoDB tablespace but not the InnoDB log files. Please refer to https://mariadb.com/kb/en/library/innodb-recovery-modes/ for information about forcing recovery.
2026-03-27 13:41:15 0 [ERROR] InnoDB: Page [page id: space=0, page number=385] log sequence number 1320035 is in the future! Current system log sequence number 407196.
2026-03-27 13:41:15 0 [ERROR] InnoDB: Your database may be corrupt or you may have copied the InnoDB tablespace but not the InnoDB log files. Please refer to https://mariadb.com/kb/en/library/innodb-recovery-modes/ for information about forcing recovery.
2026-03-27 13:41:15 0 [ERROR] InnoDB: Page [page id: space=0, page number=257] log sequence number 1320079 is in the future! Current system log sequence number 407196.
2026-03-27 13:41:15 0 [ERROR] InnoDB: Your database may be corrupt or you may have copied the InnoDB tablespace but not the InnoDB log files. Please refer to https://mariadb.com/kb/en/library/innodb-recovery-modes/ for information about forcing recovery.
2026-03-27 13:41:15 0 [ERROR] InnoDB: Page [page id: space=0, page number=387] log sequence number 1320079 is in the future! Current system log sequence number 407196.
2026-03-27 13:41:15 0 [ERROR] InnoDB: Your database may be corrupt or you may have copied the InnoDB tablespace but not the InnoDB log files. Please refer to https://mariadb.com/kb/en/library/innodb-recovery-modes/ for information about forcing recovery.
2026-03-27 13:41:15 0 [ERROR] InnoDB: Page [page id: space=0, page number=258] log sequence number 1226809 is in the future! Current system log sequence number 407196.
2026-03-27 13:41:15 0 [ERROR] InnoDB: Your database may be corrupt or you may have copied the InnoDB tablespace but not the InnoDB log files. Please refer to https://mariadb.com/kb/en/library/innodb-recovery-modes/ for information about forcing recovery.
2026-03-27 13:41:15 0 [ERROR] InnoDB: Page [page id: space=0, page number=396] log sequence number 1226809 is in the future! Current system log sequence number 407196.
2026-03-27 13:41:15 0 [ERROR] InnoDB: Your database may be corrupt or you may have copied the InnoDB tablespace but not the InnoDB log files. Please refer to https://mariadb.com/kb/en/library/innodb-recovery-modes/ for information about forcing recovery.
2026-03-27 13:41:15 0 [ERROR] InnoDB: Page [page id: space=0, page number=259] log sequence number 1320123 is in the future! Current system log sequence number 407196.
2026-03-27 13:41:15 0 [ERROR] InnoDB: Your database may be corrupt or you may have copied the InnoDB tablespace but not the InnoDB log files. Please refer to https://mariadb.com/kb/en/library/innodb-recovery-modes/ for information about forcing recovery.
2026-03-27 13:41:15 0 [ERROR] InnoDB: Page [page id: space=0, page number=331] log sequence number 1320123 is in the future! Current system log sequence number 407196.
2026-03-27 13:41:15 0 [ERROR] InnoDB: Your database may be corrupt or you may have copied the InnoDB tablespace but not the InnoDB log files. Please refer to https://mariadb.com/kb/en/library/innodb-recovery-modes/ for information about forcing recovery.
2026-03-27 13:41:15 0 [ERROR] InnoDB: Page [page id: space=0, page number=260] log sequence number 1648633 is in the future! Current system log sequence number 407196.
2026-03-27 13:41:15 0 [ERROR] InnoDB: Your database may be corrupt or you may have copied the InnoDB tablespace but not the InnoDB log files. Please refer to https://mariadb.com/kb/en/library/innodb-recovery-modes/ for information about forcing recovery.
2026-03-27 13:41:15 0 [ERROR] InnoDB: Page [page id: space=0, page number=395] log sequence number 1648633 is in the future! Current system log sequence number 407196.
2026-03-27 13:41:15 0 [ERROR] InnoDB: Your database may be corrupt or you may have copied the InnoDB tablespace but not the InnoDB log files. Please refer to https://mariadb.com/kb/en/library/innodb-recovery-modes/ for information about forcing recovery.
2026-03-27 13:41:15 0 [ERROR] InnoDB: Page [page id: space=0, page number=261] log sequence number 1648693 is in the future! Current system log sequence number 407196.
2026-03-27 13:41:15 0 [ERROR] InnoDB: Your database may be corrupt or you may have copied the InnoDB tablespace but not the InnoDB log files. Please refer to https://mariadb.com/kb/en/library/innodb-recovery-modes/ for information about forcing recovery.
2026-03-27 13:41:15 0 [ERROR] InnoDB: Page [page id: space=0, page number=398] log sequence number 1648693 is in the future! Current system log sequence number 407196.
2026-03-27 13:41:15 0 [ERROR] InnoDB: Your database may be corrupt or you may have copied the InnoDB tablespace but not the InnoDB log files. Please refer to https://mariadb.com/kb/en/library/innodb-recovery-modes/ for information about forcing recovery.
2026-03-27 13:41:15 0 [ERROR] InnoDB: Page [page id: space=0, page number=262] log sequence number 1648737 is in the future! Current system log sequence number 407196.
2026-03-27 13:41:15 0 [ERROR] InnoDB: Your database may be corrupt or you may have copied the InnoDB tablespace but not the InnoDB log files. Please refer to https://mariadb.com/kb/en/library/innodb-recovery-modes/ for information about forcing recovery.
2026-03-27 13:41:15 0 [ERROR] InnoDB: Page [page id: space=0, page number=397] log sequence number 1648737 is in the future! Current system log sequence number 407196.
2026-03-27 13:41:15 0 [ERROR] InnoDB: Your database may be corrupt or you may have copied the InnoDB tablespace but not the InnoDB log files. Please refer to https://mariadb.com/kb/en/library/innodb-recovery-modes/ for information about forcing recovery.
2026-03-27 13:41:15 0 [ERROR] InnoDB: Page [page id: space=0, page number=263] log sequence number 1648781 is in the future! Current system log sequence number 407196.
2026-03-27 13:41:15 0 [ERROR] InnoDB: Your database may be corrupt or you may have copied the InnoDB tablespace but not the InnoDB log files. Please refer to https://mariadb.com/kb/en/library/innodb-recovery-modes/ for information about forcing recovery.
2026-03-27 13:41:15 0 [ERROR] InnoDB: Page [page id: space=0, page number=405] log sequence number 1648781 is in the future! Current system log sequence number 407196.
2026-03-27 13:41:15 0 [ERROR] InnoDB: Your database may be corrupt or you may have copied the InnoDB tablespace but not the InnoDB log files. Please refer to https://mariadb.com/kb/en/library/innodb-recovery-modes/ for information about forcing recovery.
2026-03-27 13:41:15 0 [ERROR] InnoDB: Page [page id: space=0, page number=264] log sequence number 1648825 is in the future! Current system log sequence number 407196.
2026-03-27 13:41:15 0 [ERROR] InnoDB: Your database may be corrupt or you may have copied the InnoDB tablespace but not the InnoDB log files. Please refer to https://mariadb.com/kb/en/library/innodb-recovery-modes/ for information about forcing recovery.
2026-03-27 13:41:15 0 [ERROR] InnoDB: Page [page id: space=0, page number=399] log sequence number 1648825 is in the future! Current system log sequence number 407196.
2026-03-27 13:41:15 0 [ERROR] InnoDB: Your database may be corrupt or you may have copied the InnoDB tablespace but not the InnoDB log files. Please refer to https://mariadb.com/kb/en/library/innodb-recovery-modes/ for information about forcing recovery.
2026-03-27 13:41:15 0 [ERROR] InnoDB: Page [page id: space=0, page number=265] log sequence number 1648869 is in the future! Current system log sequence number 407196.
2026-03-27 13:41:15 0 [ERROR] InnoDB: Your database may be corrupt or you may have copied the InnoDB tablespace but not the InnoDB log files. Please refer to https://mariadb.com/kb/en/library/innodb-recovery-modes/ for information about forcing recovery.
2026-03-27 13:41:15 0 [ERROR] InnoDB: Page [page id: space=0, page number=400] log sequence number 1648869 is in the future! Current system log sequence number 407196.
2026-03-27 13:41:15 0 [ERROR] InnoDB: Your database may be corrupt or you may have copied the InnoDB tablespace but not the InnoDB log files. Please refer to https://mariadb.com/kb/en/library/innodb-recovery-modes/ for information about forcing recovery.
2026-03-27 13:41:15 0 [ERROR] InnoDB: Page [page id: space=0, page number=266] log sequence number 1648913 is in the future! Current system log sequence number 407196.
2026-03-27 13:41:15 0 [ERROR] InnoDB: Your database may be corrupt or you may have copied the InnoDB tablespace but not the InnoDB log files. Please refer to https://mariadb.com/kb/en/library/innodb-recovery-modes/ for information about forcing recovery.
2026-03-27 13:41:15 0 [ERROR] InnoDB: Page [page id: space=0, page number=437] log sequence number 1648913 is in the future! Current system log sequence number 407196.
2026-03-27 13:41:15 0 [ERROR] InnoDB: Your database may be corrupt or you may have copied the InnoDB tablespace but not the InnoDB log files. Please refer to https://mariadb.com/kb/en/library/innodb-recovery-modes/ for information about forcing recovery.
2026-03-27 13:41:15 0 [ERROR] InnoDB: Page [page id: space=0, page number=267] log sequence number 1648957 is in the future! Current system log sequence number 407196.
2026-03-27 13:41:15 0 [ERROR] InnoDB: Your database may be corrupt or you may have copied the InnoDB tablespace but not the InnoDB log files. Please refer to https://mariadb.com/kb/en/library/innodb-recovery-modes/ for information about forcing recovery.
2026-03-27 13:41:15 0 [ERROR] InnoDB: Page [page id: space=0, page number=401] log sequence number 1648957 is in the future! Current system log sequence number 407196.
2026-03-27 13:41:15 0 [ERROR] InnoDB: Your database may be corrupt or you may have copied the InnoDB tablespace but not the InnoDB log files. Please refer to https://mariadb.com/kb/en/library/innodb-recovery-modes/ for information about forcing recovery.
2026-03-27 13:41:15 0 [ERROR] InnoDB: Page [page id: space=0, page number=268] log sequence number 1649001 is in the future! Current system log sequence number 407196.
2026-03-27 13:41:15 0 [ERROR] InnoDB: Your database may be corrupt or you may have copied the InnoDB tablespace but not the InnoDB log files. Please refer to https://mariadb.com/kb/en/library/innodb-recovery-modes/ for information about forcing recovery.
2026-03-27 13:41:15 0 [ERROR] InnoDB: Page [page id: space=0, page number=332] log sequence number 1649001 is in the future! Current system log sequence number 407196.
2026-03-27 13:41:15 0 [ERROR] InnoDB: Your database may be corrupt or you may have copied the InnoDB tablespace but not the InnoDB log files. Please refer to https://mariadb.com/kb/en/library/innodb-recovery-modes/ for information about forcing recovery.
2026-03-27 13:41:15 0 [ERROR] InnoDB: Page [page id: space=0, page number=269] log sequence number 1649045 is in the future! Current system log sequence number 407196.
2026-03-27 13:41:15 0 [ERROR] InnoDB: Your database may be corrupt or you may have copied the InnoDB tablespace but not the InnoDB log files. Please refer to https://mariadb.com/kb/en/library/innodb-recovery-modes/ for information about forcing recovery.
2026-03-27 13:41:15 0 [ERROR] InnoDB: Page [page id: space=0, page number=403] log sequence number 1649045 is in the future! Current system log sequence number 407196.
2026-03-27 13:41:15 0 [ERROR] InnoDB: Your database may be corrupt or you may have copied the InnoDB tablespace but not the InnoDB log files. Please refer to https://mariadb.com/kb/en/library/innodb-recovery-modes/ for information about forcing recovery.
2026-03-27 13:41:15 0 [ERROR] InnoDB: Page [page id: space=0, page number=270] log sequence number 1649089 is in the future! Current system log sequence number 407196.
2026-03-27 13:41:15 0 [ERROR] InnoDB: Your database may be corrupt or you may have copied the InnoDB tablespace but not the InnoDB log files. Please refer to https://mariadb.com/kb/en/library/innodb-recovery-modes/ for information about forcing recovery.
2026-03-27 13:41:15 0 [ERROR] InnoDB: Page [page id: space=0, page number=404] log sequence number 1649089 is in the future! Current system log sequence number 407196.
2026-03-27 13:41:15 0 [ERROR] InnoDB: Your database may be corrupt or you may have copied the InnoDB tablespace but not the InnoDB log files. Please refer to https://mariadb.com/kb/en/library/innodb-recovery-modes/ for information about forcing recovery.
2026-03-27 13:41:15 0 [ERROR] InnoDB: Page [page id: space=0, page number=271] log sequence number 1649133 is in the future! Current system log sequence number 407196.
2026-03-27 13:41:15 0 [ERROR] InnoDB: Your database may be corrupt or you may have copied the InnoDB tablespace but not the InnoDB log files. Please refer to https://mariadb.com/kb/en/library/innodb-recovery-modes/ for information about forcing recovery.
2026-03-27 13:41:15 0 [ERROR] InnoDB: Page [page id: space=0, page number=317] log sequence number 1649133 is in the future! Current system log sequence number 407196.
2026-03-27 13:41:15 0 [ERROR] InnoDB: Your database may be corrupt or you may have copied the InnoDB tablespace but not the InnoDB log files. Please refer to https://mariadb.com/kb/en/library/innodb-recovery-modes/ for information about forcing recovery.
2026-03-27 13:41:15 0 [ERROR] InnoDB: Page [page id: space=0, page number=272] log sequence number 1649193 is in the future! Current system log sequence number 407196.
2026-03-27 13:41:15 0 [ERROR] InnoDB: Your database may be corrupt or you may have copied the InnoDB tablespace but not the InnoDB log files. Please refer to https://mariadb.com/kb/en/library/innodb-recovery-modes/ for information about forcing recovery.
2026-03-27 13:41:15 0 [ERROR] InnoDB: Page [page id: space=0, page number=406] log sequence number 1649193 is in the future! Current system log sequence number 407196.
2026-03-27 13:41:15 0 [ERROR] InnoDB: Your database may be corrupt or you may have copied the InnoDB tablespace but not the InnoDB log files. Please refer to https://mariadb.com/kb/en/library/innodb-recovery-modes/ for information about forcing recovery.
2026-03-27 13:41:15 0 [ERROR] InnoDB: Page [page id: space=0, page number=273] log sequence number 1649237 is in the future! Current system log sequence number 407196.
2026-03-27 13:41:15 0 [ERROR] InnoDB: Your database may be corrupt or you may have copied the InnoDB tablespace but not the InnoDB log files. Please refer to https://mariadb.com/kb/en/library/innodb-recovery-modes/ for information about forcing recovery.
2026-03-27 13:41:15 0 [ERROR] InnoDB: Page [page id: space=0, page number=334] log sequence number 1649237 is in the future! Current system log sequence number 407196.
2026-03-27 13:41:15 0 [ERROR] InnoDB: Your database may be corrupt or you may have copied the InnoDB tablespace but not the InnoDB log files. Please refer to https://mariadb.com/kb/en/library/innodb-recovery-modes/ for information about forcing recovery.
2026-03-27 13:41:15 0 [ERROR] InnoDB: Page [page id: space=0, page number=274] log sequence number 1649281 is in the future! Current system log sequence number 407196.
2026-03-27 13:41:15 0 [ERROR] InnoDB: Your database may be corrupt or you may have copied the InnoDB tablespace but not the InnoDB log files. Please refer to https://mariadb.com/kb/en/library/innodb-recovery-modes/ for information about forcing recovery.
2026-03-27 13:41:15 0 [ERROR] InnoDB: Page [page id: space=0, page number=409] log sequence number 1649281 is in the future! Current system log sequence number 407196.
2026-03-27 13:41:15 0 [ERROR] InnoDB: Your database may be corrupt or you may have copied the InnoDB tablespace but not the InnoDB log files. Please refer to https://mariadb.com/kb/en/library/innodb-recovery-modes/ for information about forcing recovery.
2026-03-27 13:41:15 0 [ERROR] InnoDB: Page [page id: space=0, page number=275] log sequence number 1649325 is in the future! Current system log sequence number 407196.
2026-03-27 13:41:15 0 [ERROR] InnoDB: Your database may be corrupt or you may have copied the InnoDB tablespace but not the InnoDB log files. Please refer to https://mariadb.com/kb/en/library/innodb-recovery-modes/ for information about forcing recovery.
2026-03-27 13:41:15 0 [ERROR] InnoDB: Page [page id: space=0, page number=352] log sequence number 1649325 is in the future! Current system log sequence number 407196.
2026-03-27 13:41:15 0 [ERROR] InnoDB: Your database may be corrupt or you may have copied the InnoDB tablespace but not the InnoDB log files. Please refer to https://mariadb.com/kb/en/library/innodb-recovery-modes/ for information about forcing recovery.
2026-03-27 13:41:15 0 [ERROR] InnoDB: Page [page id: space=0, page number=278] log sequence number 1236052 is in the future! Current system log sequence number 407196.
2026-03-27 13:41:15 0 [ERROR] InnoDB: Your database may be corrupt or you may have copied the InnoDB tablespace but not the InnoDB log files. Please refer to https://mariadb.com/kb/en/library/innodb-recovery-modes/ for information about forcing recovery.
2026-03-27 13:41:15 0 [ERROR] InnoDB: Page [page id: space=0, page number=413] log sequence number 1236052 is in the future! Current system log sequence number 407196.
2026-03-27 13:41:15 0 [ERROR] InnoDB: Your database may be corrupt or you may have copied the InnoDB tablespace but not the InnoDB log files. Please refer to https://mariadb.com/kb/en/library/innodb-recovery-modes/ for information about forcing recovery.
2026-03-27 13:41:15 0 [ERROR] InnoDB: Page [page id: space=0, page number=279] log sequence number 1237075 is in the future! Current system log sequence number 407196.
2026-03-27 13:41:15 0 [ERROR] InnoDB: Your database may be corrupt or you may have copied the InnoDB tablespace but not the InnoDB log files. Please refer to https://mariadb.com/kb/en/library/innodb-recovery-modes/ for information about forcing recovery.
2026-03-27 13:41:15 0 [ERROR] InnoDB: Page [page id: space=0, page number=414] log sequence number 1237075 is in the future! Current system log sequence number 407196.
2026-03-27 13:41:15 0 [ERROR] InnoDB: Your database may be corrupt or you may have copied the InnoDB tablespace but not the InnoDB log files. Please refer to https://mariadb.com/kb/en/library/innodb-recovery-modes/ for information about forcing recovery.
2026-03-27 13:41:15 0 [ERROR] InnoDB: Page [page id: space=0, page number=280] log sequence number 1237119 is in the future! Current system log sequence number 407196.
2026-03-27 13:41:15 0 [ERROR] InnoDB: Your database may be corrupt or you may have copied the InnoDB tablespace but not the InnoDB log files. Please refer to https://mariadb.com/kb/en/library/innodb-recovery-modes/ for information about forcing recovery.
2026-03-27 13:41:15 0 [ERROR] InnoDB: Page [page id: space=0, page number=415] log sequence number 1237119 is in the future! Current system log sequence number 407196.
2026-03-27 13:41:15 0 [ERROR] InnoDB: Your database may be corrupt or you may have copied the InnoDB tablespace but not the InnoDB log files. Please refer to https://mariadb.com/kb/en/library/innodb-recovery-modes/ for information about forcing recovery.
2026-03-27 13:41:15 0 [ERROR] InnoDB: Page [page id: space=0, page number=281] log sequence number 1266772 is in the future! Current system log sequence number 407196.
2026-03-27 13:41:15 0 [ERROR] InnoDB: Your database may be corrupt or you may have copied the InnoDB tablespace but not the InnoDB log files. Please refer to https://mariadb.com/kb/en/library/innodb-recovery-modes/ for information about forcing recovery.
2026-03-27 13:41:15 0 [ERROR] InnoDB: Page [page id: space=0, page number=416] log sequence number 1266772 is in the future! Current system log sequence number 407196.
2026-03-27 13:41:15 0 [ERROR] InnoDB: Your database may be corrupt or you may have copied the InnoDB tablespace but not the InnoDB log files. Please refer to https://mariadb.com/kb/en/library/innodb-recovery-modes/ for information about forcing recovery.
2026-03-27 13:41:15 0 [ERROR] InnoDB: Page [page id: space=0, page number=282] log sequence number 1266816 is in the future! Current system log sequence number 407196.
2026-03-27 13:41:15 0 [ERROR] InnoDB: Your database may be corrupt or you may have copied the InnoDB tablespace but not the InnoDB log files. Please refer to https://mariadb.com/kb/en/library/innodb-recovery-modes/ for information about forcing recovery.
2026-03-27 13:41:15 0 [ERROR] InnoDB: Page [page id: space=0, page number=417] log sequence number 1266816 is in the future! Current system log sequence number 407196.
2026-03-27 13:41:15 0 [ERROR] InnoDB: Your database may be corrupt or you may have copied the InnoDB tablespace but not the InnoDB log files. Please refer to https://mariadb.com/kb/en/library/innodb-recovery-modes/ for information about forcing recovery.
2026-03-27 13:41:15 0 [ERROR] InnoDB: Page [page id: space=0, page number=283] log sequence number 1266860 is in the future! Current system log sequence number 407196.
2026-03-27 13:41:15 0 [ERROR] InnoDB: Your database may be corrupt or you may have copied the InnoDB tablespace but not the InnoDB log files. Please refer to https://mariadb.com/kb/en/library/innodb-recovery-modes/ for information about forcing recovery.
2026-03-27 13:41:15 0 [ERROR] InnoDB: Page [page id: space=0, page number=418] log sequence number 1266860 is in the future! Current system log sequence number 407196.
2026-03-27 13:41:15 0 [ERROR] InnoDB: Your database may be corrupt or you may have copied the InnoDB tablespace but not the InnoDB log files. Please refer to https://mariadb.com/kb/en/library/innodb-recovery-modes/ for information about forcing recovery.
2026-03-27 13:41:15 0 [ERROR] InnoDB: Page [page id: space=0, page number=284] log sequence number 1266904 is in the future! Current system log sequence number 407196.
2026-03-27 13:41:15 0 [ERROR] InnoDB: Your database may be corrupt or you may have copied the InnoDB tablespace but not the InnoDB log files. Please refer to https://mariadb.com/kb/en/library/innodb-recovery-modes/ for information about forcing recovery.
2026-03-27 13:41:15 0 [ERROR] InnoDB: Page [page id: space=0, page number=419] log sequence number 1266904 is in the future! Current system log sequence number 407196.
2026-03-27 13:41:15 0 [ERROR] InnoDB: Your database may be corrupt or you may have copied the InnoDB tablespace but not the InnoDB log files. Please refer to https://mariadb.com/kb/en/library/innodb-recovery-modes/ for information about forcing recovery.
2026-03-27 13:41:15 0 [ERROR] InnoDB: Page [page id: space=0, page number=285] log sequence number 1267010 is in the future! Current system log sequence number 407196.
2026-03-27 13:41:15 0 [ERROR] InnoDB: Your database may be corrupt or you may have copied the InnoDB tablespace but not the InnoDB log files. Please refer to https://mariadb.com/kb/en/library/innodb-recovery-modes/ for information about forcing recovery.
2026-03-27 13:41:15 0 [ERROR] InnoDB: Page [page id: space=0, page number=286] log sequence number 1267054 is in the future! Current system log sequence number 407196.
2026-03-27 13:41:15 0 [ERROR] InnoDB: Your database may be corrupt or you may have copied the InnoDB tablespace but not the InnoDB log files. Please refer to https://mariadb.com/kb/en/library/innodb-recovery-modes/ for information about forcing recovery.
2026-03-27 13:41:15 0 [ERROR] InnoDB: Page [page id: space=0, page number=421] log sequence number 1267054 is in the future! Current system log sequence number 407196.
2026-03-27 13:41:15 0 [ERROR] InnoDB: Your database may be corrupt or you may have copied the InnoDB tablespace but not the InnoDB log files. Please refer to https://mariadb.com/kb/en/library/innodb-recovery-modes/ for information about forcing recovery.
2026-03-27 13:41:15 0 [ERROR] InnoDB: Page [page id: space=0, page number=287] log sequence number 1267098 is in the future! Current system log sequence number 407196.
2026-03-27 13:41:15 0 [ERROR] InnoDB: Your database may be corrupt or you may have copied the InnoDB tablespace but not the InnoDB log files. Please refer to https://mariadb.com/kb/en/library/innodb-recovery-modes/ for information about forcing recovery.
2026-03-27 13:41:15 0 [ERROR] InnoDB: Page [page id: space=0, page number=422] log sequence number 1267098 is in the future! Current system log sequence number 407196.
2026-03-27 13:41:15 0 [ERROR] InnoDB: Your database may be corrupt or you may have copied the InnoDB tablespace but not the InnoDB log files. Please refer to https://mariadb.com/kb/en/library/innodb-recovery-modes/ for information about forcing recovery.
2026-03-27 13:41:15 0 [ERROR] InnoDB: Page [page id: space=0, page number=288] log sequence number 1267220 is in the future! Current system log sequence number 407196.
2026-03-27 13:41:15 0 [ERROR] InnoDB: Your database may be corrupt or you may have copied the InnoDB tablespace but not the InnoDB log files. Please refer to https://mariadb.com/kb/en/library/innodb-recovery-modes/ for information about forcing recovery.
2026-03-27 13:41:15 0 [ERROR] InnoDB: Page [page id: space=0, page number=289] log sequence number 1267264 is in the future! Current system log sequence number 407196.
2026-03-27 13:41:15 0 [ERROR] InnoDB: Your database may be corrupt or you may have copied the InnoDB tablespace but not the InnoDB log files. Please refer to https://mariadb.com/kb/en/library/innodb-recovery-modes/ for information about forcing recovery.
2026-03-27 13:41:15 0 [ERROR] InnoDB: Page [page id: space=0, page number=424] log sequence number 1267264 is in the future! Current system log sequence number 407196.
2026-03-27 13:41:15 0 [ERROR] InnoDB: Your database may be corrupt or you may have copied the InnoDB tablespace but not the InnoDB log files. Please refer to https://mariadb.com/kb/en/library/innodb-recovery-modes/ for information about forcing recovery.
2026-03-27 13:41:15 0 [ERROR] InnoDB: Page [page id: space=0, page number=290] log sequence number 1267308 is in the future! Current system log sequence number 407196.
2026-03-27 13:41:15 0 [ERROR] InnoDB: Your database may be corrupt or you may have copied the InnoDB tablespace but not the InnoDB log files. Please refer to https://mariadb.com/kb/en/library/innodb-recovery-modes/ for information about forcing recovery.
2026-03-27 13:41:15 0 [ERROR] InnoDB: Page [page id: space=0, page number=425] log sequence number 1267308 is in the future! Current system log sequence number 407196.
2026-03-27 13:41:15 0 [ERROR] InnoDB: Your database may be corrupt or you may have copied the InnoDB tablespace but not the InnoDB log files. Please refer to https://mariadb.com/kb/en/library/innodb-recovery-modes/ for information about forcing recovery.
2026-03-27 13:41:15 0 [ERROR] InnoDB: Page [page id: space=0, page number=291] log sequence number 1267352 is in the future! Current system log sequence number 407196.
2026-03-27 13:41:15 0 [ERROR] InnoDB: Your database may be corrupt or you may have copied the InnoDB tablespace but not the InnoDB log files. Please refer to https://mariadb.com/kb/en/library/innodb-recovery-modes/ for information about forcing recovery.
2026-03-27 13:41:15 0 [ERROR] InnoDB: Page [page id: space=0, page number=337] log sequence number 1267352 is in the future! Current system log sequence number 407196.
2026-03-27 13:41:15 0 [ERROR] InnoDB: Your database may be corrupt or you may have copied the InnoDB tablespace but not the InnoDB log files. Please refer to https://mariadb.com/kb/en/library/innodb-recovery-modes/ for information about forcing recovery.
2026-03-27 13:41:15 0 [ERROR] InnoDB: Page [page id: space=0, page number=292] log sequence number 1267396 is in the future! Current system log sequence number 407196.
2026-03-27 13:41:15 0 [ERROR] InnoDB: Your database may be corrupt or you may have copied the InnoDB tablespace but not the InnoDB log files. Please refer to https://mariadb.com/kb/en/library/innodb-recovery-modes/ for information about forcing recovery.
2026-03-27 13:41:15 0 [ERROR] InnoDB: Page [page id: space=0, page number=427] log sequence number 1267396 is in the future! Current system log sequence number 407196.
2026-03-27 13:41:15 0 [ERROR] InnoDB: Your database may be corrupt or you may have copied the InnoDB tablespace but not the InnoDB log files. Please refer to https://mariadb.com/kb/en/library/innodb-recovery-modes/ for information about forcing recovery.
2026-03-27 13:41:15 0 [ERROR] InnoDB: Page [page id: space=0, page number=293] log sequence number 1267440 is in the future! Current system log sequence number 407196.
2026-03-27 13:41:15 0 [ERROR] InnoDB: Your database may be corrupt or you may have copied the InnoDB tablespace but not the InnoDB log files. Please refer to https://mariadb.com/kb/en/library/innodb-recovery-modes/ for information about forcing recovery.
2026-03-27 13:41:15 0 [ERROR] InnoDB: Page [page id: space=0, page number=428] log sequence number 1267440 is in the future! Current system log sequence number 407196.
2026-03-27 13:41:15 0 [ERROR] InnoDB: Your database may be corrupt or you may have copied the InnoDB tablespace but not the InnoDB log files. Please refer to https://mariadb.com/kb/en/library/innodb-recovery-modes/ for information about forcing recovery.
2026-03-27 13:41:15 0 [ERROR] InnoDB: Page [page id: space=0, page number=294] log sequence number 1267484 is in the future! Current system log sequence number 407196.
2026-03-27 13:41:15 0 [ERROR] InnoDB: Your database may be corrupt or you may have copied the InnoDB tablespace but not the InnoDB log files. Please refer to https://mariadb.com/kb/en/library/innodb-recovery-modes/ for information about forcing recovery.
2026-03-27 13:41:15 0 [ERROR] InnoDB: Page [page id: space=0, page number=429] log sequence number 1267484 is in the future! Current system log sequence number 407196.
2026-03-27 13:41:15 0 [ERROR] InnoDB: Your database may be corrupt or you may have copied the InnoDB tablespace but not the InnoDB log files. Please refer to https://mariadb.com/kb/en/library/innodb-recovery-modes/ for information about forcing recovery.
2026-03-27 13:41:15 0 [ERROR] InnoDB: Page [page id: space=0, page number=295] log sequence number 1267528 is in the future! Current system log sequence number 407196.
2026-03-27 13:41:15 0 [ERROR] InnoDB: Your database may be corrupt or you may have copied the InnoDB tablespace but not the InnoDB log files. Please refer to https://mariadb.com/kb/en/library/innodb-recovery-modes/ for information about forcing recovery.
2026-03-27 13:41:15 0 [ERROR] InnoDB: Page [page id: space=0, page number=430] log sequence number 1267528 is in the future! Current system log sequence number 407196.
2026-03-27 13:41:15 0 [ERROR] InnoDB: Your database may be corrupt or you may have copied the InnoDB tablespace but not the InnoDB log files. Please refer to https://mariadb.com/kb/en/library/innodb-recovery-modes/ for information about forcing recovery.
2026-03-27 13:41:15 0 [ERROR] InnoDB: Page [page id: space=0, page number=296] log sequence number 1267572 is in the future! Current system log sequence number 407196.
2026-03-27 13:41:15 0 [ERROR] InnoDB: Your database may be corrupt or you may have copied the InnoDB tablespace but not the InnoDB log files. Please refer to https://mariadb.com/kb/en/library/innodb-recovery-modes/ for information about forcing recovery.
2026-03-27 13:41:15 0 [ERROR] InnoDB: Page [page id: space=0, page number=431] log sequence number 1267572 is in the future! Current system log sequence number 407196.
2026-03-27 13:41:15 0 [ERROR] InnoDB: Your database may be corrupt or you may have copied the InnoDB tablespace but not the InnoDB log files. Please refer to https://mariadb.com/kb/en/library/innodb-recovery-modes/ for information about forcing recovery.
2026-03-27 13:41:15 0 [ERROR] InnoDB: Page [page id: space=0, page number=297] log sequence number 1280930 is in the future! Current system log sequence number 407196.
2026-03-27 13:41:15 0 [ERROR] InnoDB: Your database may be corrupt or you may have copied the InnoDB tablespace but not the InnoDB log files. Please refer to https://mariadb.com/kb/en/library/innodb-recovery-modes/ for information about forcing recovery.
2026-03-27 13:41:15 0 [ERROR] InnoDB: Page [page id: space=0, page number=380] log sequence number 1280930 is in the future! Current system log sequence number 407196.
2026-03-27 13:41:15 0 [ERROR] InnoDB: Your database may be corrupt or you may have copied the InnoDB tablespace but not the InnoDB log files. Please refer to https://mariadb.com/kb/en/library/innodb-recovery-modes/ for information about forcing recovery.
2026-03-27 13:41:15 0 [ERROR] InnoDB: Page [page id: space=0, page number=298] log sequence number 1280974 is in the future! Current system log sequence number 407196.
2026-03-27 13:41:15 0 [ERROR] InnoDB: Your database may be corrupt or you may have copied the InnoDB tablespace but not the InnoDB log files. Please refer to https://mariadb.com/kb/en/library/innodb-recovery-modes/ for information about forcing recovery.
2026-03-27 13:41:15 0 [ERROR] InnoDB: Page [page id: space=0, page number=433] log sequence number 1280974 is in the future! Current system log sequence number 407196.
2026-03-27 13:41:15 0 [ERROR] InnoDB: Your database may be corrupt or you may have copied the InnoDB tablespace but not the InnoDB log files. Please refer to https://mariadb.com/kb/en/library/innodb-recovery-modes/ for information about forcing recovery.
2026-03-27 13:41:15 0 [ERROR] InnoDB: Page [page id: space=0, page number=299] log sequence number 1281018 is in the future! Current system log sequence number 407196.
2026-03-27 13:41:15 0 [ERROR] InnoDB: Your database may be corrupt or you may have copied the InnoDB tablespace but not the InnoDB log files. Please refer to https://mariadb.com/kb/en/library/innodb-recovery-modes/ for information about forcing recovery.
2026-03-27 13:41:15 0 [ERROR] InnoDB: Page [page id: space=0, page number=434] log sequence number 1281018 is in the future! Current system log sequence number 407196.
2026-03-27 13:41:15 0 [ERROR] InnoDB: Your database may be corrupt or you may have copied the InnoDB tablespace but not the InnoDB log files. Please refer to https://mariadb.com/kb/en/library/innodb-recovery-modes/ for information about forcing recovery.
2026-03-27 13:41:15 0 [ERROR] InnoDB: Page [page id: space=0, page number=300] log sequence number 1281078 is in the future! Current system log sequence number 407196.
2026-03-27 13:41:15 0 [ERROR] InnoDB: Your database may be corrupt or you may have copied the InnoDB tablespace but not the InnoDB log files. Please refer to https://mariadb.com/kb/en/library/innodb-recovery-modes/ for information about forcing recovery.
2026-03-27 13:41:15 0 [ERROR] InnoDB: Page [page id: space=0, page number=435] log sequence number 1281078 is in the future! Current system log sequence number 407196.
2026-03-27 13:41:15 0 [ERROR] InnoDB: Your database may be corrupt or you may have copied the InnoDB tablespace but not the InnoDB log files. Please refer to https://mariadb.com/kb/en/library/innodb-recovery-modes/ for information about forcing recovery.
2026-03-27 13:41:15 0 [ERROR] InnoDB: Page [page id: space=0, page number=10] log sequence number 4947534 is in the future! Current system log sequence number 407196.
2026-03-27 13:41:15 0 [ERROR] InnoDB: Your database may be corrupt or you may have copied the InnoDB tablespace but not the InnoDB log files. Please refer to https://mariadb.com/kb/en/library/innodb-recovery-modes/ for information about forcing recovery.
2026-03-27 13:41:15 0 [ERROR] InnoDB: Page [page id: space=0, page number=439] log sequence number 4947534 is in the future! Current system log sequence number 407196.
2026-03-27 13:41:15 0 [ERROR] InnoDB: Your database may be corrupt or you may have copied the InnoDB tablespace but not the InnoDB log files. Please refer to https://mariadb.com/kb/en/library/innodb-recovery-modes/ for information about forcing recovery.
2026-03-27 13:41:15 0 [ERROR] InnoDB: Operating system error number 3 in a file operation.
2026-03-27 13:41:15 0 [ERROR] InnoDB: The error means the system cannot find the path specified.
2026-03-27 13:41:15 0 [ERROR] InnoDB: If you are installing InnoDB, remember that you must create directories yourself, InnoDB does not create them.
2026-03-27 13:41:15 0 [ERROR] InnoDB: Cannot open datafile for read-only: '.\mydb\sathwik.ibd' OS error: 203
2026-03-27 13:41:15 0 [ERROR] InnoDB: Operating system error number 203 in a file operation.
2026-03-27 13:41:15 0 [Note] InnoDB: Some operating system error numbers are described at https://mariadb.com/kb/en/library/operating-system-error-codes/
2026-03-27 13:41:15 0 [ERROR] InnoDB: Could not find a valid tablespace file for ``mydb`.`sathwik``. Please refer to https://mariadb.com/kb/en/innodb-data-dictionary-troubleshooting/ for how to resolve the issue.
2026-03-27 13:41:15 0 [Warning] InnoDB: Ignoring tablespace for `mydb`.`sathwik` because it could not be opened.
2026-03-27 13:41:15 0 [Note] InnoDB: 128 out of 128 rollback segments are active.
2026-03-27 13:41:15 0 [Note] InnoDB: Removed temporary tablespace data file: "ibtmp1"
2026-03-27 13:41:15 0 [Note] InnoDB: Creating shared tablespace for temporary tables
2026-03-27 13:41:15 0 [Note] InnoDB: Setting file 'C:\xampp\mysql\data\ibtmp1' size to 12 MB. Physically writing the file full; Please wait ...
2026-03-27 13:41:15 0 [Note] InnoDB: File 'C:\xampp\mysql\data\ibtmp1' size is now 12 MB.
2026-03-27 13:41:15 0 [Note] InnoDB: Waiting for purge to start
2026-03-27 13:41:15 2 [ERROR] InnoDB: Page [page id: space=58, page number=0] log sequence number 3562340 is in the future! Current system log sequence number 407196.
2026-03-27 13:41:15 2 [ERROR] InnoDB: Your database may be corrupt or you may have copied the InnoDB tablespace but not the InnoDB log files. Please refer to https://mariadb.com/kb/en/library/innodb-recovery-modes/ for information about forcing recovery.
2026-03-27 13:41:15 2 [ERROR] InnoDB: Page [page id: space=58, page number=1] log sequence number 3562064 is in the future! Current system log sequence number 407196.
2026-03-27 13:41:15 2 [ERROR] InnoDB: Your database may be corrupt or you may have copied the InnoDB tablespace but not the InnoDB log files. Please refer to https://mariadb.com/kb/en/library/innodb-recovery-modes/ for information about forcing recovery.
2026-03-27 13:41:15 1 [ERROR] InnoDB: Page [page id: space=49, page number=0] log sequence number 2153917 is in the future! Current system log sequence number 407196.
2026-03-27 13:41:15 1 [ERROR] InnoDB: Your database may be corrupt or you may have copied the InnoDB tablespace but not the InnoDB log files. Please refer to https://mariadb.com/kb/en/library/innodb-recovery-modes/ for information about forcing recovery.
2026-03-27 13:41:15 1 [ERROR] InnoDB: Page [page id: space=63, page number=0] log sequence number 473319 is in the future! Current system log sequence number 407196.
2026-03-27 13:41:15 1 [ERROR] InnoDB: Your database may be corrupt or you may have copied the InnoDB tablespace but not the InnoDB log files. Please refer to https://mariadb.com/kb/en/library/innodb-recovery-modes/ for information about forcing recovery.
2026-03-27 13:41:15 1 [ERROR] InnoDB: Page [page id: space=63, page number=3] log sequence number 1046484 is in the future! Current system log sequence number 407196.
2026-03-27 13:41:15 1 [ERROR] InnoDB: Your database may be corrupt or you may have copied the InnoDB tablespace but not the InnoDB log files. Please refer to https://mariadb.com/kb/en/library/innodb-recovery-modes/ for information about forcing recovery.
2026-03-27 13:41:15 1 [ERROR] InnoDB: Page [page id: space=63, page number=1] log sequence number 473027 is in the future! Current system log sequence number 407196.
2026-03-27 13:41:15 1 [ERROR] InnoDB: Your database may be corrupt or you may have copied the InnoDB tablespace but not the InnoDB log files. Please refer to https://mariadb.com/kb/en/library/innodb-recovery-modes/ for information about forcing recovery.
2026-03-27 13:41:15 1 [ERROR] InnoDB: Page [page id: space=54, page number=0] log sequence number 2177401 is in the future! Current system log sequence number 407196.
2026-03-27 13:41:15 1 [ERROR] InnoDB: Your database may be corrupt or you may have copied the InnoDB tablespace but not the InnoDB log files. Please refer to https://mariadb.com/kb/en/library/innodb-recovery-modes/ for information about forcing recovery.
2026-03-27 13:41:15 1 [ERROR] InnoDB: Page [page id: space=54, page number=3] log sequence number 1041053 is in the future! Current system log sequence number 407196.
2026-03-27 13:41:15 1 [ERROR] InnoDB: Your database may be corrupt or you may have copied the InnoDB tablespace but not the InnoDB log files. Please refer to https://mariadb.com/kb/en/library/innodb-recovery-modes/ for information about forcing recovery.
2026-03-27 13:41:15 1 [ERROR] InnoDB: Page [page id: space=54, page number=1] log sequence number 2177125 is in the future! Current system log sequence number 407196.
2026-03-27 13:41:15 1 [ERROR] InnoDB: Your database may be corrupt or you may have copied the InnoDB tablespace but not the InnoDB log files. Please refer to https://mariadb.com/kb/en/library/innodb-recovery-modes/ for information about forcing recovery.
2026-03-27 13:41:15 1 [ERROR] InnoDB: Page [page id: space=61, page number=0] log sequence number 4949561 is in the future! Current system log sequence number 407196.
2026-03-27 13:41:15 1 [ERROR] InnoDB: Your database may be corrupt or you may have copied the InnoDB tablespace but not the InnoDB log files. Please refer to https://mariadb.com/kb/en/library/innodb-recovery-modes/ for information about forcing recovery.
2026-03-27 13:41:15 1 [ERROR] InnoDB: Page [page id: space=61, page number=3] log sequence number 1139755 is in the future! Current system log sequence number 407196.
2026-03-27 13:41:15 1 [ERROR] InnoDB: Your database may be corrupt or you may have copied the InnoDB tablespace but not the InnoDB log files. Please refer to https://mariadb.com/kb/en/library/innodb-recovery-modes/ for information about forcing recovery.
2026-03-27 13:41:15 1 [ERROR] InnoDB: Page [page id: space=61, page number=1] log sequence number 4949269 is in the future! Current system log sequence number 407196.
2026-03-27 13:41:15 1 [ERROR] InnoDB: Your database may be corrupt or you may have copied the InnoDB tablespace but not the InnoDB log files. Please refer to https://mariadb.com/kb/en/library/innodb-recovery-modes/ for information about forcing recovery.
2026-03-27 13:41:15 1 [ERROR] InnoDB: Page [page id: space=55, page number=0] log sequence number 2211462 is in the future! Current system log sequence number 407196.
2026-03-27 13:41:15 1 [ERROR] InnoDB: Your database may be corrupt or you may have copied the InnoDB tablespace but not the InnoDB log files. Please refer to https://mariadb.com/kb/en/library/innodb-recovery-modes/ for information about forcing recovery.
2026-03-27 13:41:15 1 [ERROR] InnoDB: Page [page id: space=55, page number=3] log sequence number 1006971 is in the future! Current system log sequence number 407196.
2026-03-27 13:41:15 1 [ERROR] InnoDB: Your database may be corrupt or you may have copied the InnoDB tablespace but not the InnoDB log files. Please refer to https://mariadb.com/kb/en/library/innodb-recovery-modes/ for information about forcing recovery.
2026-03-27 13:41:15 1 [ERROR] InnoDB: Page [page id: space=55, page number=1] log sequence number 2211170 is in the future! Current system log sequence number 407196.
2026-03-27 13:41:15 1 [ERROR] InnoDB: Your database may be corrupt or you may have copied the InnoDB tablespace but not the InnoDB log files. Please refer to https://mariadb.com/kb/en/library/innodb-recovery-modes/ for information about forcing recovery.
2026-03-27 13:41:15 1 [ERROR] InnoDB: Page [page id: space=56, page number=0] log sequence number 2219567 is in the future! Current system log sequence number 407196.
2026-03-27 13:41:15 1 [ERROR] InnoDB: Your database may be corrupt or you may have copied the InnoDB tablespace but not the InnoDB log files. Please refer to https://mariadb.com/kb/en/library/innodb-recovery-modes/ for information about forcing recovery.
2026-03-27 13:41:15 1 [ERROR] InnoDB: Page [page id: space=56, page number=3] log sequence number 1644929 is in the future! Current system log sequence number 407196.
2026-03-27 13:41:15 1 [ERROR] InnoDB: Your database may be corrupt or you may have copied the InnoDB tablespace but not the InnoDB log files. Please refer to https://mariadb.com/kb/en/library/innodb-recovery-modes/ for information about forcing recovery.
2026-03-27 13:41:15 1 [ERROR] InnoDB: Page [page id: space=56, page number=1] log sequence number 2219275 is in the future! Current system log sequence number 407196.
2026-03-27 13:41:15 1 [ERROR] InnoDB: Your database may be corrupt or you may have copied the InnoDB tablespace but not the InnoDB log files. Please refer to https://mariadb.com/kb/en/library/innodb-recovery-modes/ for information about forcing recovery.
2026-03-27 13:41:15 1 [ERROR] InnoDB: Page [page id: space=62, page number=0] log sequence number 520086 is in the future! Current system log sequence number 407196.
2026-03-27 13:41:15 1 [ERROR] InnoDB: Your database may be corrupt or you may have copied the InnoDB tablespace but not the InnoDB log files. Please refer to https://mariadb.com/kb/en/library/innodb-recovery-modes/ for information about forcing recovery.
2026-03-27 13:41:15 1 [ERROR] InnoDB: Page [page id: space=62, page number=1] log sequence number 519810 is in the future! Current system log sequence number 407196.
2026-03-27 13:41:15 1 [ERROR] InnoDB: Your database may be corrupt or you may have copied the InnoDB tablespace but not the InnoDB log files. Please refer to https://mariadb.com/kb/en/library/innodb-recovery-modes/ for information about forcing recovery.
2026-03-27 13:41:15 1 [ERROR] InnoDB: Page [page id: space=53, page number=1] log sequence number 2171442 is in the future! Current system log sequence number 407196.
2026-03-27 13:41:15 1 [ERROR] InnoDB: Your database may be corrupt or you may have copied the InnoDB tablespace but not the InnoDB log files. Please refer to https://mariadb.com/kb/en/library/innodb-recovery-modes/ for information about forcing recovery.
2026-03-27 13:41:15 1 [ERROR] InnoDB: Page [page id: space=60, page number=0] log sequence number 4896124 is in the future! Current system log sequence number 407196.
2026-03-27 13:41:15 1 [ERROR] InnoDB: Your database may be corrupt or you may have copied the InnoDB tablespace but not the InnoDB log files. Please refer to https://mariadb.com/kb/en/library/innodb-recovery-modes/ for information about forcing recovery.
2026-03-27 13:41:15 1 [ERROR] InnoDB: Page [page id: space=60, page number=3] log sequence number 1011928 is in the future! Current system log sequence number 407196.
2026-03-27 13:41:15 1 [ERROR] InnoDB: Your database may be corrupt or you may have copied the InnoDB tablespace but not the InnoDB log files. Please refer to https://mariadb.com/kb/en/library/innodb-recovery-modes/ for information about forcing recovery.
2026-03-27 13:41:15 1 [ERROR] InnoDB: Page [page id: space=60, page number=1] log sequence number 4895848 is in the future! Current system log sequence number 407196.
2026-03-27 13:41:15 1 [ERROR] InnoDB: Your database may be corrupt or you may have copied the InnoDB tablespace but not the InnoDB log files. Please refer to https://mariadb.com/kb/en/library/innodb-recovery-modes/ for information about forcing recovery.
2026-03-27 13:41:15 0 [Note] InnoDB: 10.4.32 started; log sequence number 407187; transaction id 5723
2026-03-27 13:41:15 0 [Note] InnoDB: Loading buffer pool(s) from C:\xampp\mysql\data\ib_buffer_pool
2026-03-27 13:41:15 0 [Note] Plugin 'FEEDBACK' is disabled.
2026-03-27 13:41:15 0 [Note] Server socket created on IP: '::'.
2026-03-27 13:41:15 0 [Note] InnoDB: Buffer pool(s) load completed at 26